symID,symptom
1,唇干舌燥
2,胎儿单臂先露
3,肩胛骨突出
4,指（趾）甲颜色改变
5,脚趾皮肤黄泡后紫黑
6,膝内翻
7,闭经
8,智力发育迟缓
9,疤痕处破损后出现溃疡
10,梦幻觉
11,毛囊性呈鳞片状角化
12,听力下降
13,胆碱能危象
14,股前外侧麻木、蚁行感
15,被害妄想
16,体内水钠潴留
17,黄色结节
18,口唇发黄
19,反复发作性头痛
20,白带
21,劳累后遗精
22,产褥期恶露
23,耳流脓
24,动脉导管未闭
25,皮肤发红
26,拒食
27,手表皮深处的水疱
28,肾病性浮肿面容
29,紧张性头痛
30,会阴瘘管或窦道形成
31,精索静脉曲张
32,生理性厌食
33,咳嗽伴胸痛
34,干性坐骨神经痛
35,呼气时两颊鼓起和缩唇
36,骶椎腰化
37,喜凉怕热
38,房间隔缺损
39,腕管综合征
40,死骨
41,肝外胆管结石
42,小便不易排空
43,脑占位性病变
44,小便淋漓
45,肺纹理增粗
46,餐后发作性腹痛
47,四肢麻木
48,胫骨结节处的酸痛，肿胀
49,胃粘膜呈萎缩性改变
50,月经量少
51,骨膜炎
52,齿龈增生
53,气促
54,反射性腰痛
55,腹部皮肤出现白纹、粉红色或紫纹
56,翻身困难
57,颧骨额骨下陷
58,指甲有红色或黑色斑点
59,阑尾穿孔
60,表皮全层坏死及
61,喜讲秽语
62,左上腹痛
63,尾骶部疼痛
64,中心性钙化
65,中毒性巨结肠
66,大腿外侧痛
67,肺动脉杂音
68,低血糖性低温症
69,镇静、麻醉剂所致昏迷
70,心脏猝死
71,热衰竭
72,凝肩
73,孕妇仰卧位低血压
74,斜视
75,肘部剧烈疼痛，压痛肿胀
76,神疲乏力
77,额部白斑
78,囊肿性痤疮
79,肠粘膜有坏死溃疡
80,指甲上起小细粒
81,指甲呈筒形
82,伴高血压
83,嗜酸细胞增加
84,气管和纵隔移位
85,头颅骨病变
86,胃疼
87,婴儿黑头粉刺
88,成人多动症
89,大便酸臭
90,腭部有黑色焦痂
91,情绪性厌食
92,眼球突出
93,舌苔白润
94,视野缩小
95,异常出血
96,难治性溃疡
97,白带异常
98,血偏酸
99,鼻干
100,强迫俯卧位
101,烧伤后恶心与呕吐
102,肝昏迷
103,腰背酸痛
104,腰椎不稳
105,输精管疼痛
106,不稳定性心绞痛
107,空腹低血糖
108,阴部灼热
109,体内湿热
110,脂肪瘤
111,鼻痒
112,椎间盘退行性变
113,搭肩试验阳性
114,非对称性关节痛
115,宫颈软
116,绿风内障
117,胎动过频
118,头皮坏死
119,三叉神经分布区麻木感
120,中指指甲凹陷
121,双眼Bell现象不对称
122,剧痒
123,妊娠时伴有腹痛的阴道流血
124,颈内动脉创伤性血栓
125,泌尿道破裂
126,前庭反射消失
127,胎儿宫内发育迟缓
128,头跳痛
129,口角生疮
130,气血虚弱
131,钝痛
132,社交恐惧
133,一过性昏厥
134,低血糖症
135,吸气困难
136,呼吸衰竭
137,经期提前
138,神经失用
139,颈性头痛
140,眼睛发红
141,异常鱼鳞癣
142,虹膜异色
143,失钠多于失水且血清钠浓度低
144,肛门短时间阵发性钝痛
145,肛裂溃疡
146,折刀现象
147,视物变形
148,心脏畸形
149,血脂异常
150,血管萎缩性白斑
151,第5指短小弯曲
152,食欲异常
153,局限性肌张力障碍
154,肾异位伴随输尿管异位
155,宫颈水肿
156,抱轮红赤
157,妊娠高血压征
158,虚汗
159,胸痛伴呼吸困难
160,骨及软组织肥大
161,尿道分泌粘液或
162,不明原因发热
163,骨增粗
164,深睡眠症
165,屈腕屈指无力
166,血性胸水
167,眼睛胀痛
168,小脑功能损害
169,思维中断
170,脓浊带下
171,干啰音
172,羊膜腔感染
173,脑灰质移位
174,鼻粘膜溃疡和萎缩
175,呼吸异常
176,先天性无子宫
177,尿液呈黑色
178,嗓音粗
179,鸡眼
180,虹膜表面形成灰白色肿瘤结节
181,骨蒸潮热
182,脐周脓性分泌物较多
183,肾上腺中毒
184,肾前性肾功能不全
185,低射血分数
186,梅毒性脱发
187,手震颤
188,SM累积量升高
189,肩带肌、上肢和
190,鼻孔外露
191,肩背颈项痛
192,睡觉时突然抽搐一下
193,情绪性哮喘
194,胃肠动力差
195,数目较多的咖啡牛奶斑
196,肺栓塞
197,淋巴结退化
198,闭经-乳溢-不育三联征
199,产道裂伤
200,颅缝裂开
201,肠镜
202,足不能跖屈和内翻
203,刷牙时恶心
204,骨囊肿
205,烫伤
206,胆囊收缩功能不良
207,髋关节发育不良
208,细胞酶活性异常
209,非感染性发热
210,髌后捻发音
211,摇摆步态
212,鳞状细胞化生
213,男型骨盆
214,涩脉
215,宫颈黏液脓性分泌物
216,手凉
217,房性逸搏心律加速
218,外阴压痛
219,尿常规异常
220,咳血
221,滑脉
222,胸腹壁浅在条索伴疼痛或牵扯痛
223,睫毛掉落
224,睾丸胀痛
225,心律失常
226,腹股沟淋巴结肿大
227,角膜树枝状改变
228,急性胃痛
229,夏季痒疹
230,烂桃样血痰
231,淀粉样变性
232,强迫性神经官能症
233,肩胛带肌肉萎缩
234,鼻粘膜肿胀
235,阴道不规则出血
236,强迫性联想
237,结痂
238,髌骨劳损
239,角膜有菌苔或溃疡
240,淋巴发育不全
241,肛管括约肌横断
242,手术创伤
243,音调韵律的异常
244,主动脉和肺动脉影偏小
245,迁徙性浅静脉血栓形成
246,食欲减退
247,失音
248,咽喉不利
249,乳房肥大
250,维生素B族缺乏
251,面容失认
252,面色灰暗
253,鼻子黄色或棕色
254,贲门弛缓
255,绝经后子宫内膜增厚
256,四肢呈对称性下运动神经元性瘫痪
257,鼻中隔向一侧或
258,盆腔沉重感
259,无名指指甲凹陷
260,胃嵌顿
261,感觉过度
262,步态不稳
263,脑白质脱髓鞘
264,小腿腓部肌肉疼痛和压痛
265,胎儿不完全臀先露
266,胆道闭锁
267,血流迟缓
268,痉笑面容
269,充血
270,思考困难感
271,类戒断反应
272,长骨肿胀疼痛
273,关节面不规则硬化
274,骶髂部剧烈疼痛
275,尾部中线有细小
276,咳出带臭味的干痂
277,颈部怕前屈，怕仰伸
278,电解质紊乱
279,假笑
280,药物性水肿
281,假性宫缩
282,青光眼斑
283,肘部扭伤
284,下背部僵硬和疼痛
285,虹膜表面形成灰
286,肾小球有病理形态改变
287,眼球不能随意动
288,肝细胞坏死
289,血精
290,风团
291,拇指征
292,丘疹性痤疮
293,出血性丘疹
294,唇外翻
295,尿流呈波动状
296,屈性截瘫
297,味觉减退
298,晕厥预兆
299,颈部有擦伤痕迹或肿胀
300,乳酸蓄积过多
301,拇、食、中三指
302,泛恶欲吐
303,肌痛
304,新生儿喉喘鸣
305,尿失禁
306,甲亢面容
307,胃肠感冒
308,窦房结病变
309,眼睑异物
310,气道和食管之间的瘘管
311,写字或拿小物品困难
312,皮肤坏死
313,臂丛神经受累
314,肝下垂
315,皮温降低
316,过早丧失咀嚼功能
317,广泛红斑浸润损害伴有脱屑
318,新生儿少吃
319,血清睾酮浓度明显升高
320,自发性流产
321,尿道流出分泌物
322,继发性视神经萎缩
323,嗅觉丧失
324,瘀血
325,口唇严重充血呈红色
326,鼻孔闭锁
327,宫颈肥大
328,排便时间过长
329,产后无乳汁分泌
330,胎漏不止
331,巨阴症
332,眼前黑影
333,持续性肠绞痛
334,双侧下腹坠痛
335,子宫小
336,机械地重复周围人的言语或行为
337,结肠息肉
338,急性宫颈炎
339,肛门括约肌松弛
340,孕妇乏力
341,局部灼热
342,食物过敏
343,色情行为
344,突发的右侧心衰
345,胃肠淋巴回流受阻
346,臀产式
347,卵圆孔闭合不全
348,包皮嵌顿
349,皮肤温度升高
350,上腹部压痛
351,阴茎瘙痒
352,呕恶纳呆
353,两眼干涩
354,带血性分泌物
355,虹膜节段性萎缩
356,过劳死
357,甲状腺扪及光滑
358,脑血管痉挛
359,震水音
360,婴幼儿脐部有肿物突出
361,舌苔薄白
362,烧伤创面苍白或焦黄炭化
363,胃部隐痛
364,马蹄外翻足
365,感觉性共济失调
366,无睾丸
367,肢体重困
368,乳房有数目不等似黄豆的结节
369,静止性震颤
370,缺铁性贫血
371,口唇出血
372,烂眼边
373,鼻中隔或鼻腔内
374,血压偏低
375,眼结膜红
376,腋毛变稀少
377,眼睑肥厚
378,皮肤变薄发亮
379,腹腔积液
380,免疫力下降
381,小腹冷痛
382,咽喉及口内刺痒
383,逆向型房室折返性心动过速
384,进行性消瘦
385,血流动力学障碍
386,脊柱侧弯
387,轻瘫
388,耳痛
389,烧伤创面浅咖啡
390,口干
391,迷恋足部或鞋袜
392,口唇干燥
393,屈曲指
394,粘液性水肿面容
395,宫腔分离
396,劳累时腰部酸痛或胀痛
397,耳廓耳道撕裂伤
398,皮肤瘀斑
399,肺部肿块
400,气急
401,心源性呼吸窘迫
402,妊娠时伴有腹痛
403,胫骨结节处的酸
404,阴茎异常
405,脂肪痢
406,纤维性钙化结节
407,热痉挛
408,耳廓痛
409,动眼神经麻痹
410,闪回
411,啤酒肚
412,甲营养不良
413,咽喉炎
414,纵隔病变
415,病理性听觉适应
416,间歇性胃痛
417,手抽筋
418,头发枯黄稀疏
419,罗圈腿
420,21-羟化酶缺陷症
421,精血衰少
422,黑尿
423,恋毛巾被癖
424,胎盘前置
425,立毛反射减弱
426,腕银叉状畸形
427,大肠黑变
428,气不摄血
429,打喷嚏
430,咽反射亢进
431,牙龈肿痛
432,剧烈运动后呕吐
433,良性反应性改变
434,脐窝内有樱红色
435,眼睑松弛
436,汗闭现象
437,迫害妄想
438,消耗性体重下降
439,牙齿臭
440,无汗腺导管角质护膜分化
441,肠粘连
442,小腿和踝关节周围的紫红色瘀斑
443,乳腺组织肥厚
444,全身消瘦型
445,死精子过多
446,病理性赌博
447,脐周皮肤青紫色斑
448,神经纤维过度生长
449,垂体切除术后昏迷
450,脓液为巧克力色或查到阿米巴原虫
451,入睡障碍性失眠
452,容貌逐渐变得粗笨
453,手脚发麻
454,突发性绞痛
455,肺纹理减少
456,持物不稳
457,打呼噜
458,视神经萎缩
459,胆绞痛
460,腕关节扭挫伤
461,钩骨附近的压痛
462,舌咽神经痛或其他内脏病引起的晕厥
463,弥漫性脐周疼痛
464,双掌猿线出现率
465,恶性贫血
466,桥脑梗塞
467,儿童骨缺损
468,心排血量减少
469,静脉回流障碍
470,口舌生疮
471,肢体或躯干麻木
472,红晕
473,神经痛
474,鼻子颜色苍白
475,红色盲
476,颜面发红紫色
477,房内传导阻滞
478,坐骨大小孔区出现压痛
479,糖激素依赖
480,口腔黏膜脱落
481,依赖公式化
482,手指不能屈伸
483,横结肠移位
484,肝豆状核变性
485,目垢增多
486,背痛
487,原发性痛经
488,脉搏细速
489,子宫性闭经
490,皮质胶质增生
491,囊肿
492,鼻裂
493,肾气虚
494,活动后气促
495,盲肠阿米巴肉芽肿
496,乳晕深部可扪及肿块
497,失血过多后贫血
498,弥漫性腹部骨化
499,鼻塞排出脓性或
500,手上有小水泡
501,口吐白沫
502,牙痛
503,考试综合症
504,捻发音
505,老人便秘
506,女性不孕
507,高腭弓
508,颤抖
509,睡眠呼吸暂停
510,食指半月甲呈粉红色
511,被迫体位
512,颅外头痛
513,咀嚼肌肥大
514,QRS波宽大畸形
515,死胎
516,肠子粘连
517,皮肤湿冷
518,流感样症状
519,刺痛
520,脉细数无力
521,输尿管扩张
522,神志模糊
523,卵泡囊肿
524,真性近视
525,收缩期震颤
526,骨端增大
527,耻区肿块
528,血痂
529,胸膺胀满
530,男性不育
531,眼花
532,产后腹痛
533,紧脉
534,髌骨软化
535,面痛
536,腮颊肿胀
537,肛裂
538,小儿湿疹
539,衰弱
540,病理性钙化
541,额叶癫痫岛盖发作
542,角膜表面三角形胬肉
543,皮肤潮红肿胀
544,咳嗽性晕厥
545,足踝部光滑圆形的包块
546,腹壁广泛性钙质沉着
547,脓血性白带
548,咽喉干燥充血
549,体位性眩晕
550,鼻溢液
551,骨痹
552,屈髋屈膝及外旋畸形
553,肌性肌无力
554,重度烧伤
555,皮炎
556,无嗅脑
557,垂体性闭经
558,吸气时鼻腔阻塞
559,不全流产
560,疥疮
561,异常粗大的舞蹈样动作
562,气虚阳衰
563,肌肉肥大
564,眼睑瘙痒
565,肾部积水现象
566,眉弓疼痛
567,腹壁外侧包块
568,产褥期躁狂状态
569,尿崩
570,颌下腺肿大
571,认识能力缺失
572,毛细血管搏动
573,大脑发育障碍
574,肩节后脱位
575,三尖瓣脱垂
576,骨硬化
577,吐酸
578,睾丸触痛
579,蹒跚步态
580,烧灼性疼痛
581,痰湿停聚
582,胎心率改变
583,喉部有痰
584,粘膜疹
585,类似荨麻疹的皮肤潮红斑块
586,骨内损害
587,颌骨呈“扇形”骨质破坏
588,肢体远端出现腕垂踝垂
589,急性病容
590,浅表淋巴结进行性肿大
591,上颈髓区病变
592,屈光参差性弱视
593,伸舌偏斜
594,高钾血症
595,屈伸不利
596,肝热及胆
597,晨起时颈背部弥漫性剧痛
598,胸锁乳突肌附着处压痛
599,乳白色尿
600,导水管周围受损
601,去首高血压
602,幻听
603,肋间隙变窄
604,枕部疼痛
605,左上腹肿块伴有
606,额头皱纹突然增加
607,骨缝分开
608,蛔虫感染
609,乳汁淤积
610,双相型体温
611,中度昏迷
612,心音微弱
613,婴幼儿抽风
614,瞳孔不对称
615,非怀孕的下腹增大
616,神经官能症状
617,大阴唇或肛门大
618,尿分叉
619,黄色蛋花样稀便
620,一咳嗽胸口就疼
621,虚脉
622,丹毒
623,口角和鼻周出现
624,蛙状鼻
625,急性非化脓性一过性颈淋巴结肿胀
626,血栓后综合征
627,情感高涨
628,颈椎痛
629,正弦胎心率
630,膈膨升
631,发音障碍
632,耻骨联合分离
633,头部及眼后部疼痛并能听到连续不断的隆隆声
634,食管间隙形成肿块
635,感觉分离
636,散脉
637,老年人非病变性眼前飞蚊
638,子宫破裂征象
639,发热伴寒战
640,毛细血管出血
641,脑膜炎
642,肺动脉狭窄
643,晚霞样或夕照样眼底
644,胃纳差
645,肝纤维化
646,气管间隙形成肿块
647,乳头溢出血性或棕色浆液性液体
648,咯血如注
649,舌尖红绛
650,腹泻与便秘交替
651,根据不同医院，收费标准不一致，市三甲医院约（40000--80000元）
652,先兆流产
653,黏液分泌亢进
654,发作后精神障碍
655,性上瘾
656,颌骨发育过度
657,骨痛
658,心慌
659,津亏血燥
660,口苦
661,肌肉酸痛
662,慢性肾衰竭
663,腹部“气串样”肿块
664,腹肌强直
665,肠道功能紊乱
666,睡觉时心跳加快
667,舞蹈病样动作
668,急性肾衰竭
669,膝后肿胀疼痛，
670,多汗恶风
671,气血不通
672,持续颅内杂音
673,睡觉后全身大汗淋漓
674,脸冻伤
675,滴状角膜
676,脓包
677,皮肤白喉
678,食管气管瘘
679,肢端湿冷
680,腕部疼痛
681,稽留热
682,沮丧
683,韧带断裂
684,情绪低落
685,脉数
686,迷走神经张力增高
687,新生儿心力衰竭
688,耳内疼痛
689,手足皲裂
690,伤口结疤
691,新生儿少哭
692,鼓膜发红，耳后红肿
693,餐后血糖过低
694,注意障碍
695,难免流产或不可
696,分娩后甲状腺肿大
697,支气管狭窄
698,排便障碍
699,分裂型人格障碍
700,前囟张力增高
701,尿道口肿块
702,发热伴有腹痛、
703,皮肤冻伤
704,下腹痛
705,鼻黏膜和鼻甲萎缩
706,吞气
707,叹气后舒服
708,骨髓浆细胞增多
709,肛周皮肤潮红
710,盲点
711,足癣
712,皮下脂肪增多
713,等渗尿
714,眼前冒火花或眼前闪光
715,偏盲
716,Moro反应迟钝
717,临产后胎头衔接较晚
718,压力和体位性多汗
719,平卧呼吸困难
720,肌肉撕裂
721,珍珠丘疹
722,下肢淋巴水肿
723,食物误入气道
724,眼球斑点
725,牢脉
726,肺门增宽
727,脉洪而芤
728,结肠黑变
729,强迫性头位
730,消化性溃疡
731,易昏厥
732,角膜瘘
733,颈部皱纹多
734,皮肤老化
735,手腕肿痛及掌屈
736,子宫增大明显（
737,孕妇小腹痛
738,胁肋灼痛
739,肌肉纤维震颤
740,镜面舌
741,脓疱性痤疮
742,关节韧带松弛或肌张力低
743,瘀斑
744,脑细胞脱水
745,妊高征
746,运动损伤
747,强迫观念
748,鼻和喉部灼热感
749,急性贫血
750,咽反射
751,看东西有重影
752,口渴引饮
753,食管壁纤维化
754,产力异常
755,动作样壁
756,胃胀
757,眼距宽阔
758,乳腺随月经出现胀痛
759,先天性铜代谢障碍
760,面色青灰
761,尿酸化异常
762,息肉样损害
763,长头巨脑
764,肘外侧肿痛及功能障碍
765,皮肤呈实质性非
766,新生儿皮肤硬肿
767,口渴喜饮
768,脐窝湿润有臭味
769,第二性征改变
770,上肢及面部血管
771,胰腺外分泌功能不良
772,下腰部疼痛
773,水泡
774,小儿干咳
775,皮肤或粘膜上附
776,结节状息肉样肿块
777,卵巢积液
778,臀沟下垂状跛行步态
779,躁狂与昏睡交替
780,口腔血泡
781,大量皮肤脱屑
782,全身骨骼肌收缩
783,肢体不自主震颤
784,纵膈气肿
785,儿童联想和情感障碍
786,眼色素膜炎
787,耳道流血
788,清晨或上午头痛
789,严重急性呼吸道症
790,库欣综合征
791,气压伤
792,牙移位
793,舞蹈样步态
794,失读
795,鼻孔朝天或鼻孔前倾
796,毛发呈脱发祥
797,颈背部肌肉痉挛
798,血尿伴蛋白尿
799,阴囊下坠
800,心理性性功能障碍
801,新生儿母乳喂养
802,黏液脓性痰
803,情绪起伏大
804,腹满
805,脉搏快而弱
806,脾阳虚
807,骨髓巨核细胞成熟障碍
808,重压感、紧箍感或钳夹样头痛
809,血性渗液
810,心源性水肿
811,皮下结节
812,下肢动作沉重
813,反复肺炎
814,精子活力低
815,产后手指痛
816,口鼻生疮
817,盆腔下垂感
818,乳糖耐受不良
819,感染性发热
820,迎风流泪
821,磨牙后垫红肿
822,胸部透视
823,营养代谢缺乏
824,睁眼困难
825,睑结膜的巨大乳头
826,大小便失禁
827,老年人小腿浮肿
828,耳后淋巴结肿大
829,颅神经损害
830,血清酶学改变
831,突眼症
832,﻿尿等待
833,舌两侧边缘毛状白斑
834,嘴角降肌发育不良
835,绝经期面红
836,肌肉坏死
837,小腿寒冷痠痛
838,肛门有黑色肿块脱出
839,瘤体坚硬
840,单纯骨折
841,腺样体面容
842,反应迟钝
843,椎间隙变化
844,手指或手臂部刺痛及麻木感
845,脂肪代谢障碍
846,体重减轻
847,急性溶血性尿毒综合征
848,胸腰段及腰椎前凸消失
849,间歇性尿蛋白
850,乳食不化
851,临产后俯屈不良
852,肠鸣音消失
853,肺部感染
854,手腕肿痛及掌屈活动受限
855,发热伴眼睛充血
856,肝功能受损
857,慢性房颤
858,阴道闭锁
859,脂肪组织增生肥大
860,囟门闭合晚
861,眼发胀、发干
862,打嗝
863,早饱
864,皮肤上线状排列
865,胫前和足部坚硬的非凹陷性水肿斑块
866,臀部酸痛
867,畏热
868,粪便中查见虫卵
869,母婴ABO血型不合
870,冷球蛋白发生沉
871,胃寒疼痛
872,眼外转移
873,频繁性惊醒
874,血管畸形
875,鼻衄
876,肩臂外侧的感觉障碍和功能受限
877,流泪
878,外阴损伤
879,脑转移
880,便血且血与粪便混合
881,腹部伤口流出粪便样物
882,神经衰弱综合征
883,膝前疼痛
884,头目晕沉
885,一侧阴囊内逐渐
886,癫痫的单纯部分性发作
887,前额头痛
888,软组织感染
889,嗜酒性幻觉性精神错乱
890,象限性偏盲
891,新生儿母乳喂养后出现黄疸
892,神经性头痛
893,偏侧不注意
894,社交敏感性障碍
895,感觉迟钝
896,前臂及手部肌群
897,精虚血弱
898,肺间质纤维化
899,听骨畸形
900,牙龈长脓包
901,肛内分泌物多
902,回盲瓣功能不全
903,膀胱膨隆
904,阴户生疮
905,疼痛弧征
906,松果体钙化移位
907,免疫力降低
908,光感性皮肤损害
909,眼眶疼痛
910,牙关紧闭
911,咳声嘶哑
912,脑脓肿
913,恶性胸水
914,粘膜乳突状生长
915,挖耳出血
916,静脉曲张
917,不真实感
918,视网膜水肿
919,臀肌萎缩
920,复杂性醉酒
921,高尿酸血症
922,舌位于口腔底不能外伸
923,反复高热
924,紧张性手抖
925,脐突
926,并指（趾）畸形
927,脑炎样改变
928,胎儿酒精综合征
929,腹壁静脉怒张
930,淋巴道转移
931,白色黏液状尿
932,视盘倾斜
933,婴儿臀部红
934,掌骨和跖骨短
935,心律不齐
936,便秘
937,酒糟鼻
938,肾络滞阻
939,神经根损伤
940,骶骨处持续性疼痛
941,指鼻不准
942,腋部肿块
943,咯血伴发热
944,梳头或洗头时头发脱落增加
945,免疫功能障碍
946,视野缺损
947,厌奶
948,脑白质变性
949,腿脚浮肿
950,手变短
951,脚趾痛风
952,血象异常
953,痰黏稠或脓性可有腥臭味
954,皮肤弥漫潮红
955,颅压增高
956,肩部牵涉痛
957,晕眩
958,尿道结节
959,耳屎多
960,乳腺刺痛
961,脾气虚
962,肩周区弥散的钝痛及放射痛
963,睡眠时睑闭合不全
964,尿胆原增加
965,血管过敏性炎症
966,巩膜充血
967,面部水肿
968,癌细胞逆行播散
969,心包积液体征
970,血小板减少性紫癜
971,双肾弥漫性病变
972,小肠内的低pH
973,颅缝过早闭合
974,革脉
975,牙齿较小呈半透明状
976,神经干断裂
977,螺旋形骨折
978,圆形或卵圆形丘疹或结节
979,拇指仅存软组织
980,呼吸气为酒味
981,耳围凹陷
982,红细胞增多-高粘滞度
983,斜视性弱视
984,虹膜蓝色
985,肛周软瘊
986,阴囊肿大
987,声音变低
988,腱鞘变干
989,胎儿生长发育迟缓
990,肝脏肿大
991,下颌前突
992,蹲下起来后眼前发黑
993,男子性功能障碍
994,乳糜泻
995,室颤阈值降低
996,腰椎椎管狭窄
997,房性早搏
998,术后腹胀
999,酒精性震颤
1000,四肢对称性软瘫
1001,视野向心性缩小
1002,高度膨胀的毛细血管襻
1003,老人髋部疼痛
1004,胸部挫伤
1005,放屁频频
1006,指甲嵌入肉
1007,耳窍壅肿
1008,黏膜损害
1009,牙体损伤
1010,膝关节积液
1011,孕产妇腰痛
1012,臀沟内似夹着异物样的难受及不愉快感
1013,烧心
1014,流产
1015,痢疾样大便
1016,产后极端行为
1017,腰大肌肿胀
1018,舌震颤
1019,指甲易碎
1020,腹股沟区可复性肿块
1021,浮肿
1022,胆囊壁纤维化
1023,胃区包块
1024,精道疼痛
1025,眨眼不止
1026,眼白蓝灰色或黑色斑点
1027,电脑失写症
1028,间歇性头痛
1029,情感麻痹
1030,新生儿绿牙或棕褐色牙
1031,眼前异常闪光，增加的黑点
1032,肝臭
1033,脸裂
1034,脓疱
1035,肌肉挫伤
1036,屈光介质混浊
1037,心脏毒性作用
1038,血栓脱落
1039,膀胱膨出
1040,霉菌感染
1041,髌骨疼痛
1042,新生儿斜颈
1043,胡萝卜素血症
1044,行走后小腿肌肉痉挛
1045,全身衰竭
1046,唇圆或椭圆形红斑
1047,同向性偏盲
1048,髋关节痛
1049,病理性偷窃
1050,哭泣样尖叫
1051,鼻出血
1052,萎缩性痤疮
1053,消化道憩室
1054,耳廓腹侧面局限性囊肿
1055,眶静脉回流障碍
1056,毒血症
1057,食管溃疡
1058,场所恐惧
1059,鼻咽癌的远处转移
1060,日光照射引起皮肤过敏
1061,扁平足
1062,川字纹
1063,膀胱刺激征
1064,下垂肩
1065,幽门管狭窄
1066,皮窦道
1067,胸椎疼痛
1068,胸膈间烧灼嘈杂感
1069,肢体障碍
1070,缺氧缺血性神经损伤
1071,睡眠唤醒反应
1072,鼻旁窦发育不良
1073,上肢麻木
1074,脉率增快
1075,肠穿孔
1076,炎性外痔
1077,小阴唇及前庭也
1078,高血钾
1079,瘤细胞浸润
1080,两眼上视障碍
1081,正常免疫球蛋白减少
1082,耳顶线以下至发际处痛觉过敏或减退
1083,外阴肿胀
1084,胸骨隆凸
1085,毛发稀少
1086,双眼难以忍受的奇痒
1087,叶状脱色斑
1088,没有肛门
1089,肢体局部的皮肤
1090,心理麻木
1091,乳腺外上象限腺体增厚
1092,肠鸣音亢进
1093,输卵管堵塞
1094,青紫舌
1095,夜间磨牙
1096,半乳糖血症
1097,外斜V征
1098,步态异常
1099,吸气时胸口痛
1100,经期浮肿
1101,脸颊潮红
1102,血管性痴呆
1103,日晒斑
1104,一过性的流感样症状
1105,巩膜水肿
1106,前列腺素合成减少
1107,右下腹痛
1108,无法引出moro反应
1109,脓痰
1110,拇趾与二趾趾间距大
1111,手脚冰凉
1112,室颤
1113,排尿疼痛
1114,永久性秃发
1115,鼻端缺损
1116,胆囊触痛征
1117,缓脉
1118,传导性耳聋
1119,多尿
1120,足部肿胀压痛
1121,口角下垂
1122,手指甲有白色斑点
1123,颈部粗
1124,巅顶疼痛
1125,腹部“柔韧感”体征
1126,中性粒细胞增高
1127,胸膜摩擦音
1128,上腹壁的中央线缺损
1129,阴茎硬结
1130,喜怒无常
1131,手掌和足底角化伴多汗
1132,血浆胆固醇水平高
1133,胎动减少
1134,色素沉着
1135,痰鸣音
1136,结节
1137,手术后破伤风
1138,双侧肾上腺皮质增生
1139,肺过度充气
1140,投掷动作(颤搐)
1141,情景性晕厥
1142,右胁疼痛
1143,骨密度增加
1144,疲劳
1145,尿道流血
1146,肢体或躯干姿势异常
1147,行为及情绪异常
1148,中枢性发热
1149,胸骨后疼痛
1150,髌周指压痛
1151,心力贮备减少
1152,皮下囊肿
1153,脑实质的浸润
1154,门脉高压
1155,气管隆突以上的损伤
1156,足跟步行
1157,直立性低血压晕厥
1158,霍纳综合征
1159,CT检查
1160,腰椎骶化
1161,胎盘植入
1162,紧张性疲劳
1163,指(趾)肿胀
1164,鼻窦压痛
1165,心肺栓塞
1166,胆汁排泄受阻
1167,肝功能不全
1168,上腹及腰背部有“束带感”
1169,面容呈灰色
1170,喉头痉挛
1171,新生儿手足徐动
1172,温觉丧失
1173,咳嗽伴体重减轻
1174,扁平骨盆
1175,液体平衡失调
1176,视乳头水肿
1177,软组织肿胀
1178,门静脉血流郁滞
1179,颈椎骨折脱位
1180,关节肿痛
1181,精神变态
1182,拔牙后伤口经久不愈
1183,头昏想睡觉
1184,痘疮
1185,行走踩棉花感
1186,心率不齐
1187,支气管肺泡音
1188,瘀血斑
1189,思虑伤脾
1190,眼充血
1191,粪样呕吐物
1192,尿道内口呈漏斗样改变
1193,风盛血燥
1194,肺实变
1195,尺动脉或桡动脉
1196,Q-T间期延长
1197,丘疹
1198,肥胖并痛性结节或脂肪块
1199,滑膜发炎
1200,能力减退感
1201,格子样变性
1202,肾功能衰竭
1203,疖肿
1204,视近不能持久
1205,异位性心动过速
1206,食物下咽时颈部
1207,口燥咽干
1208,骨质疏松
1209,嗜酒
1210,胎粪污染
1211,深侧鼻塞
1212,第三心音奔马律
1213,皮肤钙化
1214,两性畸形
1215,外阴痛
1216,出汗减少
1217,下肢弥漫性水肿
1218,抽搐
1219,烂嘴角
1220,玻璃体有血迹
1221,强迫型人格障碍
1222,骨骼变形缩短
1223,人中圆凸
1224,一过性意识蒙眬
1225,尿色酱红或呈酱油色
1226,婴儿吐奶
1227,眼睑下垂
1228,盆腔充血
1229,胸廓异常
1230,顽固性疼痛
1231,下背部酸痛
1232,黏膜出现出血点
1233,角质层过度增厚
1234,梦游
1235,肾动脉硬化
1236,阴道裂伤
1237,肌肉紧张性疼痛
1238,多发性针尖样瘀点
1239,酮症酸中毒
1240,眼缺陷
1241,吞咽干食物时胸
1242,强制性思维
1243,凝视麻痹
1244,畏光
1245,持续性剧烈的肩痛
1246,颜面的火焰状母斑
1247,真性菌尿
1248,骨软化症
1249,自杀行为
1250,屈光不正性弱视
1251,白细胞计数（WBC）
1252,黏稠或脓性痰伴有腥臭味
1253,腋区疼痛
1254,咽喉干燥及灼热感
1255,足底溃疡
1256,小腿外侧及足背感觉丧失
1257,心力衰竭
1258,眶底爆折
1259,指甲床发绀
1260,乳头湿疹
1261,眼球上翻并固定
1262,完全性遗忘症
1263,肩背部肌肉痛
1264,赤白带下
1265,不能转颈
1266,尿闭
1267,颌骨膨隆
1268,碱性磷酸酶增高
1269,强迫行为
1270,腕部肿胀压痛
1271,免疫损害
1272,肩部或肩胛区持续钝痛和深部钻刺样不适感
1273,表皮发生钙化
1274,鼻唇沟加深
1275,鼻唇沟发红皲裂
1276,头皮撕脱伤
1277,增生性骨膜炎
1278,左心室腔容量增大
1279,皮肤张力增加
1280,宫颈糜烂
1281,颌下淋巴结肿大压痛
1282,双下肢可凹陷性水肿
1283,四肢电击感
1284,菌血症
1285,心悸怔忡
1286,黏液便
1287,上腔静脉回流受阻
1288,头或颈部发胀及跳动感
1289,考试焦虑
1290,水肿伴蛋白尿
1291,微炎症状态
1292,皮下血肿
1293,维生素C缺乏
1294,抗-HCVAg阳性
1295,胎心率异常
1296,咽部溃疡
1297,组织细胞增生
1298,小书写症
1299,乙肝e抗原（HBeAg）阳性
1300,厌食
1301,中心暗点以及屈
1302,钟摆征
1303,足跟后凸
1304,结肠膨胀
1305,失水
1306,末梢神经炎
1307,水肿
1308,瞳孔变白
1309,浅静脉有一发红低热的索状物
1310,脸部大小不一
1311,心瓣膜病变
1312,结缔组织性外痔
1313,唇皱褶增多畸形
1314,残株型骨折
1315,绿牙或棕褐色牙
1316,胆汁潴留
1317,触诊无肺动脉关闭感
1318,耳、鼻、软骨变成蓝色
1319,抑郁
1320,足外翻
1321,侧肋骨痛
1322,痔块脱垂
1323,全身代谢低下
1324,脾胃不和
1325,重力休克
1326,玻璃体经瞳孔向
1327,胃糜烂
1328,眼痛
1329,打哈欠
1330,肌腱囊肿
1331,咳出黄色痰液
1332,皮肤软组织感染
1333,心口灼热痛
1334,肌纤维颤搐
1335,女性第二性征消失
1336,性腺发育不良
1337,肝叶萎缩
1338,模糊不定，情绪性面痛
1339,食积口臭
1340,指间关节不能屈曲
1341,脊髓压迫
1342,阴道入口粘膜撕裂
1343,腰背刺痛
1344,水气胸
1345,肘部外翻角增大
1346,手指甲周围起皮
1347,尿道变粗变硬
1348,结膜变浅或变苍白
1349,断毛癖
1350,膝盖撞伤
1351,唇水疱
1352,睑裂狭小
1353,鼻内发痒
1354,昏睡病
1355,孕妇肚子痒
1356,累及整个腹腔的腹膜炎
1357,头皮痒
1358,皮肤转移
1359,肾脏缩小
1360,脊柱退变
1361,岔气
1362,病灶
1363,鼻咽腔狭窄
1364,叶间裂常呈弧形下坠
1365,产后月经不再来潮
1366,阴囊潮湿有异味
1367,病理性Q波
1368,胸闷气短
1369,马凡氏综合征
1370,逐渐加重的右侧
1371,脉沉缓或沉细
1372,脑器质性精神障碍
1373,容易激动
1374,难入睡或易惊醒
1375,摇头转颈
1376,强迫性重复
1377,两下肺纹理增粗
1378,人工流产术后出血
1379,闭目难立征
1380,宫颈举痛
1381,腹部肿块
1382,皮下脂肪消失
1383,舌肌萎缩
1384,星迹步态
1385,匙状指（趾）
1386,苯丙氨酸代谢障碍
1387,右上腹痛
1388,指、趾甲显现苍
1389,假结核结节
1390,血管痣
1391,频吐白沫
1392,舒张期奔马律
1393,胃肠道功能不好
1394,关节积液
1395,下巴关节疼
1396,阴道出血
1397,第3腰椎横突的深部有明显压痛
1398,发作时精神障碍
1399,膝关节肿大
1400,眼睑部有明显的
1401,囟门跳动
1402,趾蹼间隙麻木
1403,血液粘度增高
1404,发作性不自主运动
1405,睾丸萎缩
1406,鳞屑
1407,腰大肌脓肿
1408,斜眼抑制
1409,阴囊肿胀
1410,肾上腺转移
1411,粪内或直肠乙状
1412,氮负平衡
1413,干胁痛
1414,门诊高血压
1415,胃热疼痛
1416,膝后肿胀疼痛，活动受限
1417,股骨近侧端变宽
1418,极重度精神发育迟滞
1419,外阴溃疡
1420,肩胛带和上肢疼痛
1421,尿频伴尿急和尿痛
1422,高耸而对称的T波
1423,强迫性人格
1424,发热伴淋巴结肿
1425,阑尾周围脓肿
1426,细网状到斑片状的色素沉着
1427,板状腹
1428,口腔痛
1429,口唇周围麻木感刺痛
1430,假菊形团结构
1431,溃疡龛影
1432,气机失调
1433,皮肤硬化
1434,瞳孔部分阻滞
1435,口涩
1436,口唇疱疹
1437,阴茎异常勃起
1438,重听
1439,指甲呈半圆形
1440,阴道排液呈黑水样
1441,不规则热
1442,颈肩痛
1443,足背动脉搏动消失
1444,高渗性昏迷
1445,气滞血瘀
1446,鼻前庭皮肤红肿疼痛
1447,皮疹呈瘀点
1448,子宫颈扩张
1449,关节液中白细胞内有尿酸结晶
1450,性受虐癖
1451,脑干病变
1452,泛发性红色斑块
1453,双足红肿热痛
1454,下腹胀痛
1455,单项ALT升高
1456,偏身萎缩
1457,高凝状态
1458,钙沉积
1459,上唇疖肿
1460,病理性神经损伤
1461,痴呆面容
1462,鼻中隔穿孔
1463,软产道异常
1464,盲袋阴道
1465,头颅增大
1466,绿色尿
1467,膝及小腿部有广泛的瘀血斑
1468,舌体深裂
1469,骨无菌性坏死
1470,耳朵位置低
1471,心肌顿抑
1472,汞毒性震颤
1473,鼻流浊液
1474,呼吸暂停
1475,阑尾感染
1476,心室扑动
1477,性心理不成熟
1478,胆囊的超敏反应
1479,鼠尾征
1480,会阴部牵引痛
1481,肢端易发生不易
1482,色素脱失
1483,小三阳
1484,颌骨囊肿
1485,进食过硬的食物
1486,脊肋角膨隆
1487,特殊面痣
1488,暂无相关资料
1489,腰椎膨出
1490,铁锈色痰
1491,内收型骨折
1492,牙齿缝隙大
1493,诉讼狂
1494,排尿异物感
1495,颈性眩晕
1496,额部疼痛
1497,运动性闭经
1498,输尿管疼痛
1499,疝区的疼痛或坠胀感
1500,呼吸音低
1501,手足脱皮
1502,角膜水肿
1503,讷吃
1504,耳垂缺损
1505,思维缓慢
1506,精神运动性活动变坏
1507,新生儿便秘
1508,外耳道癣
1509,性欲减退
1510,容易发生强迫性症状或疑病观念
1511,轻度烧伤
1512,虹膜新生血管与
1513,包皮溃疡
1514,苔藓样变
1515,幽门狭窄
1516,结膜干燥斑
1517,感染性鼻炎
1518,关节间隙不规则和关节腔狭窄
1519,月经期长痘
1520,凝血障碍
1521,胸廓狭窄而扁
1522,泌尿生殖窦
1523,孕妇贫血
1524,脐周肿胀
1525,头皮下血肿
1526,肌肉出血
1527,儿童头痛
1528,伸舌样痴呆
1529,流清涕
1530,拇指内收畸形
1531,下肢感应痛或放
1532,下腹部包块
1533,器质性心脏病
1534,胎膜早破
1535,眼前冒金花
1536,裂腭
1537,多根肋骨骨折
1538,胃食管反流症状
1539,孕妇口苦
1540,巨口
1541,智能障碍
1542,髓核脱水
1543,疤痕形成
1544,环甲肌失去收缩
1545,身体“福态”
1546,下肢无力
1547,反复肺不张
1548,子宫痉挛性狭窄环
1549,病理性骨折
1550,紧箍咒一样头紧
1551,周期性畏寒发热
1552,晶状体皱缩
1553,持续性发热
1554,心内膜弹力纤维增生
1555,牙龈肿胀
1556,运动时膝前疼痛加剧
1557,非血性腹水
1558,努嘴伸舌
1559,骨气臌
1560,小儿痒疹
1561,热痱
1562,绞痛
1563,宝宝缺乏安全感
1564,脓苔
1565,分离性身份障碍
1566,皮下组织水肿
1567,意识障碍
1568,前臂和腕部的疼痛
1569,鼻尖上翘呈马鞍状
1570,长骨粗大
1571,脐带绕颈
1572,牛奶色或米汤样便
1573,言语自动症
1574,耳孔处长出的肿物
1575,骶髂关节疼痛
1576,耳廓牵拉疼
1577,旅行者水肿
1578,慢性肾功能不全
1579,肛周囊肿
1580,阔韧带内形成血肿
1581,附睾肿大发硬
1582,小头
1583,腹痛伴便血
1584,牙齿发黄
1585,脱髓
1586,蓝色橡皮大疱痣
1587,啰音
1588,髋内翻
1589,中心静脉压偏高
1590,腰臀部广泛性疼
1591,癌性发热
1592,贪食行为
1593,关节强直
1594,皮肤青紫色改变
1595,舌运动受限
1596,尿滤过分数明显下降
1597,青少年脊柱侧凸
1598,乌珠生翳如葱白
1599,染色体畸形
1600,痛性红舌
1601,双胫对称发生梅核大小疼痛性结节
1602,呼气时胸口痛
1603,挛缩性瘢痕
1604,舌根部脓肿
1605,颈项强直
1606,韧带拉伤
1607,产褥感染
1608,男性型肥胖
1609,脉氧合不足
1610,狂笑
1611,血热
1612,双眼向上凝视
1613,运动性失语
1614,吐血衄血
1615,少尿
1616,说话带鼻音
1617,肌病步态
1618,冻结肩
1619,儿童型肌张力障碍
1620,内斜A征
1621,尺动脉或桡动脉搏动减弱和消失
1622,子宫硬如板状
1623,皮质素不足
1624,血管堵塞
1625,药疹
1626,月经前水肿
1627,脊髓梗死
1628,肠闭锁
1629,眼球偏斜
1630,活动受限
1631,头痛并呕吐
1632,右胸痛
1633,角膜灼伤刮伤
1634,颈部僵硬
1635,串珠肋
1636,过度通气
1637,儿童偏头痛
1638,骨刺形成
1639,关节腔内出血
1640,牙齿上白垩色到
1641,下颌后缩
1642,结节性硬化
1643,关节液增加
1644,关节挛缩
1645,轴性遗忘症
1646,肌肉砸伤
1647,肺部出血
1648,腮腺肿胀
1649,肢体过度肥大
1650,下腹部压痛
1651,性交困难
1652,皮质醇增多
1653,毛发干燥易断
1654,外周静脉充勇
1655,肠麻痹软瘫
1656,睑结膜充血露出黄色脓块
1657,臀部可触及上移的股骨头
1658,肌腱端炎
1659,枕大神经痛
1660,拇指三节
1661,咽痛
1662,皮肤搔痒
1663,儿童髋部疼痛
1664,幽门前区溃疡
1665,青红肤色
1666,鼻中隔向一侧或两则弯曲
1667,皮肤萎缩和色素沉着
1668,肺含水量增加
1669,眼部烧伤感
1670,血管搏动或波形的改变
1671,支气管树受压
1672,牙列拥挤
1673,踝部凹陷性水肿
1674,阴道横隔
1675,唇腭裂
1676,溃疡
1677,口及咽部烧灼感
1678,角膜炎
1679,注意力不集中
1680,心音遥远
1681,青少年白发
1682,假性延髓性麻痹
1683,胃石形成
1684,表情恐惧症
1685,向心性肥胖
1686,增殖体肥大
1687,进食样自动症
1688,阑尾缺血充血
1689,水、钠潴留性肥胖症
1690,张口呼吸
1691,腿外侧质软、半球形、界限清的弹性包块
1692,脉压差大
1693,手唇震颤
1694,局部软组织浸润
1695,肉芽肿
1696,隐球菌囊膜多糖堆积
1697,肾衰竭
1698,胸腰椎损伤
1699,“鸭步”步态
1700,小腹刺痛
1701,淋巴结穿刺有草
1702,易饿
1703,足趾屈曲挛缩
1704,肢体增长、增粗过度
1705,阳盛体质
1706,爪状趾
1707,消化不良
1708,前列腺硬结
1709,耳道堵塞
1710,心包破损伤
1711,腹膜炎
1712,心包积液
1713,肝细胞脂肪性变
1714,高钙血症
1715,孕妇胸闷气短
1716,踝关节肿胀
1717,假性近视
1718,红斑结节
1719,手术时伤口不再出血
1720,肌肉痉挛性疼痛
1721,癫痫伴发的神经症
1722,情绪性头痛
1723,消化道激惹
1724,肛门或肛管窄小
1725,胸骨后异物阻塞感及隐痛
1726,肩关节活动受限
1727,易哭
1728,水中毒
1729,排水样血性大便
1730,白发
1731,尿液混浊
1732,手掌硬性水肿
1733,心脏僵硬
1734,前庭性共济失调
1735,听力减退
1736,咽反射消失
1737,脓性分泌物
1738,腓肠肌痉挛性疼痛
1739,盆腔脊膜膨出
1740,虚脱
1741,颈软不能抬头
1742,致死性上呼吸道出血
1743,产后恶露不净有臭味
1744,肾区压痛
1745,利尿
1746,皮肤干燥呈腊黄色
1747,强迫恐怖症
1748,网状色素沉着斑
1749,肾脏受累
1750,面红升火
1751,四肢乏力
1752,皮肤丰满度丧失
1753,口渴
1754,脐周明显红肿变硬
1755,呼吸窘迫综合症
1756,眼球穿孔
1757,毛发异常
1758,维生素B1缺乏
1759,会阴溃疡
1760,腹壁不自主轴动
1761,阴道血性分泌物
1762,小儿前囟凹陷
1763,内脏梗阻
1764,认知功能障碍
1765,声门运动障碍
1766,脾胃湿热
1767,骨赘大量增生
1768,阴阳气血失衡
1769,外眼源性眩晕
1770,轻度中毒
1771,上唇附近，鼻旁沟和眼睑的丘疹或结节
1772,无脉症
1773,膀胱残余尿量增多
1774,产后口渴
1775,骨斑点
1776,肺动脉楔压（PCWP）降低
1777,阴囊红肿
1778,小儿生理性贫血
1779,痉挛性咳嗽
1780,皮肤黏膜出血
1781,肛区为皮肤覆盖
1782,外周围血淋巴细胞浆有空泡
1783,指（趾）骨梗死
1784,内分泌功能亢进
1785,丘脑出血
1786,生理性腹泻
1787,血疱
1788,足心发热
1789,皮肤花斑样
1790,角膜晶状体粘连
1791,腱反射异常
1792,神经疼痛
1793,低蛋白血症
1794,“多音律”心音
1795,病理性纵火
1796,尿黄似浓茶
1797,持续性胸部疼痛
1798,尾骨压痛及异常活动
1799,胆囊积水
1800,不典型胸痛
1801,言语功能的部分丧失
1802,肛门反射减弱或消失
1803,黄体破裂
1804,肋骨及胸骨下吸入性凹陷
1805,外感风热燥火
1806,产后垂体坏死
1807,鼻梁低
1808,毫无情感反应
1809,尿流缓慢
1810,无力
1811,子宫呈葫芦状
1812,高氨血症
1813,地图样骨缺损
1814,蠕动感
1815,暴发性痛
1816,超雄
1817,小儿尿血
1818,乳头内陷
1819,面具脸
1820,眼干
1821,胃粘膜损伤
1822,眼球移位
1823,张口困难
1824,食管左壁形成压足跡
1825,小阴唇及前庭也有散在的白色圆形及环形丘疹
1826,胎心不规则
1827,皮肤为金属颜色或石板灰色
1828,经常说梦话
1829,舌苔厚腻
1830,呕吐苦水
1831,颅底畸形
1832,颅骨连续性中断
1833,浅表淋巴结肿大
1834,足跟痛
1835,肋间隙可有压痛
1836,红细胞增多
1837,扁桃体发炎
1838,端坐呼吸
1839,嗅觉过敏
1840,产后胸部下垂
1841,皮质下痴呆
1842,全身弥漫性潮红
1843,大动脉供血障碍
1844,肝内淤胆
1845,耳廓变大
1846,肢体的非凹性水肿
1847,儿童尿床
1848,痴笑
1849,饭后心跳加快
1850,前胸压迫性疼痛
1851,脉涩或结
1852,腰酸背痛
1853,关节囊松弛
1854,毛发色淡而呈棕色
1855,交叉注视
1856,牙的咀嚼磨损
1857,对光反射迟钝
1858,无菌性赘生物
1859,心脏失代偿
1860,小便不利
1861,胸壁疼痛
1862,咽喉部充血
1863,骨痒
1864,直肠肛门内胀痛不适
1865,杨梅样舌
1866,液气胸
1867,血栓肌化
1868,慢性头痛
1869,心肌缺血
1870,药物依赖
1871,久不消退的红色皮肤疤
1872,皮下指头至鸽蛋大的肿块结节
1873,斑丘疹
1874,甲状腺结节
1875,牙有伸长感及触痛
1876,巨大颅骨缺损
1877,带血粘脓鼻涕
1878,肠蠕动减少
1879,元气虚弱
1880,情感淡漠
1881,前房中肿胀的晶状体皮质颗粒
1882,肘部的肿胀压痛
1883,慌张步态
1884,张口抬肩
1885,毛细血管扩张
1886,婴儿含吮时乳头刀割样疼痛并渗血
1887,成人生长激素分泌不足
1888,脉络暴露
1889,小儿咳嗽
1890,足和足趾不能背屈
1891,单眼突然出现一
1892,白带增多
1893,劳力性呼吸困难
1894,咯血伴呛咳
1895,腹部压痛
1896,怪笑
1897,肺气压伤
1898,指（趾）甲缺失
1899,上唇肥厚
1900,足跟淤血
1901,脓毒性血栓
1902,十二指肠狭窄
1903,多普勒超声心动图
1904,两肺毛玻璃样粟粒样或结节样改变
1905,脂肪浸润
1906,伴有生动鲜明的恐怖性幻视
1907,拇食指捏物功能障碍
1908,手腕部米粒大小硬如软骨的包块
1909,巨痣症
1910,泪腺脱垂
1911,肾性尿崩
1912,颈动脉痛
1913,冠状动脉痉挛
1914,婴儿睡眠少
1915,恶露
1916,呼吸功能衰竭
1917,尿道内虫咬感或
1918,低热
1919,精液少
1920,绝汗
1921,腹泻为水样带黏液恶臭无脓血
1922,普秃
1923,婴儿出牙延迟
1924,咖啡斑
1925,胰腺纤维化
1926,腰脊椎疼痛
1927,毛囊角栓
1928,指端及指(趾)甲周红斑
1929,手背部皮肤发红肿胀
1930,视觉识别障碍性眩晕
1931,脊髓横贯损害
1932,毛细血管渗漏综合征
1933,交叉腿
1934,双眼抽搐
1935,大便干结呈算盘珠状
1936,颅内头痛
1937,韧带扭伤
1938,腓肠肌痉挛
1939,新生儿脐部出血
1940,黑痣
1941,角膜大小不等的
1942,便秘伴腹部包块
1943,严重腹腔感染
1944,肺部啰音
1945,心率增快
1946,剧烈疼痛
1947,复聪现象
1948,儿童期消化性溃疡
1949,重度贫血
1950,眼白出现红点
1951,无用感
1952,紫绀和血缺氧
1953,滑膜增厚
1954,血红蛋白尿
1955,脉速而无力
1956,脑干出血
1957,痉挛性斜颈
1958,易醒
1959,腰部缓慢增大的软肿块
1960,声音异常
1961,耀光感
1962,出生后“四凹征”
1963,韧带骨化
1964,指(趾)甲增厚
1965,玻璃体经瞳孔向前房凸出
1966,气道变窄
1967,脊髓马尾受累
1968,水痘样皮疹
1969,认知神经功能丧失
1970,淋巴增生
1971,纵隔纤维化
1972,讲话频率小，不
1973,颅内压增高
1974,月经量多
1975,牙齿萌出异常
1976,粉红色泡沫痰
1977,节段性肌张力障碍
1978,健忘
1979,皮肤出现硬块
1980,微血管溶血性贫血
1981,皮质功能减退
1982,声门以上的损伤
1983,畏光流泪
1984,眼球浮动现象
1985,芤脉
1986,过敏性皮炎
1987,肺动脉楔压（P
1988,阴茎龟头橡皮肿
1989,男性化
1990,肌腱粘连
1991,尿胆红素阴性
1992,脉搏短绌
1993,迷走神经兴奋
1994,皮肤斑丘疹
1995,室上性心律失常
1996,呕血
1997,尿道弥漫性浸润
1998,豹纹状眼底
1999,急性房颤
2000,心电图异常
2001,烧伤后尿量减少
2002,熊猫眼
2003,耳垂长痘
2004,完全流产
2005,鼻内痛
2006,手指尖痛或触痛
2007,阳虚体质
2008,剑突压痛
2009,小脑性共济失调
2010,黑色素沉淀
2011,肢端易发生不易控制的足癣感染
2012,关节僵硬
2013,脚趾甲内长
2014,口渴感丧失
2015,异位妊娠
2016,淋巴结结核
2017,陶瑟征阳性
2018,心脏功能突然失代偿
2019,手指和足趾无痛性软组织肿块
2020,包皮水肿
2021,溃疡穿孔出血
2022,心慌气短
2023,全头痛
2024,细小黄色瘤状皮疹
2025,自动症
2026,咳嗽伴杵状指
2027,新生儿贫血
2028,皮肤变薄、发亮
2029,遗尿
2030,体温过低
2031,焦虑
2032,阴囊上有白色小疙瘩
2033,苦笑面容
2034,不能露齿及突唇
2035,锥虫性“下疳”
2036,小管间质性肾炎
2037,舌头上有长时间不愈溃疡
2038,角弓反张位
2039,溃疡分泌物恶臭
2040,皮肤水疱，后形
2041,感觉性共济失调步态
2042,耳前庭听觉失衡
2043,口角歪斜，无法说话
2044,肋间肩胛带疼痛
2045,皮肤瘀点
2046,喉痒咳嗽
2047,白天不自觉地将牙咬紧
2048,鼻子长痘
2049,指甲可见横沟纺
2050,肛门松弛
2051,臀部疼痛
2052,阴虚体质
2053,泪溢
2054,胎儿窘迫
2055,肿瘤性脱发
2056,静息痛
2057,皮肤呈鳞片状
2058,口腔粘膜上白色较硬的隆起斑块
2059,肾后性肾衰
2060,皮肤水疱，后形成黑色干痂
2061,嗜红细胞综合征
2062,面部多毛
2063,神经伤
2064,皮肤干燥
2065,夜惊
2066,脏器变小
2067,经前综合症
2068,眼袋
2069,膈麻痹
2070,免疫性肾炎
2071,腋窝有异味
2072,鼻翼上方缺损
2073,疼痛
2074,多梦
2075,胸膜增厚
2076,水咳
2077,巨乳
2078,上肢半屈状
2079,命名性失语
2080,胫骨疼痛
2081,黏膜稍苍白
2082,腕关节圆形的软包块
2083,劳动后气急
2084,肘管综合征
2085,胎位不正
2086,口腔念珠菌感染
2087,寰枢脱位
2088,眼皮下垂
2089,鼻内似有擤不出的鼻涕
2090,迁移性脓肿
2091,葡萄膜炎
2092,下肢红斑结节
2093,肠鸣欲便
2094,耳核肿痛
2095,弯曲不利
2096,粒细胞减少
2097,反射性呕吐
2098,晶状体蛋白逸出
2099,面、颈部味觉性多汗
2100,生理性黄疸
2101,脉搏细弱甚至不
2102,口鼻血性分泌物
2103,皮肤出血点
2104,间歇性跛行
2105,低位腰痛
2106,鞍鼻
2107,肾动脉阻塞
2108,耳鼓膜穿孔
2109,硬下疳
2110,血小板寿命缩短
2111,腭部穿孔
2112,阴囊舌
2113,假牙疼痛
2114,腹腔感染
2115,关节酸痛
2116,股三角区压痛
2117,全身过敏和发热皮疹关节痛
2118,隐痛
2119,夜尿增多
2120,频发房性早搏
2121,多发性神经炎
2122,舌生疮
2123,心脏“偷停”感
2124,窦道相
2125,腹股沟疼痛
2126,内向性思维
2127,泡样水肿
2128,难治性腹水
2129,胸腔积液
2130,血管增生
2131,安静腹
2132,性发育慢
2133,下腹部钝痛和酸胀感
2134,软腭有疤痕
2135,鼻端形态不佳
2136,排尿时外阴灼热
2137,骨间肌和鱼际肌萎缩
2138,指纹皱瘪
2139,气逆
2140,喉部痉挛
2141,眼前发黑
2142,女阴会阴出现红
2143,髋外侧肿胀压痛
2144,面肌强直
2145,脾肾阳虚
2146,左腹屈曲
2147,尿中磷酸盐排出增多
2148,呈红色条索，游
2149,躯体主诉增多
2150,妊娠期胸痛
2151,鼻臭症
2152,神经症性抑郁
2153,牙周袋形成
2154,皖腹痞闷
2155,糖类皮质激素分泌过少
2156,一侧腰腹突发“
2157,产后下腹坠痛或阴道坠胀感
2158,疣状增殖
2159,手肌肉萎缩
2160,剧烈神经根性痛
2161,水钠的蓄积
2162,拇指和食指不能对掌成完好的“O”形
2163,心脏压塞征象
2164,色素性皮损
2165,骨膜反应
2166,脂溶性维生素缺乏
2167,肢体僵硬感
2168,骶尾椎融合
2169,一侧阴囊内逐渐增大的无痛性肿块
2170,舌型骨折
2171,咳嗽反射
2172,黏液性水肿
2173,脊神经压迫
2174,侧脑室增宽
2175,全身感染中毒症状
2176,摸索反射
2177,先天性虹膜缺乏
2178,下肢发凉
2179,肘关节脱位
2180,皮肤皲裂
2181,鼻黏膜溃疡
2182,足背部肿胀
2183,皮肤闪电疼痛
2184,静脉栓塞
2185,巨唇
2186,双手轮替动作笨拙
2187,发烧
2188,阵发性腹痛
2189,精子异常
2190,内出血
2191,口炎
2192,脸色发黄
2193,腹部可触及巨大
2194,低温性昏迷
2195,龟头红点
2196,牵引性头痛
2197,龟头溃疡
2198,弓形体感染
2199,品行障碍
2200,肢体运动不协调
2201,胸廓畸形
2202,雄激素过少
2203,脓气胸
2204,纤维结构不良
2205,痢下多血
2206,黑蒙
2207,小腿酸痛
2208,红鼻头
2209,血沉增快
2210,中度或轻度头痛
2211,不能屈膝
2212,癫痫的复杂部分性发作
2213,臀部可触及上移
2214,上睑下垂
2215,巩膜穿孔
2216,浅静脉有一发红
2217,腹式反常呼吸
2218,牙齿呈黄色\浅灰色或深灰色
2219,纤维渗出物
2220,四肢震颤
2221,广泛红斑浸润损
2222,呼吸音粗糙
2223,发绀
2224,顽固性呃逆
2225,水盐代谢障碍
2226,体型异常
2227,静脉血栓
2228,乳房或乳头未发育
2229,口唇泛黑
2230,胃粘膜脱垂
2231,一侧性下腹剧烈疼痛
2232,牙齿黑斑
2233,颅内出血
2234,肢体震颤
2235,无活动性结核病灶
2236,诊断室中所测血压始终增高
2237,面肌无力
2238,面肌及颈肌紧张
2239,身体变形障碍
2240,吞咽痛
2241,伸膝障碍
2242,腹股沟痒
2243,饱食后胸痛
2244,脐带血循环障碍
2245,劳累后胸痛
2246,构音障碍
2247,腹鸣
2248,腰骶疼痛
2249,情绪性多汗症
2250,孤立肾
2251,溶骨性损害
2252,面颊及上胸部充血
2253,晕厥
2254,眉间皱纹
2255,跖纹
2256,身体的低垂部位水肿
2257,搏动性头痛
2258,情绪性高血压
2259,牙齿神经痛
2260,心音异常
2261,核分裂象增多
2262,流行性肌痛
2263,继发性闭经
2264,头重如裹
2265,牙釉质腐蚀
2266,肛腺分泌减少
2267,甲亢危象
2268,食管瘘
2269,梗噎
2270,阴道口局部红肿热痛
2271,嗜盐
2272,滑膜黑染
2273,血管舒张性虚脱
2274,心肌坏死广泛
2275,眼睑闭合障碍
2276,浅褐色色素斑
2277,口干舌燥
2278,跨阈步态
2279,眼肌麻痹
2280,足底凸起
2281,肠外结核
2282,痰有恶臭味
2283,下肢负重障碍
2284,高热寒战
2285,臀部放射痛
2286,孕妇腹部硬块
2287,桶状胸
2288,肠梗死
2289,外踝呈现凹陷
2290,低血压
2291,桡骨头发育不良
2292,无胡须
2293,模仿性自动症
2294,弓形足
2295,角膜上点状暗灰色混浊
2296,红细胞寿命缩短
2297,发作性睡眠
2298,类似荨麻疹的皮
2299,绝经
2300,苔黄腻
2301,机械性压迫
2302,肛门外括约肌断裂
2303,反复鼻出血
2304,吻合口并发症
2305,黑便
2306,萌牙延迟
2307,硬脊膜膨出
2308,运动耐力降低
2309,胸膜肥厚
2310,病态欣快感
2311,胆囊体积缩小
2312,腕征
2313,痣细胞
2314,龟头瘙痒
2315,耸肩喘息
2316,乳痛症
2317,吐血痰
2318,巩膜外层炎
2319,咽喉部干燥刺痒
2320,子宫下垂
2321,尾部疼痛而拒坐
2322,热结节
2323,耳轮发育不全
2324,粉碎性骨折
2325,大腿内侧红斑
2326,感觉倒错
2327,心源性呼吸困难
2328,皮下组织硬结
2329,高原多血面容
2330,大便黑色
2331,体位张力消失
2332,肺癌胸水
2333,眼球运动偏斜扭转
2334,咳嗽伴哮鸣音
2335,弹钢琴指(趾)征
2336,男性小便刺痛
2337,透明隔腔增宽
2338,虚烦
2339,全身紧束感
2340,尿失禁与遗尿
2341,剥夺性弱视
2342,黄素化囊肿
2343,病理性醉酒
2344,妊娠期血糖高
2345,前阴寒冷
2346,脊髓受压
2347,神经性耳鸣
2348,眼睛刺痛
2349,气体弥散障碍
2350,脐窝内有肉芽组织增生
2351,婴儿肋骨外翻
2352,血尿
2353,横膈低平
2354,足背及胫后动脉搏动减弱
2355,心源性晕厥
2356,发作性眩晕
2357,皮肤痛
2358,胃气虚
2359,阵发性瘙痒
2360,微循环障碍
2361,异常子宫出血
2362,骨质破坏
2363,中度精神发育迟滞
2364,僵颈
2365,下肢肌肉瘫痪
2366,肾内动脉变细或阻塞
2367,牙根暴露
2368,羊水中有胎粪
2369,胎心音消失（无
2370,三尖瓣下移
2371,种植性结节
2372,咳泡沫黏液痰
2373,肤色赤红
2374,肋骨痛
2375,腰背部有皮毛窦
2376,脊柱后突
2377,昼盲
2378,心脏扩大
2379,脑实质出血
2380,远端胃窦产生异位节律
2381,踝部及足背水肿
2382,手热
2383,窦性停搏
2384,肌肉完全断裂
2385,老年性眩晕
2386,先天性弓形体
2387,吐白沫痰
2388,发育性骨盆异常
2389,白头粉刺
2390,伤口愈合发痒
2391,晕针
2392,胎儿水肿
2393,枕部和颈后疼痛
2394,肛管狭窄
2395,睡眠麻痹
2396,讲话频率小，不能发高音
2397,胆红素升高
2398,排尿障碍
2399,大腿以下或膝以
2400,小儿流口水
2401,下颌角外翻
2402,牙冠呈半透明乳光色
2403,左心衰竭
2404,低分子蛋白尿
2405,舌乳头增生
2406,皮肤黑变
2407,乳腺内无痛单发的硬肿块
2408,动静脉短路现象
2409,面部斑点
2410,脑死亡
2411,皮肤痣
2412,多囊卵巢
2413,下肢拖曳步态
2414,包皮痒
2415,齿槽骨萎缩
2416,烦躁不安
2417,产后大便失禁
2418,膀胱刺激症
2419,前臂细小
2420,支气管痉挛
2421,读小字和辨色困难
2422,抗内膜抗体阳性
2423,心动过缓
2424,无名指半月甲呈粉红色
2425,胃扭转梗阻症状
2426,肝星状细胞增生
2427,大便干燥
2428,氰化物烧伤及合并中毒
2429,耳后疼痛
2430,尿后滴沥
2431,胸大肌外侧缘处如花生米大小的肿块
2432,渗出性胸水
2433,先兆子宫破裂
2434,鼻屎多
2435,心房对心室收缩
2436,苔黄欠润
2437,湿啰音
2438,距骨坏死
2439,椎管大小变化
2440,咳嗽伴呼吸困难
2441,髌前空虚感
2442,回盲部结核
2443,妊娠期的生理变化
2444,指甲夹伤
2445,皮面上针头大小瘙痒点
2446,虹膜根部离断
2447,鼻小柱缺损
2448,口腔黏膜纤维化
2449,期外收缩
2450,脂质沉积症
2451,肚脐疼
2452,对称性肌无力
2453,肋间神经痛
2454,动脉血氧饱和度降低
2455,臭汗
2456,胀感
2457,外阴烧灼刺激感
2458,中指半月甲呈粉红色
2459,手机依赖症
2460,抽风
2461,瞳孔两侧不等大
2462,心境不良
2463,乳房肿块
2464,盆腔肿块
2465,血运障碍
2466,无羞惭感
2467,陶奇感染
2468,颈强直
2469,高同型半胱氨酸血症
2470,风寒咳嗽
2471,眼球内陷
2472,尿酸代谢亢进
2473,足趾伸屈时足部疼痛
2474,腹痛腹泻
2475,方肩畸形
2476,心电图
2477,钩回发作
2478,灰白大便
2479,血性耳漏
2480,脉压增宽
2481,网状青斑
2482,血压高
2483,角膜中央后部典
2484,口腔黏膜白斑
2485,面部血管纤维瘤
2486,声带麻痹
2487,纵隔增宽
2488,尿内出现蛋白及管型
2489,皮肤浸润
2490,酒精成瘾
2491,风丘疹
2492,两侧颊部及颞部凹入
2493,肘关节伸直位内翻角增大
2494,睑外翻
2495,腰痛
2496,心火
2497,四肢苔藓样变
2498,耳内发胀
2499,大转子叩痛
2500,顽固性口腔溃疡
2501,骨龄延迟
2502,伤寒面容
2503,仰趾外翻
2504,血性耳分泌物
2505,上尿路结构和功能损害
2506,头颈部剧痛
2507,情绪不宁
2508,塌鼻梁
2509,新月状溶骨性缺损
2510,肾小球滤过率下降
2511,软腭疼痛
2512,低钠血症
2513,三凹征
2514,粉红色泡沫样痰
2515,腹部有局部或广
2516,抗精子抗体阳性
2517,全身性血管损害
2518,共济失调
2519,颈短
2520,溶血现象
2521,去大脑强直
2522,白渣样鼻涕
2523,脑细胞出现营养不良性蜕变
2524,舞蹈样手足徐动
2525,脑疝危象
2526,皮肤萎缩
2527,弥漫性系膜硬化
2528,肩部运动受限
2529,四肢关节如折
2530,恶病性痤疮
2531,唇甲色淡
2532,排便感
2533,白睛混赤
2534,鼻孔流脓
2535,水冲脉
2536,下唇肿胀外翻
2537,慢性咳嗽
2538,放射后的臂丛神
2539,慢性盆腔疼痛
2540,手部功能完全丧失
2541,静脉侧支循环建立
2542,右上腹持续性剧痛并向右肩部放射
2543,肺淤血
2544,皮肤皴裂
2545,呼吸困难
2546,电击样痛或刺痛的头痛
2547,癫痫和癫痫样发作
2548,皮肤脆性增加
2549,桥脑出血
2550,额头长痘
2551,冲动型人格障碍
2552,一过性脑缺血
2553,大便呈褐色
2554,皮损可呈角样突起
2555,咽部苹果酱样结节
2556,先天性腹壁发育不全
2557,角质化
2558,易疲乏
2559,氮质血症
2560,肘痛
2561,劳累后心悸
2562,肝气犯脾
2563,睑结膜沙粒外观
2564,韦氏环
2565,肌肉硬结
2566,秋季狂躁症
2567,牙槽突型
2568,排便频率异常
2569,手冻伤
2570,沉脉
2571,异源性ACTH
2572,四肢近端肌肉和
2573,肩膀酸疼
2574,毛孔粗大
2575,猩红热样皮疹
2576,汗出如油
2577,头皮撕裂伤
2578,眼疲劳
2579,粪便中排出的粪胆原增加
2580,球蛋白异常
2581,胰腺内钙化
2582,心前区隐痛
2583,移行病变
2584,腹痛伴休克
2585,血中钙离子过高
2586,咽炎、舌炎、龈炎
2587,膈下感染
2588,不排胎便
2589,婴幼儿外阴疼痛
2590,产褥期谵妄状态
2591,眼睑脓肿
2592,曲棍球棒手
2593,脓肿破入胸腔
2594,足部震颤
2595,自汗肢冷
2596,脊椎僵直
2597,肩关节痛
2598,肝质地硬
2599,干燥型湿疹
2600,咯血伴胸痛
2601,局部压痛
2602,空间感知障碍
2603,口淡无味
2604,肩胛带的肌肉不发达
2605,咳血痰
2606,耳顶线以下至发
2607,神经肌肉症状
2608,异常矮小
2609,双侧肾内痛
2610,腹部型肥胖
2611,痰中带血丝
2612,盐类皮质激素分泌过多
2613,肌腱断裂
2614,血糖值升高
2615,喉咙痛
2616,食指指甲凹陷
2617,高促胃泌素血症
2618,腋窝痛
2619,粘液便
2620,胸壁血管充盈
2621,牙齿萌出疼痛
2622,右背部痛
2623,四肢不温
2624,肝内HDAg仅
2625,肥胖纹
2626,无运动或感觉障碍的运用不能
2627,肌肉拉伤
2628,全身过敏反应
2629,上肢呈迟缓性麻痹
2630,新陈代谢旺盛
2631,肛周皮肤有湿疹
2632,胚胎停止发育
2633,口、眼、生殖器损害
2634,侵蚀性骨破坏
2635,一时性便秘
2636,真皮侵袭性生长
2637,出血倾向
2638,咽部肌肉运动障碍
2639,涎瘘
2640,表情迟钝
2641,内容难以听清的
2642,弥漫性骨质疏松
2643,斜形骨折
2644,大角膜
2645,牙龈深红或暗红色
2646,眼眶内持续性、
2647,四肢无力
2648,长脉
2649,胎儿酒精影响
2650,小腿以下缺血
2651,阴道流出黄色或
2652,双耳廓发育不全
2653,面部皮肤有结节状增生
2654,传导阻滞
2655,婴儿脸色发黄
2656,指甲很短
2657,牙齿结构异常
2658,眼球垂直运动障碍
2659,小儿面部皮疹
2660,舌干苔厚
2661,阴毛早发育
2662,维生素D中毒
2663,病理性脱发
2664,抗卵巢抗体阳性
2665,四肢畸形
2666,恐惧
2667,器质性早泄
2668,头皮屑多
2669,鼻腔不能关闭引
2670,局部皮肤变紧
2671,血压低
2672,仰颈时吞咽困难
2673,肝火
2674,手势性自动症
2675,肠道转运障碍
2676,眩晕
2677,膝盖长骨刺
2678,脓肿
2679,不能向尺侧屈腕及屈环小指远侧指关节
2680,持续性腰痛伴有晨僵
2681,无故发笑
2682,心脏排血受阻
2683,指甲异常
2684,水湿不化
2685,食欲缺乏
2686,马牙
2687,湿性脚气
2688,无症状性菌尿
2689,电生理异常
2690,老练外貌
2691,体重增加
2692,食管下括约肌张力下降
2693,肝病容
2694,过敏性血管水肿
2695,流鼻血
2696,忧郁
2697,青春危险期
2698,下腹局部疼痛
2699,头盆不称
2700,胃容纳性减弱
2701,脑穿通畸形
2702,角膜知觉减少
2703,唾液分泌增多
2704,手足烦热
2705,舌轻度外吐
2706,梅毒性角膜炎
2707,一过性肉眼血尿
2708,下肢呈剪刀步态
2709,小指半月甲呈粉红色
2710,红肿奇痒
2711,学习困难
2712,昏睡
2713,滤泡增大
2714,骨脆
2715,指甲呈扁平形
2716,淀粉样蛋白沉积
2717,蓝色、蓝灰色或蓝黑色丘疹
2718,注意力缺乏多动症
2719,大三阳
2720,干咳
2721,肢体发凉
2722,超量饮酒后两下肢突然出现痉挛和疼痛
2723,锥体外系损害
2724,语言障碍
2725,复杂性尿路感染
2726,垂直性忽略症
2727,手脱皮
2728,大阴唇或肛门大小不等、质软无压痛包块
2729,烧伤创面粪臭味分泌物
2730,脉沉弦
2731,视近困难
2732,吐泡沫痰
2733,胫骨压痛
2734,眼前异常闪光，
2735,宫颈粘液少
2736,口腔黏膜溃疡
2737,一侧下腹坠痛
2738,子宫穿孔
2739,T波低平或倒置
2740,发热伴淋巴结肿大、并伴触痛
2741,腱或腱止点处增粗或钙化
2742,PAS染色阳性
2743,指（趾）环状缩窄带
2744,偏执性妄想
2745,酒悖
2746,视网膜裂孔
2747,停止排气
2748,脆性X综合征
2749,核上性垂直性眼肌瘫痪
2750,胎儿宫内窒息
2751,睾丸微小
2752,手臂肌肉拉伤
2753,孕妇皮肤过敏
2754,输卵管迂曲
2755,双耳廓缺损
2756,同向偏盲
2757,足底烧灼感
2758,反射弧中断
2759,植物血凝素的淋巴细胞返祖现象
2760,震颤性肌强直，运动徐缓
2761,绿视
2762,咽部有异物感
2763,小血管纤维性坏死
2764,反复不愈的尿道感染
2765,腹水
2766,提睾反射减弱或消失
2767,撕脱骨折
2768,脑沟变宽
2769,皮肤色素沉着呈青铜色
2770,脑痉挛
2771,面部闪电疼痛
2772,下半身无汗或少汗
2773,肌腱拉伤
2774,白细胞减少
2775,嘴唇肿
2776,腱或腱止点处增
2777,颈动脉搏动减弱或消失
2778,输乳管阻塞
2779,乳头肥大
2780,反复发烧
2781,头部震颤
2782,食管蠕动功能减弱
2783,低补体血症
2784,小腿下部色素沉着、脱屑、湿疹
2785,气急喘盛
2786,盘状红斑
2787,阴茎疼痛
2788,月经失调
2789,深黄色或带绿色
2790,剧痛
2791,心绞痛
2792,脊柱和四肢畸形
2793,食管重复
2794,浑身忽冷忽热
2795,红斑样皮疹
2796,消瘦严重者呈”皮包骨头”样
2797,颅内高压
2798,胸闷
2799,阴部溃疡
2800,耳郭突出
2801,高血压
2802,胃壁增厚
2803,湿咳
2804,纤维膜包裹
2805,脓液为巧克力色
2806,慢性肾损害
2807,婴儿斜视
2808,足跟蓝黑色或黑色斑点
2809,呼气音延长
2810,排精不畅
2811,毛发增多
2812,拇指和食指不能
2813,杵状指（趾）
2814,毛窍闭塞
2815,进行性肉芽性溃疡坏死
2816,皮下深部筋膜进
2817,心前区重压感
2818,苔白而润
2819,上呼吸道感染
2820,颈髓硬膜外病变
2821,足底脱皮
2822,组织坏死
2823,前臂短缩
2824,听觉障碍
2825,增殖腺肥大
2826,脘痞腹胀
2827,皮肤和软组织感染
2828,双吸气
2829,乳腺肥大
2830,容易发生青肿
2831,舌质红绛
2832,阴道粘连
2833,尿道口粘连
2834,中风偏瘫
2835,心脏杂音
2836,吞咽障碍
2837,齿迟
2838,痉挛性的肌张力增高
2839,脊髓休克
2840,睑缘呈横“S”形下垂
2841,虚热口臭
2842,淋巴结肿大
2843,钙离子内流
2844,心房游走性节律
2845,与脉搏相一致的眼球跳动
2846,有效血容量减少
2847,失眠
2848,Asperge
2849,腹痛伴血尿
2850,肠痉挛
2851,尿潴留
2852,黄色发亮结痂
2853,皮下脂肪萎缩
2854,眼底无红光反射
2855,咽鼓管堵塞
2856,胃肠粘膜的通透性增高
2857,骨盆损伤
2858,上肢无力
2859,排粪时肛门灼痛
2860,发作性傻笑
2861,窜痛
2862,咳巧克力色痰
2863,齿龈出血
2864,倒睫
2865,青春期肥胖
2866,无痛性口腔溃疡
2867,胃痉挛
2868,湿热内蕴
2869,缺乏深睡眠
2870,气管移位
2871,颈部不稳感
2872,深部性头痛
2873,耳前庭功能受损
2874,人格解体
2875,雀斑
2876,脓胸
2877,气管受压
2878,肛门会阴区潮湿不洁
2879,后发际低
2880,鳞状细胞癌
2881,肝功能异常
2882,柏油便
2883,外展型骨折
2884,肺容量减小
2885,胃移位
2886,进食异常
2887,甲胎蛋白增高
2888,非凹陷黏液水肿
2889,脓毒性血症或多
2890,精神依赖性
2891,眼睑外翻
2892,鞘膜积水
2893,眶周青紫
2894,膝关节间隙弹响和疼痛
2895,胚胎发育障碍
2896,抗Jo-1抗体阳性
2897,皮肤多痣
2898,尿外渗
2899,肺通气一血流比例失调
2900,嗜睡
2901,皮肤边缘翘起
2902,腰骶部酸痛
2903,出冷汗
2904,腰膝酸软
2905,双手活动软弱无力
2906,排痰无力
2907,纸样胎儿
2908,远视屈光度数增加
2909,扭伤
2910,阳虚胃痛
2911,腭部可见小出血点
2912,习惯性腹泻
2913,阴道转移
2914,胸部有过度回响
2915,角巩膜葡萄肿
2916,呆滞
2917,醉汉步态
2918,重度痛
2919,青春期后无精液
2920,指甲中央部分隆起
2921,单腿半蹲痛
2922,细胞色素C氧化酶缺乏症
2923,肝部疼痛
2924,抽筋
2925,皮肤油脂过多
2926,肢体远侧常有麻痛
2927,颌下腺导管口有咸味或脓性分泌物排出
2928,肛门剧痛
2929,手腕长骨刺
2930,性施虐癖
2931,乳房疼痛
2932,月经血块过多
2933,血清甘油三酯
2934,大便色浅
2935,耳下区的韧实肿块
2936,眼球挫伤
2937,痉挛性便秘
2938,穿透性皮肤变性
2939,排便不尽感
2940,皮肤绷紧肥厚失去弹性
2941,膀胱结石
2942,心脏破裂
2943,甲皱毛细血管袢数减少
2944,痛性阴茎勃起
2945,拥抱反射消失
2946,肾损害
2947,躁郁样
2948,拇指不明原因疼痛
2949,管型尿
2950,石骨症
2951,胃肠道出血
2952,肘外侧夜间痛
2953,皮肤肌肉增厚、纤维化
2954,横结肠息肉
2955,肾上腺皮质激素
2956,局部可摸到肌腹
2957,心肌冬眠现象
2958,胃肠道症状
2959,神经束内神经纤维损伤
2960,烧伤创面甜腥气味的粘稠分泌物
2961,眼睑闭合不全
2962,坐骨神经痛
2963,粪便嵌塞
2964,阑尾组织纤维化
2965,面颊明显内陷
2966,大汗昏晕
2967,关节局部刺痛
2968,自发性球内出血
2969,弦脉
2970,脊柱破坏
2971,色素异常
2972,红细胞偏低
2973,面色潮红
2974,食管下段静脉曲张
2975,排便困难
2976,冻疮
2977,舌炎
2978,术后急性精神障碍
2979,肠绒毛萎缩
2980,网络依赖
2981,肾小球硬化
2982,皮肤黏膜苍白
2983,呼吸音减弱
2984,化脓性腮腺炎
2985,脑神经麻痹
2986,呼吸气为蒜臭味
2987,慢性中毒
2988,食指和中指僵硬痛麻
2989,软产道裂伤
2990,第1跖趾关节疼痛和肿大
2991,脉浮紧
2992,湿热
2993,牙齿拥挤错位排列不齐
2994,谵妄
2995,尿液氨水味
2996,红眼
2997,颈部酸痛
2998,外阴鳞状上皮疣状增生
2999,颅脑损伤后头痛
3000,脐周疼痛
3001,胃内有异物
3002,层状鱼鳞癣
3003,下腹压痛
3004,不宁腿综合征
3005,视力障碍
3006,肺外症状
3007,窥淫癖
3008,冠状动脉栓塞
3009,喉部堵塞感
3010,遗精
3011,炎性细胞浸润
3012,鼻端弥漫性潮红
3013,血管性水肿
3014,声带肥厚
3015,排尿不畅
3016,小腿水肿
3017,血管迷走性晕厥
3018,肌肉发育不良
3019,粘膜充血
3020,心尖搏动弥散
3021,斗鸡眼
3022,早上起床突然发现面颊动作不灵或歪斜
3023,反复出血
3024,产后发热
3025,手掌呈黄色
3026,大腿局部肿胀变形
3027,肾痛
3028,视觉失认
3029,下腹坠痛
3030,肾上腺皮质功能亢进
3031,皮肤瘙痒
3032,脐带过短
3033,肾阳虚
3034,慢性贫血
3035,暴力作用后腹痛
3036,出现毒性颗粒
3037,颈椎关节的根性疼痛
3038,鼻塞排出脓性或血性分泌物
3039,约占90%
3040,风寒湿痹
3041,牙齿松动和脱落
3042,毛发增生
3043,粪便中见到褐红色果实皮或毛发
3044,输尿管痉挛
3045,孕期便秘
3046,面部浮肿
3047,豆腐渣样白带
3048,旋转性眩晕
3049,皮肤轻度糜烂
3050,情绪性疲劳
3051,前囟饱满
3052,喉中痰鸣
3053,结肠血管发育不良
3054,闭袢性肠梗阻
3055,坏死性筋膜炎
3056,嗅觉倒错
3057,不可克制的饮酒冲动
3058,腹胀嗳腐
3059,唾液腺肿大
3060,阿罗瞳孔
3061,腹肌肌肉抽搐
3062,行迟
3063,沥青烧伤
3064,巨胃窦症
3065,肌肉的失用性萎缩
3066,颈部囊性病变
3067,食管腔梗阻
3068,四叠体受压
3069,单眼眼前黑影
3070,晨僵
3071,输卵管粘连
3072,低位小肠梗阻
3073,颅面骨畸形
3074,声门短而窄
3075,脾肿大
3076,上腹部疼痛
3077,颈静脉怒张
3078,甲周炎
3079,构音不良-手笨拙综合征
3080,强迫停立位
3081,短暂性眩晕
3082,尿道烧灼感
3083,围产期心肌病变
3084,喃喃重复自语
3085,强迫性头颈倾斜畸形
3086,凹甲
3087,眼眶内持续性、针刺或撕扯样痛
3088,懒胆囊
3089,右心衰竭
3090,股前内侧及小腿内侧感觉丧失
3091,阴囊瘙痒
3092,表情淡漠
3093,肌束震颤
3094,良性溃疡改变
3095,咬痛
3096,中枢性耳聋
3097,乳房内光滑质韧的球形肿块
3098,意识模糊
3099,颈根部斜方肌及风池穴处有压痛点
3100,月经不调
3101,卵巢功能障碍
3102,角膜烧伤
3103,脓性分泌物增多
3104,极速型心率
3105,唇红干燥
3106,指(趾)甲缺失
3107,毛发干枯
3108,腱鞘厚化
3109,子宫内膜梗阻
3110,阴茎和阴囊水肿
3111,先天性骨发育不良
3112,结肠袋半月襞消失
3113,口唇周围有炎性
3114,梅毒恐怖
3115,听觉疲劳
3116,腹满便溏
3117,水样便
3118,前列腺缩小变硬
3119,斑疹
3120,黑头粉刺
3121,水痘结痂
3122,痰中或可找到蛔蚴或虫卵
3123,三角韧带损伤
3124,面赤如涂朱
3125,头重足轻
3126,婴儿睡觉出汗
3127,四肢远端麻木、疼痛或异样感觉
3128,糖尿病酮症酸中毒
3129,月经稀少
3130,大块肝细胞坏死
3131,两肺毛玻璃样粟
3132,脉搏加速
3133,眦部缺损或眦缺损
3134,口干渴难忍
3135,生长缓慢
3136,新生儿两眼上翻凝视
3137,膀胱容量的减少
3138,肛门病变
3139,输卵管肿块
3140,腰部僵直感
3141,耳垂小
3142,细胞外液减少
3143,流黄鼻涕
3144,鳞状上皮
3145,精神创伤
3146,耳溢液
3147,便血
3148,便鲜红血呈点滴
3149,口腔粘膜色素沉着
3150,顽固性失眠
3151,胸腰椎压缩性骨折
3152,会阴痒
3153,颈椎分节异常
3154,腭舌咽呼吸肌呈
3155,孕早期腹痛
3156,动脉粥样硬化
3157,多发性结节
3158,思维贫乏
3159,下肢或周身软瘫
3160,皮肤呈黄绿或绿褐色
3161,三角肌疼痛
3162,外伤性出血
3163,咯血伴有皮肤粘膜出血
3164,无目的咀嚼舐唇
3165,手套或短袜子式浅、深感觉障碍
3166,化妆品的毛发损害
3167,小儿双下肢蜷曲
3168,持续性尿蛋白
3169,肠子胀气
3170,红细胞分布宽度偏低
3171,掌趾皮肤黄色角化物
3172,点状痤疮
3173,皮损皮黄到橙色
3174,指甲营养障碍
3175,尿道刺痒
3176,脑白质稀疏
3177,口唇皲裂
3178,结核杆菌血行播散
3179,现实解体
3180,乳头发炎
3181,弱脉
3182,猜疑
3183,习惯性脱臼
3184,脸部疼痛
3185,飞蚊症
3186,肾钙化
3187,喉鸣声
3188,皮肤弹性差
3189,晶状体铁质沉着
3190,顽固性便秘
3191,精神障碍
3192,日轻夜重的瘙痒
3193,心房内形成混合血
3194,尿道口有红斑和水肿
3195,产道扁平型狭窄
3196,鼻子红血丝
3197,痛风结节
3198,年轻人的眼袋
3199,咬嘴唇或舌
3200,甲状旁腺功能亢进
3201,婴儿脚气
3202,声调似小孩
3203,口唇和甲床略带青紫
3204,下痢赤白粘冻
3205,蚊虫刺咬炎症
3206,热痰口臭
3207,肠出血
3208,儿童性别偏差
3209,羊水血性
3210,反复感冒
3211,骨骼肿块
3212,分泌性腹泻
3213,手指小关节痛肿
3214,语言发育迟缓
3215,非玻璃体的病变
3216,尿酸盐在关节内
3217,肌腱扭伤
3218,胆汁返流
3219,蓝黄色盲
3220,周身不适
3221,上腹不适
3222,舌头震颤
3223,上半身代偿性多汗症
3224,胃肠扩张与脱肛
3225,钩蚴性皮炎
3226,肩周区弥散的钝
3227,食物返流至鼻腔
3228,经间期出血
3229,新陈代谢低下
3230,稀便
3231,面纹消失
3232,精血不足
3233,手足逆冷
3234,带下赤白
3235,挤压伤
3236,骨产道异常
3237,尿酸结晶
3238,肝功检查胆红素
3239,输尿管狭窄
3240,尿磷
3241,双肺水泡音
3242,妊娠期高血压
3243,眼嘴的细小皱纹
3244,前房中肿胀的晶
3245,手指扭伤
3246,晕血
3247,尿钠排出量极低
3248,持续发烧
3249,醛固酮分泌增多
3250,虹膜发炎
3251,胸骨后烧灼样痛
3252,婴儿步行晚
3253,蝶鞍变形
3254,口腔唇系带粗大
3255,溶酶体酶缺陷
3256,尿中有特殊鼠臭味
3257,关节响痛
3258,下垂乳房
3259,复视
3260,息肉
3261,暴力冲动行为
3262,苔少
3263,微血栓形成
3264,变应性咳嗽
3265,口唇麻木
3266,妊娠时持续性腹痛或腰酸腰痛
3267,耳源性眩晕
3268,树胶肿
3269,身体摇晃征
3270,灼痛
3271,青春期功血
3272,光过敏
3273,肢体短缩畸形
3274,肺内空洞
3275,大便变细形似铅笔
3276,恶寒
3277,不排卵
3278,深黄色或带绿色的水样便
3279,肝肿大
3280,趾远端呈球形
3281,癌性输尿管狭窄
3282,精液稀
3283,气血凝滞
3284,胸膜增厚粘连
3285,惧站立，喜依托
3286,脐带感染
3287,单侧头痛
3288,妊娠斑
3289,排出结石
3290,脾气变坏
3291,胃纳差症状
3292,闭眼站立不能
3293,阴道持续少量流血
3294,胎位异常
3295,结核中毒
3296,粪便中查见虫卵或妊娠节片
3297,倒地笑
3298,额部肿块
3299,婴儿说话晚
3300,胸腔出口综合征
3301,太阳穴胀痛
3302,手与手指胀满感
3303,四肢瘫痪
3304,上消化道出血
3305,颈背疼痛
3306,高睾酮血症
3307,晕车
3308,昏睡露睛
3309,眶上裂综合征
3310,细菌性心内膜炎
3311,先天性心脏传导
3312,尿黑酸
3313,颅内钙化
3314,神经性耳聋
3315,松果体区占位病变
3316,边缘溃疡性角膜炎
3317,眼睑畸形
3318,肥胖前期
3319,新生儿震颤
3320,颈部淋巴结肿大
3321,低磷血症
3322,癫痫的全身强直
3323,肛裂三联征
3324,左心室肥厚
3325,鼻部结核
3326,颅神经麻痹
3327,脊突叩痛
3328,透明血管型
3329,胸片示肺内孤立结节
3330,额区感觉减退
3331,乳腺内无痛单发
3332,玻璃体内可见球形囊体
3333,碰撞后皮肤容易青紫
3334,口角和鼻周出现黄白色水疱
3335,肠狭窄
3336,膈肌缺损
3337,红细胞畸形
3338,体循环淤血
3339,肾区叩击痛
3340,尿中组织胺排泄增加
3341,鼻煽
3342,耐热力降低
3343,过早衰老
3344,手掌软硬度异常
3345,胸部沉重感
3346,脑水肿
3347,股动脉枪击音
3348,咽喉疼痛
3349,脸上黑斑
3350,新生儿发绀
3351,肛门湿疹瘙痒
3352,舌嫩苔厚
3353,毛细血管扩张症
3354,肺部化脓性感染
3355,柠檬色痰
3356,肺动脉瓣狭窄杂音
3357,角质增厚
3358,回经
3359,瘙痒
3360,眼角膜反射消失
3361,瞳孔出现黄白色反光
3362,蔷薇疹样皮疹
3363,肺泡出血
3364,肝郁气滞
3365,腹围增大
3366,下唇微痒增大如蚕茧硬结
3367,肾小管坏死
3368,血浆白蛋白降低
3369,晕动症
3370,喉头发紧
3371,双侧睑外翻
3372,易倦感
3373,腹内压升高
3374,肠壁水肿增厚
3375,视神经乳头苍白
3376,肩背痛
3377,晕厥反复发作
3378,腕枪刺状畸形
3379,皮肤过度伸展
3380,胸腰段背部或臀部的疼痛
3381,下肢短缩
3382,代谢性碱中毒
3383,手酸
3384,寒冷刺激下皮损表面出现皱缩
3385,肠麻痹
3386,腓肠肌压痛
3387,胀坠感
3388,婴儿睡觉打鼾
3389,哮鸣音
3390,足趾发凉怕冷，
3391,粟粒样丘疹
3392,鼓膜充血
3393,颌下腺疼痛、压痛
3394,鼠疫样皮损
3395,根性坐骨神经痛
3396,月经推迟
3397,癫痫发作
3398,二碱基氨基酸尿症
3399,犬吠样咳嗽
3400,呕出物为紫蓝色
3401,单纯醉酒
3402,新生儿嗜睡
3403,妊娠中毒
3404,剧痒的疣状结节
3405,经期小腹坠痛
3406,两手颤抖
3407,平衡功能障碍
3408,近曲小管受累
3409,肝细胞内脂肪堆积过多
3410,处女膜无孔
3411,肌张力降低
3412,肾脓肿
3413,意识丧失
3414,不能向尺侧屈腕
3415,鼓膜瘢痕化
3416,撞击征
3417,眼底异常
3418,脑白质偏少
3419,腹部血管杂音
3420,垂腕
3421,眼睑痉挛
3422,脊髓病变
3423,晕轮效应
3424,皮下沉积所出现的粟粒样结节
3425,发炎
3426,口齿不清
3427,新生儿气促
3428,视力常呈雾状模糊感
3429,凝血因子功能的障碍
3430,睑结膜充血露出
3431,舌下垂
3432,皮下静脉呈网状怒张
3433,小支气管痉挛
3434,男性小腹痛
3435,革兰阴性杆菌感染
3436,杯状耳
3437,手麻
3438,面赤唇紫
3439,木僵
3440,腹痛伴黄疸
3441,躯体或颜面某一局部的连续性抽动
3442,跟腱疼痛
3443,短头畸形
3444,颈静脉充盈
3445,口唇青紫
3446,颌骨错位
3447,睑结膜泪阜区灰黑色肿物
3448,肝积水
3449,新生儿中性粒细胞增多
3450,麻醉药中毒
3451,糖耐量降低
3452,踝膝关节积液
3453,手皮肤发紫
3454,促脉
3455,心脏性猝死
3456,憩室出血
3457,舌苔黄
3458,脐周腹壁缺损
3459,婴儿喂养困难
3460,夸大狂
3461,尿流变细或中断
3462,表皮全层坏死及表皮下大疱
3463,大腿毛细血管明显
3464,脾胃虚弱
3465,脱水
3466,口淡不渴
3467,生长过快
3468,休克
3469,快感缺乏
3470,异嗜酸癖
3471,颈部可前屈，怕仰伸
3472,头昏眼花
3473,听力缺陷
3474,颈部瘰疬
3475,进食困难
3476,支气管平滑肌痉挛
3477,咬合关系错乱
3478,高眼压
3479,情绪性进食
3480,衰老加快
3481,口腔溃疡
3482,皮下深部筋膜进行性坏死性感染
3483,干性脚气
3484,口有溴味及咸味
3485,术后发热
3486,近视
3487,皮肤色素加深
3488,小脑出血
3489,小支气管粘膜水肿
3490,心肌肥厚
3491,鱼鳞癣样红皮
3492,女性腰骶生理性前突明显
3493,菌尿
3494,鳞屑样痂皮
3495,善悲
3496,痛经
3497,皮肤粗糙
3498,腹壁切口处有肿物突出
3499,严重情绪障碍
3500,白痱
3501,晶状体移位
3502,膝盖砸伤肿痛
3503,胱氨酸储积症
3504,黄指甲
3505,颈椎椎节已有明显退行性变
3506,足部坏疽
3507,血性腹水
3508,肩胛骨酸痛
3509,性早熟
3510,脉搏脱漏
3511,长骨骨骺端钙化不全
3512,湿性坏疽
3513,吟诗样语言
3514,轻度精神发育迟滞
3515,泪腺肿大
3516,人格改变
3517,妊娠期间甲亢
3518,肛门疼痛
3519,咽部粘膜弥漫充血
3520,发热伴咳嗽、咯
3521,筋膜疼痛
3522,死产
3523,烧伤创面焦痂提前潮解、脱落或出现虫咬样变化
3524,出生时小头
3525,唇厚舌大
3526,频繁吐黏液
3527,眶周水肿
3528,近事遗忘现象
3529,扭转动作
3530,继发性失眠
3531,肺源性心脏衰竭
3532,运动性忽略症
3533,两肺弥漫或散在可逆性哮鸣音
3534,乳腺隐痛
3535,重度精神发育迟滞
3536,尿痛
3537,甲状软骨下可触及异物撞击震动感
3538,外阴瘙痒
3539,对多脂饮食不能耐受
3540,胸膜休克
3541,舌无力且不能随意伸缩回旋。
3542,肝淤血
3543,皮肤花纹
3544,精囊增大
3545,足内翻
3546,面容憔悴早老
3547,慢性腰痛伴下肢麻痛
3548,胰源性腹痛
3549,蓝黄色弱
3550,心脏刺痛
3551,肺火
3552,冬季皮肤瘙痒
3553,气喘
3554,呼气中有甜臭味
3555,下体异味
3556,锁骨上的搏动性肿块
3557,关节肿胀
3558,扁脸
3559,血小板减少
3560,震荡性神经受累
3561,痰火郁结
3562,阵发性肠绞痛
3563,肝被膜紧张
3564,盆腔包块
3565,阴道后穹窿触痛
3566,齿龈肿胀
3567,手掌疤痕畸形
3568,肩背部沉重感
3569,斜头畸形
3570,指甲呈现黑色
3571,蜕膜反应
3572,腋下淋巴肿大
3573,肛乳头肥大
3574,睑结膜出现灰白色膜
3575,尿道黏膜外翻
3576,泪道阻塞
3577,胃肠功能不良
3578,产后出血
3579,肺血流量很多
3580,手足抽掣
3581,肝窦扩张
3582,恋兽癖
3583,脊髓半切综合征
3584,老年人高粘血症
3585,急性下肢缺血
3586,绞窄性肠梗阻
3587,心包膜发炎
3588,心脏增大
3589,感觉过敏
3590,鲜红斑痣
3591,皮肤呈浅黄或深金黄色
3592,额叶癫痫的扣带回发作
3593,肺部转移
3594,局限性肾坏死
3595,足痛
3596,背部有隐约麻痛不适
3597,胸部紧迫或束带感
3598,会阴部撕裂感
3599,小腿发胀
3600,椎动脉迂曲痉挛
3601,喉头水肿
3602,肢体变细变短
3603,保持睡眠障碍性失眠
3604,乳腺癌的远处转移
3605,阴道内出现粪质
3606,口鼻周围发绀
3607,蛛网膜腔内囊肿
3608,髓样癌变
3609,乳头样增生变化
3610,外踝前下方肿胀和疼痛
3611,易性别癖
3612,动脉盗血
3613,鼻孔干疼
3614,腹部中线处肿块
3615,胃脘饱胀
3616,慢性盆腔痛
3617,黄斑回避现象
3618,脓尿
3619,维生素D缺乏
3620,高温性水肿
3621,内踝下区域疼痛肿胀
3622,肠管变形
3623,颈髓脱髓鞘性病变
3624,腰大肌阴影消失
3625,持续的肌肉收缩
3626,颜面潮红
3627,牙齿小且无光泽
3628,囊性肿块
3629,水平掌褶纹(通贯手)
3630,运动功能障碍
3631,排钾过多
3632,皮肤无光泽
3633,前臂有旋前畸形
3634,耻骨上痛
3635,气血不足
3636,外阴幼稚
3637,锁骨上及前斜角肌淋巴结肿大
3638,疤痕奇痒
3639,胚胎发育慢
3640,面肌萎缩
3641,脐部有一半球形肿块
3642,发作性四肢肌肉僵直
3643,手无力不自觉的丢落持物
3644,小儿右上腹阵发性绞痛
3645,青年白内障
3646,胃痛
3647,挖鼻孔
3648,梅毒肝
3649,酒精性胃黏膜损伤
3650,肌肉假肥大
3651,婴儿头皮结血痂
3652,舌痛
3653,单侧眼底出现肉芽肿性改变
3654,延髓出血
3655,椎间盘脱出
3656,疼痛性股青肿
3657,不完全性房内阻滞
3658,脚后跟长骨刺
3659,酸烧伤
3660,尿胆原排泻增加
3661,眼胀
3662,抬举性搏动
3663,黄韧带肥厚
3664,肺源性呼吸困难
3665,化学性皮肤灼伤
3666,管型蛋白尿
3667,强硬舌
3668,眨眼率减少
3669,颌突畸形
3670,齿龈有蓝线
3671,不断眨眼
3672,脓包型痘痘
3673,蝶鞍空泡
3674,扁桃体充血肥大
3675,腮腺区肿大
3676,心肌梗死
3677,头部撞伤
3678,口眼歪斜
3679,唇部发绀
3680,气道高反应性
3681,小梁网色素沉着
3682,血管硬化
3683,腰骶部或下腰部疼痛
3684,皮肤粘膜红紫
3685,强握反射
3686,埋藏齿
3687,季节性情绪抑郁
3688,突发、无痛的局部水肿
3689,强直性肌张力增高
3690,婴儿头大
3691,肛管反射消失
3692,肝功能衰竭
3693,缄默症
3694,手指冻肿
3695,鼻分泌物增多
3696,气道陷闭
3697,X型腿
3698,上腹弥漫性压痛
3699,角膜大小不等的透明水泡
3700,肚脐痒
3701,尿渗透压下降
3702,体位性震颤
3703,蜂窝组织炎
3704,色素沉着与色素减退
3705,乳晕发黑
3706,颈后及肩部皮肤发硬
3707,溺多而频
3708,童样痴呆
3709,缺血性挛缩
3710,汗毛过多
3711,舌无力且不能随
3712,胰酶分泌或排出量降低
3713,腰痛伴尿频、尿
3714,脐带血流
3715,血沉增速
3716,进食呕吐
3717,肾病综合征
3718,局部淋巴结肿大
3719,下腹部反跳痛
3720,角膜后胚胎环
3721,无名指不明原因疼痛
3722,小儿便秘
3723,皮肤触痛
3724,酒精性幻觉症
3725,生理性闭经
3726,肝转移
3727,骨的偏心性肿胀
3728,能量不足
3729,心理伤害
3730,子宫有局限性轻压痛
3731,移动性浊音
3732,血虚眩运
3733,多指（趾）畸形
3734,失声
3735,悬雍垂松弛细长
3736,经期出血
3737,蓝鼓膜征
3738,产后便血
3739,阴茎损伤
3740,骨骼表面向外突出
3741,看东西有小黑点
3742,黏膜干燥
3743,锥体束病损
3744,低烧
3745,多汗且臭味较浓
3746,伤口形成一个搏动性肿块
3747,神经质性格
3748,流鼻涕
3749,脐疮
3750,菱形-现象
3751,眼部胀痛
3752,下肢感应痛或放射痛的腰背痛
3753,巩膜出血
3754,广泛性骨质疏松
3755,轻度痛
3756,脓血便
3757,菜花耳
3758,肛门外翻
3759,肋骨及胸骨下吸
3760,定位神经体征
3761,劳动耐力下降
3762,胃肠道胀气
3763,酪氨酸血症
3764,高代谢征群
3765,鼻翼边缘缺损
3766,心脏结构异常
3767,偏头痛
3768,心脏骤停
3769,伤口感染
3770,温醒现象
3771,鼻粘膜苍白水肿
3772,下肢皮肤营养性改变
3773,腕关节桡侧部位的疼痛
3774,肌电图
3775,四边孔处的局限压痛
3776,腓肠肌撕裂
3777,瘀血积聚
3778,上肢水肿
3779,十二指肠有切迹或狭窄
3780,舌口及咽部烧灼感
3781,脊髓内胶质增生
3782,应激功能减退
3783,瓣膜小叶增厚
3784,肾阴阳两虚
3785,血缺氧
3786,胃排空延缓
3787,脊髓的浸润
3788,脾大
3789,原发性便秘
3790,淋巴管淤积
3791,涕唾稠粘
3792,疱疹
3793,血栓外痔
3794,鼻粘膜干燥发痒
3795,腰酸
3796,脐窝内有樱红色息肉样物
3797,三叉神经一二支分布区域疼痛
3798,椎体结核
3799,强迫性穷思竭虑
3800,视网膜出血
3801,颈椎间盘突出
3802,骨软化
3803,角膜糜烂
3804,头颈分离感
3805,齿轮样强直
3806,巩膜小泡
3807,褐色尿
3808,双手震颤
3809,血小板增多
3810,胸骨下端压痛
3811,大腿以下或膝以下肌肉瘫痪
3812,孕妇小腿痒
3813,多汗症
3814,夜盲
3815,肾小管重吸收障碍
3816,创伤
3817,脱发
3818,油腻性鳞屑
3819,关节松弛
3820,交替性暴食厌食
3821,痰呈粘液脓性
3822,情绪性失眠
3823,马蹄内翻足
3824,黄绿稀溏
3825,乳头肌断裂
3826,维生素B12吸收不良
3827,视网膜动脉阻塞
3828,绷急疼痛
3829,妊娠反应
3830,卵泡刺激素(FSH)增高
3831,怀孕时子宫异常增大
3832,鼻泪管阻塞
3833,大便失禁
3834,肝浊音界缩小或消失
3835,骶部可有皮赘，
3836,看东西变远
3837,寒冷刺激下皮损
3838,钙化
3839,腰肌痉挛
3840,健忘性失语
3841,膀胱排空不全
3842,胸口闪电疼痛
3843,膝盖扭伤
3844,静脉血流滞缓
3845,持续性弛张热
3846,单发性坚实性结节
3847,双胎静脉吻合
3848,血管壁及周围有
3849,尿流中断
3850,环状肉芽肿
3851,环甲肌失去收缩或牵引感
3852,断续的肌收缩
3853,面部蝶形红斑
3854,单瘫
3855,咽部异物感
3856,耳廓红肿
3857,头部重压感
3858,痢下赤白粘冻
3859,新生儿皮肤出现红斑
3860,小腿肌肉萎缩
3861,胃黏膜充血水肿
3862,气上沖心
3863,脉络膜凹陷
3864,股神经损害
3865,卵巢囊肿
3866,皮肤发黑瘙痒
3867,喉咙痒
3868,肌肉痉挛
3869,毒蕈碱样症状
3870,夹层血肿
3871,牙龈溢脓
3872,颧面部塌陷
3873,舒张期震颤
3874,呼吸中可有烂苹果味
3875,胸痛
3876,白细胞尿
3877,脱皮
3878,幽门瘢痕性狭窄
3879,三怕(水声、光、风)现象
3880,室间隔缺损
3881,发热伴尿频、尿
3882,臂痛
3883,偏斜骨盆
3884,阴茎短
3885,乳头溢液
3886,寂静腹
3887,八字脚步态
3888,眩晕欲扑
3889,搏动性肿块
3890,腹痛
3891,肩胛放射性疼痛
3892,全身毛发呈灰白色
3893,营养不良性水肿
3894,疤痕萎缩凹陷
3895,牙齿数目不足
3896,尿道局部肿胀
3897,耳廓癣
3898,癫痫的失神发作
3899,肢体忽冷忽热，时红时白
3900,吞酸
3901,晶状体膨胀增大
3902,反复感染
3903,宫底及耻骨联合上方空虚
3904,扳机指的弹响
3905,宫缩乏力
3906,胎动频繁
3907,痰鸣气急
3908,食管闭锁
3909,皮损似干燥的灰泥样
3910,始基子宫
3911,下肢肿胀和乏力
3912,青春期身体发育缓慢
3913,唇干裂
3914,睑结膜硬而扁平的乳头
3915,足掌痛
3916,口腔糜烂
3917,射精疼
3918,手指甲没有白色月牙
3919,肠淤滞
3920,尾部中线有细小凹坑但无任何感觉
3921,骨转移
3922,水疱或大疱损害
3923,上腹部肿块及腹胀
3924,尿道内虫咬感或阴道内虫爬感
3925,手臂肌肉萎缩
3926,十二指肠高度扩张
3927,肌衄
3928,呃逆
3929,睾丸发育不全
3930,饮酒性面红
3931,足跟的后上方疼痛的红色肿块
3932,满月脸
3933,晶状体突出
3934,妊娠蛋白尿
3935,粪便黑色并带有血液
3936,痛性脸抽搐
3937,肝脏轻度脂肪变性
3938,髓性纤维化
3939,排尿前后膀胱区痛
3940,腕关节向尺侧偏斜时桡侧出现剧痛
3941,肺积水
3942,闪电样痛
3943,黄斑盘状变性
3944,面部叩击征
3945,脂肪泻
3946,紧张性失眠
3947,寒战
3948,思维破裂
3949,回肠重复畸形
3950,遗传性果糖不耐受
3951,单侧鼻腔阻塞
3952,退离休综合症
3953,头发分叉
3954,儿童不敢平卧睡觉
3955,脂膜炎
3956,单纯性上半身消瘦型
3957,持续高烧
3958,外阴皮肤肿胀
3959,蝶形骨折
3960,浅昏迷
3961,人工荨麻疹
3962,输尿管向心偏移
3963,肝内管梗阻
3964,潜在中毒
3965,脊髓缺血
3966,第3腰椎横突的
3967,腹壁反射减弱或消失
3968,眼球调节功能减退或消失
3969,碘甲亢
3970,颈性高血压
3971,近视弧
3972,全身皮肤散在黑痣
3973,胎盘老化
3974,脑衰弱综合征
3975,血离脉络
3976,鼻腔中后部出血
3977,单眼失明
3978,眼球运动障碍
3979,阴道流血过多
3980,食管出血
3981,四肢湿冷
3982,子宫内膜异位
3983,压痛
3984,口唇潮红
3985,两肺弥漫或散在
3986,扑翼样震颤
3987,豆纹动脉闭塞
3988,指甲干瘪
3989,中枢性呼吸暂停
3990,阴蒂肥大
3991,皮肤撕脱伤
3992,外斜A征
3993,红色或紫色，稍高起的丘疹或结节
3994,剧烈运动后腰痛
3995,痰呈白色黏稠胶冻状
3996,白细胞增多
3997,转氨酶增高
3998,紧张
3999,下肢湿性坏疽
4000,乳房早发育
4001,纤毛清除功能障碍
4002,烧伤创面淡黄色
4003,血管壁及周围有Ig及补体沉着
4004,扁桃体小或缺如
4005,四肢肌张力增强
4006,肺泡炎症
4007,上肢外展上举困难
4008,心脏病引发的晕厥
4009,多疑
4010,结膜乳头增生
4011,大小便潴留
4012,男性小腹坠痛
4013,皮质激素依赖
4014,蜘蛛痣
4015,胸部大片斑块
4016,掌跖多汗
4017,升主动脉根部环状缩窄
4018,髂窝部疼痛
4019,心音低钝
4020,关节痛
4021,消瘦
4022,上唇附近，鼻旁
4023,上肺纤维化明显
4024,肾区钝痛
4025,挑剔嘴
4026,灌肠癖
4027,阴囊坠胀痛
4028,盐类皮质激素分泌过少
4029,腿前内侧出现感觉异常
4030,粪便中见到褐红
4031,眼球震颤
4032,下肢水肿
4033,面部畸形
4034,呈红色条索，游走的浅静脉
4035,食指感觉消失
4036,脑细胞出现营养
4037,凹陷瘢痕
4038,癫痫的植物神经性发作
4039,前臂旋转痛
4040,肾盏变钝
4041,精神恍惚
4042,二羧基氨基酸尿
4043,呼吸减慢而不规则
4044,头皮不规则裂口
4045,性欲亢进
4046,前房下方有红色血平面
4047,招风耳
4048,经期前乳房痛
4049,疥疮结节
4050,对声音敏感
4051,恋足癖
4052,胆囊运动障碍
4053,重度黄疸
4054,新生儿皮肤褶皱
4055,小腿瘙痒干燥
4056,瓣膜增厚
4057,变应性鼻炎
4058,饥饿时上腹痛
4059,腰椎肥大
4060,继发感染
4061,肛门直肠畸形
4062,尿血
4063,甲状腺功能低下
4064,阵发性夜间呼吸困难
4065,腹部逐渐胀大
4066,脸上长斑
4067,视物模糊
4068,淋巴结穿刺有草黄色清亮液体
4069,精子大头畸形
4070,骨盆痛
4071,胀痛
4072,脑灰质异常
4073,晚发月经
4074,脑膜刺激征
4075,肠蠕动减慢
4076,鼻毛脱落
4077,脑脊液鼻漏
4078,高血脂性血管损害
4079,慢性静脉功能不全
4080,咯血伴黄疸
4081,尿蛋白
4082,神昏气促
4083,弥漫性下腰痛
4084,味觉障碍
4085,儿童期过度生长
4086,尿素廓清障碍
4087,肩周酸痛不适
4088,四肢抽搐
4089,白色念珠菌感染
4090,痉挛性截瘫步态
4091,耳后红斑
4092,定位体征
4093,胆囊扣痛
4094,附睾囊肿
4095,子宫收缩不良
4096,腹部皮肤梅干样皱纹
4097,全身肌张力障碍
4098,藏毛窦
4099,前房色素沉积
4100,腕关节内积血及
4101,酒精过敏
4102,外耳道疼痛
4103,睡眠时间倒错
4104,眼睛痒
4105,胃酸减少
4106,足趾发凉怕冷，呈苍白色或紫红色
4107,睫状充血
4108,儿童反复骨折
4109,药物过敏反应
4110,前列腺分泌物含有许多脓缩细胞
4111,阵发性鼻塞
4112,皮肤轻微创伤即
4113,实火
4114,皮肤胎痣
4115,假声现象
4116,额上汗出
4117,肝内形成嗜酸性肉芽肿
4118,重度肥胖
4119,耳痒
4120,食欲不振
4121,干性坏疽
4122,嗅觉障碍
4123,低血磷
4124,皮肤干而发红
4125,间歇性失忆
4126,块状痰
4127,耳鼓膜破裂
4128,耳壳的干性坏死
4129,肝气犯肺
4130,月经周期改变
4131,子宫颈变大
4132,胰腺功能不足
4133,弥漫性骨膜增厚
4134,脑积水
4135,胸腔疼痛
4136,输尿管囊肿
4137,泌尿道阻塞
4138,神经官能症
4139,喝酒后呕吐
4140,心源性胸痛
4141,肾小管酸化功能障碍
4142,哭泣晕厥
4143,节段性分离性感觉障碍
4144,黑斑
4145,手的搓丸样动作
4146,血压波动大
4147,出汗异常
4148,脊髓丘脑束受压
4149,不自主运动
4150,尿瘘
4151,肌肉压痛
4152,门体侧支循环
4153,手指发绀或坏死
4154,植物神经功能障碍
4155,手指或手臂部刺
4156,阴道持续流血不停
4157,脐轮红肿
4158,球后溃疡
4159,痰湿体质
4160,外阴萎缩
4161,身体下部短于上部
4162,输尿管梗阻
4163,无能力感
4164,脾虚
4165,产后肥胖
4166,Howship-Romberg征
4167,脑缺血灶
4168,口唇渗液
4169,阴道分泌物增多
4170,呻吟
4171,午后潮热
4172,色素斑
4173,神经束损伤断裂
4174,“三偏”症
4175,栓塞性肾炎
4176,胰岛细胞破坏
4177,滑精
4178,淋巴管破裂
4179,深痱
4180,对红绿颜色分辨不清
4181,下消化道少量出血
4182,皮肤苍白
4183,锁合畸形
4184,老人行动迟缓
4185,神志恍惚
4186,尿道瓣
4187,腋窝多汗
4188,子宫颈有举痛
4189,胎心音消失（无胎心音）
4190,蛋氨酸吸收不良综合征
4191,后腹膜纤维化
4192,老年性震颤
4193,风湿性多发性肌痛症
4194,鼻毛变白
4195,交感神经代偿性亢进
4196,支气管分泌物增加
4197,低颅压综合征
4198,湿疣
4199,肢端发绀
4200,神志不清
4201,夜间盗汗
4202,皮肤型屈肢症
4203,饮水呛咳
4204,多饮
4205,髌骨缺失或发育不良
4206,干性咳嗽
4207,不良建筑综合征
4208,侵蚀性水疱
4209,妊娠纹
4210,真菌感染
4211,两肺满布粟粒状阴影
4212,入睡困难
4213,水潴留
4214,精子质量下降
4215,指、拇、脘的伸展功能完全丧失
4216,第２肋软骨痛
4217,头沉
4218,黑睛溃破
4219,指或趾甲下裂片状出血
4220,耳冻伤
4221,新生儿鼻塞
4222,双侧手足徐动
4223,眼肌瘫痪
4224,去质状态
4225,腮腺肿大
4226,喘鸣
4227,焦虑致胸口痛
4228,传导性耳鸣
4229,间歇性鼻阻塞
4230,脉濡弱
4231,异常高大
4232,口酸伴有口苦烧心
4233,痴呆
4234,喝酒后胃疼
4235,肝大而硬
4236,中上腹持续性疼痛
4237,肾盏结石
4238,小便清长
4239,口唇周围有炎性鳞状皮肤
4240,情绪性胃痛
4241,细菌感染
4242,烧伤创面淡黄色粘稠分泌物
4243,紫绀
4244,球后视神经炎
4245,眼眶异物
4246,脾胃虚寒
4247,冲动毁物
4248,卵巢缺如或发育不全
4249,口唇刺痛
4250,子宫附件肿块
4251,夜寐不实
4252,肝脾肿大
4253,组织液渗出
4254,肠囊性积气
4255,背部出现小水泡
4256,乳腺退化不全
4257,言语中断
4258,听力障碍
4259,发作间精神障碍
4260,牙疼
4261,嗜酸性粒细胞增多
4262,跖部纤维痛
4263,扁桃体充血
4264,勃起时间短
4265,孕中期腹痛
4266,面部肌肉痉挛
4267,眼球内积脓而失明
4268,颈椎间盘退变
4269,荨麻疹样皮疹
4270,肾脏破裂
4271,髋部酸胀不适
4272,口腔粘膜弥漫充血
4273,脊柱骨质改变
4274,模仿言语
4275,淋巴液流出
4276,腹部凹陷呈舟状
4277,耳硬化症
4278,角膜溃疡
4279,心脏肥大
4280,收缩早期喀喇音
4281,全身各脏器血流缓慢
4282,手部震颤
4283,幻味
4284,喉部刺痛
4285,呼吸不规则
4286,眉弓囊肿
4287,前期妊娠反应
4288,溃疡外观呈菜花样
4289,类风湿关节炎
4290,心脏穿透性损伤
4291,胸部隐痛
4292,褪黑色素增多
4293,高雄激素血症
4294,空腹时腹部有振水声者
4295,妊娠时出现的多毛
4296,生命体征改变
4297,食管对称性膨大
4298,眵泪粘腻
4299,肢体内翻
4300,怪异步态
4301,脊髓性间歇破行
4302,复听
4303,肝病面容
4304,白天嗜睡夜间失眠
4305,婴儿枕秃
4306,增生性瘢痕
4307,腹膜刺激征
4308,视物变小
4309,胆管梗阻
4310,钙化影
4311,肾缺血
4312,内脏痛
4313,皮下气肿
4314,舌苔发黑
4315,白喉假膜形成
4316,耳源性破伤风
4317,消化道穿孔
4318,微脉
4319,椎前旁软组织肿胀或脓肿
4320,股四头肌损伤
4321,压缩型骨折
4322,顽固性高血压
4323,习惯性尿裤
4324,惊厥
4325,流涎
4326,舌骨区有肿胀压痛
4327,囊样斑块
4328,皮肤异色症
4329,角膜异物
4330,支气管脓性分泌物增多
4331,儿童抽动症
4332,血管杂音
4333,眉毛外侧脱落稀疏而细
4334,牙齿上白垩色到褐色的斑块
4335,恶露不下
4336,下腹剧痛并渐向腹中线扩散
4337,腮腺无痛性肿块
4338,胆道蛔虫症
4339,尿妊娠试验阳性
4340,骨外团块
4341,关节肿大
4342,强迫性脊柱炎
4343,椎节分裂
4344,小儿维生素D缺乏
4345,梅毒感染
4346,肋痛
4347,神志淡漠
4348,病理性黄疸
4349,肝区痛
4350,呈马蜂螫型游走性水肿
4351,稽留流产
4352,深感觉障碍
4353,视力视野改变
4354,肢端缺血
4355,身体蠃瘦
4356,排尿困难及尿潴留
4357,额横纹增深
4358,腋毛毛干上有微小结节
4359,缺碘
4360,面神经瘫痪
4361,巨输尿管症
4362,连续机器样杂音
4363,输尿管间脊肥大
4364,点头征
4365,脐带脱落后伤口不愈并溢液
4366,呼吸气为腐臭味
4367,咽颊部烧伤
4368,关节强硬
4369,阴道溃疡
4370,喘息
4371,扁桃体肥大
4372,肠粘膜脱落
4373,背部长痘
4374,睾丸疼痛
4375,胫前指压性水肿
4376,开放性损伤
4377,尿中有较多尿卟啉
4378,中心暗点或弓形暗点
4379,静脉内持续性血流
4380,髋外侧可见皮下瘀血斑
4381,皮肤硬结冷时疼
4382,肘关节畸形
4383,舞蹈样不自主运动
4384,口腔难愈的白色片状物
4385,咳铁锈色痰
4386,蛙状腹
4387,精神萎靡
4388,身痛
4389,虚火
4390,皮肤划线处的风
4391,阴毛脱落
4392,痱疹样皮疹
4393,胃壁肌层缺损
4394,红细胞体积增大
4395,脊柱的成角畸形
4396,粪便排出过程异常
4397,阴囊水肿
4398,单角或双角子宫
4399,浅眠
4400,兔唇
4401,妊娠后期水肿
4402,小便短赤
4403,乳房巨大
4404,肾小管萎陷
4405,弥漫性鼓音
4406,肥胖
4407,胫骨粗隆肿胀
4408,肠套叠
4409,骨裂
4410,白血病细胞浸润
4411,耳廓擦伤
4412,性发育停顿
4413,阴茎勃起不硬
4414,关节疼痛
4415,食管恶性病变
4416,膝关节不能完全伸直
4417,胆结石
4418,胸骨压痛
4419,胸水
4420,手指末端持续对称性刺痛麻木
4421,心脏停搏
4422,胶冻状便
4423,内脏性肥胖
4424,癫痫的全身强直-阵挛发作
4425,不能持续睁眼
4426,继发性肥胖
4427,足胫软弱
4428,皮肤松弛起皱
4429,腹腔种植
4430,运动不足综合征
4431,磨牙
4432,皮肤黏蛋白沉积
4433,眼球压痛
4434,反酸
4435,手足厥寒
4436,痉挛性偏瘫步态
4437,脑叶出血
4438,淋巴结疼痛
4439,产后极度虚弱
4440,胃窦动力低下
4441,齿龈炎
4442,阴道干涩
4443,胆囊增大
4444,手的歪扭畸形
4445,咯血
4446,儿童胸廓变形
4447,咽部慢性充血
4448,梳头或洗头时头
4449,低镁血症
4450,输卵管肿大
4451,反复舔吮口唇
4452,巨大的结肠
4453,子宫压痛
4454,巨舌
4455,小儿发热
4456,心肌营养障碍
4457,腰部酸胀及无力
4458,鼻翼扇动
4459,妊娠毒血症
4460,夜间咳嗽
4461,脱肛
4462,牵涉性头痛
4463,新生儿期癫痫持续状态
4464,逆行性细菌感染
4465,眼裂细小
4466,鼻咽异物
4467,低氧血症
4468,贪食
4469,高热不退
4470,骨溶解
4471,奇脉
4472,小指单一褶纹
4473,巨大膀胱
4474,甲状旁腺机能减退
4475,腹腔积血
4476,对光反应消失
4477,皮肤受累
4478,胰石阻塞
4479,眼屎多
4480,背部痉挛
4481,角栓
4482,反复呕血
4483,局部静脉硬索状
4484,狭窄骨盆
4485,肚子疼
4486,胸腹部畸形
4487,颈根部斜方肌及
4488,多形红斑样皮疹
4489,颅骨骨折
4490,瘀血性痛经
4491,颈椎增生
4492,口角肌肉的抽搐
4493,近迫性心肌梗塞
4494,无痛性硬实结节
4495,心跳加快
4496,精囊缩小
4497,神经根刺激
4498,类偏狂
4499,口唇发绀
4500,溃疡外观呈虫蚀样
4501,急性腹痛
4502,尿隐血
4503,色觉异常
4504,皮下脂肪坏死
4505,不完全性肠梗阻
4506,抗利尿激素(ADH)分泌增多
4507,剧烈头痛
4508,全身骨骼肌痉挛
4509,两眼下视不能
4510,收缩期反流性杂音
4511,阴道黏膜膨胀
4512,耳垂里有硬疙瘩
4513,便下恶臭
4514,瘤块压迫
4515,食管黏膜呈管型剥脱
4516,咽部灼热疼痛
4517,趾垂症
4518,粪便脓血
4519,口咸
4520,痰火上壅清窍
4521,脉压小
4522,贫血貌
4523,恐水症
4524,不能眨眼
4525,复合性溃疡
4526,肾盂积水
4527,腕关节向尺侧偏
4528,胸膜转移
4529,饭后困倦
4530,钙化灶
4531,胸痛伴冷汗
4532,肠系膜囊肿
4533,肝静脉回流障碍
4534,包皮垢
4535,前额及颧骨突出
4536,漆裂样纹
4537,胸椎侧弯
4538,大便溏泄
4539,眼睑震颤
4540,眼眶缩小
4541,黄视
4542,血清免疫球蛋白可升高
4543,骶骨囊肿
4544,自觉汗臭
4545,鼻端肥大
4546,嗳腐
4547,髓质海绵肾
4548,胃粘膜充血
4549,失血过多
4550,胁部肿胀
4551,肢体肿胀
4552,手指撞伤
4553,大腿肌肉萎缩
4554,无胡须腋毛和阴毛
4555,劳力性晕厥
4556,空肠憩室
4557,骶骨发育不良
4558,胎膜破裂
4559,溢乳
4560,骨皮质变薄
4561,幽门肌肥大
4562,隐球菌感染
4563,胃气上逆
4564,被动体位
4565,渗出型湿疹
4566,肾源性水肿
4567,血栓性赘生物
4568,分离性漫游症
4569,麻风恐怖
4570,目光呆滞
4571,吞咽发呛
4572,交替使用双眼
4573,鼻脓涕有臭味
4574,颅内感染
4575,髋关节积液
4576,恶息、多泡味的
4577,舌头出血
4578,粘膜萎缩
4579,肝细胞索支架塌陷
4580,肾血管畸形
4581,局部游走性红斑
4582,寒凝收引
4583,精神活性物质所
4584,舌质暗红
4585,鼻塞
4586,肛管息肉
4587,内容难以听清的自言自语
4588,痛阈降低
4589,侧支循环发育不充
4590,骶尾部窦道形成
4591,泌乳障碍
4592,膀胱痉挛
4593,髌骨骨裂
4594,囊性坏死
4595,无月经来潮
4596,术后疼痛
4597,过度换气综合征
4598,睾丸增大和变硬
4599,皮肤黑斑
4600,恶病质面容
4601,单侧面部萎缩
4602,癌症晚期胃肠道症状
4603,奔马律心音
4604,红色或紫色，稍
4605,咽部充血
4606,牙齿咬合无力
4607,上额窦囊肿
4608,反复抽搐
4609,皮肤疖痈
4610,左下腹痛
4611,易激惹
4612,侧卧时位于下侧鼻腔出现鼻塞
4613,面部麻木
4614,头皮平直裂口
4615,青少年膝痛
4616,肠鸣
4617,长时间或剧烈运动后前足疼痛
4618,妊娠期间小便不通
4619,张嘴颌骨响
4620,牙齿小而稀疏
4621,截瘫
4622,不典型增生
4623,口腔黏膜黄豆大
4624,隔膜孔道狭小
4625,出血利坏死
4626,乙肝表面抗原（HBsAg）阳性
4627,肝衰竭
4628,头皮触痛
4629,过劳
4630,流口水
4631,右下腹可触及柔软腊肠样肿块
4632,血性恶露持续时间延长
4633,非玻璃体的病变眼前飞蚊
4634,阑尾壁缺血坏死
4635,跌倒发作
4636,髋、膝、肘部呈屈曲畸形
4637,剥脱性皮炎
4638,长时间或剧烈运
4639,原发灶不明的转移灶
4640,前列腺肥大
4641,纵行骨折
4642,肝脏病变弥漫
4643,直肠疼痛
4644,颈部强硬
4645,幻肢痛
4646,腰部僵硬及腰前凸消失
4647,尿频
4648,硬化
4649,毛发脱落
4650,晶状体青光眼斑
4651,胃酸缺乏
4652,面肌抽搐
4653,颈部搏动
4654,心室纤颤
4655,全血细胞减少
4656,蓝色视野缺损
4657,肩胛带“模拟瘫痪”
4658,局灶症状
4659,精神过敏
4660,眼干涩酸胀，易疲劳
4661,胆囊壁变薄
4662,坏疽脓皮
4663,脐尿管残余
4664,耳后乳突水肿
4665,意识改变状态
4666,蛔虫性肠梗阻
4667,早孕反应重
4668,声音嘶哑
4669,咳嗽
4670,表皮角化
4671,尿糖
4672,舌淡体胖
4673,背部酸痛
4674,恶病质
4675,器质性弱视
4676,低钾血症
4677,心脏震颤
4678,肥厚瘢痕
4679,胸壁塌陷
4680,病毒性腹泻
4681,氨基酸尿症
4682,晨起前额疼，午后减轻
4683,下肢血压偏低
4684,胃内翻腾或搅拌感
4685,毛孔角化过度
4686,频繁发笑
4687,高位截瘫
4688,急性面容
4689,左、右腰腹痛
4690,酒精性心肌
4691,蓝巩膜
4692,平滑肌痉挛
4693,餐后综合征
4694,张力性气胸
4695,周围神经损害
4696,血管性头痛
4697,下唇麻木
4698,腭舌咽呼吸肌呈对称性弛缓性轻瘫
4699,大腿刺痛
4700,眼内有异物感
4701,产育过多后腰痛
4702,睁眼昏迷
4703,婴儿睡觉不踏实
4704,婴儿脊柱侧凸
4705,垂体功能紊乱
4706,结节性梅毒疹
4707,心包纤维增厚
4708,反应性细胞改变
4709,房室分离
4710,锑性皮炎
4711,胎黄
4712,弓状指
4713,局部肢体抽动
4714,视神经的原发性萎缩
4715,腹部可触及巨大柔软肿物
4716,肠胀气
4717,色觉丧失
4718,小胃综合征
4719,烦渴多饮
4720,产后消化系统症状
4721,儿童偏食
4722,腹肌严重发育不良
4723,右上腹压痛
4724,便秘伴剧烈腹痛
4725,牙龈萎缩
4726,蚁走感
4727,血清丙肝病毒RNA(HCV-RNA)阳性
4728,状颅皮
4729,手指香肠型
4730,不能伸展拇指
4731,舌胖有齿痕
4732,腱反射亢进
4733,鼻中隔或鼻腔内软骨暴露
4734,里急后重
4735,畏光及流泪
4736,粪便中发现白色节片
4737,指甲出现条纹或斑点
4738,口腔粘膜上白色
4739,手内肌萎缩
4740,暴饮暴食
4741,冷球蛋白血症
4742,念珠菌感染
4743,肢体疼痛
4744,小儿明显瘦小
4745,暴牙
4746,含铁血黄素沉着症
4747,甲状腺机能亢进
4748,眼-头反射消失
4749,恶臭便
4750,小指不明原因痛
4751,宫颈前唇水肿
4752,门齿间距增宽
4753,骨髓损害
4754,突发性疼痛
4755,内脏出血
4756,惊跳
4757,浅棕色斑点
4758,产后自汗盗汗
4759,乳头侵蚀
4760,溃疡外观呈火山口样
4761,四肢发冷
4762,类癌面红
4763,痢疾
4764,听觉过敏
4765,卵泡刺激素(F
4766,眉毛变白
4767,脉搏细弱甚至不能清楚触及
4768,维生素E缺乏
4769,内斜V征
4770,立毛反射亢进
4771,牙齿异常
4772,眼面痛
4773,仰卧呼吸
4774,大疱（含脓性液体）
4775,戒断反应
4776,外阴起疙瘩
4777,黏液尿
4778,弥漫性血管角化
4779,食欲下降
4780,胸肌萎缩
4781,脑缺血
4782,下肢外展
4783,阿司匹林过敏
4784,牙齿遇冷热痛
4785,低血糖性昏迷
4786,手足不规则舞动
4787,腹腔出血
4788,脑白质萎缩
4789,脾湿
4790,焦虑性适应障碍
4791,下鼻甲或中鼻甲肥大
4792,腰软不能直起
4793,呕吐
4794,偏执型人格障碍
4795,频繁遗精
4796,脑桥小脑角综合征
4797,结肠梗阻
4798,阵挛-强直型
4799,皮肤有压痕
4800,色汗
4801,行为无计划性
4802,干性脂溢
4803,吞咽时胸痛
4804,进食过硬的食物口腔损伤
4805,进行性肝缩小
4806,粪便硬结如羊粪状
4807,尿意窘迫
4808,青红丘疹
4809,面部半球形蓝黑色结节
4810,肺纤维化
4811,心理年龄小于生理年龄
4812,手、足部厚壁水疱
4813,膝关节肿胀积血
4814,精子凝集
4815,白晕
4816,尿急
4817,口粘腻
4818,停经
4819,进行性痴呆
4820,小儿进食易呕吐
4821,夜间头痛
4822,便稀时经阴道排出
4823,吸吮反射消失
4824,阴道脓性分泌物
4825,粪便量多
4826,循环衰竭
4827,半年或1岁以后逐步出现智能减退
4828,红细胞呈钱串状
4829,面色苍白
4830,下肢中枢性瘫痪
4831,腓肠肌拉伤
4832,肝脂肪变
4833,气短
4834,开放性神经管缺陷
4835,收缩期和舒张期杂音
4836,温毒厥脱
4837,糖尿
4838,学习障碍
4839,阵发性子宫收缩
4840,肝-颈静脉回流征阳性
4841,纵膈淋巴结肿大
4842,乳腺小叶增生
4843,儿茶酚胺分泌过量
4844,小眼球
4845,膀胱阴道瘘
4846,巨痕症
4847,剧烈运动或强体力劳动后血尿
4848,眼底出血和渗出
4849,败血症征象
4850,顺行性遗忘
4851,湿热浸淫
4852,尿液中有稠厚胶样物
4853,毛孔堵塞
4854,脑室出血
4855,耳道流脓
4856,蛋白尿
4857,腹胀
4858,急性呼吸窘迫综合征
4859,胸椎腰化
4860,头胀
4861,牙齿数目过剩
4862,眼白发红
4863,脓鼻涕增多且不易擤尽
4864,耳根部疼痛
4865,指甲厚脆且多裂纹
4866,口中有金属甜味
4867,感染性赘生物
4868,干燥斑
4869,肛门畸形
4870,指节增粗
4871,青春前期闭经
4872,间歇性血尿
4873,手足多汗
4874,肌肉跳动
4875,新生儿腹胀
4876,光反射消失
4877,代偿性腰椎前凸
4878,一侧颜面肥大
4879,食欲较差
4880,视网膜脱离
4881,高热
4882,凸甲
4883,尿道口有白膜形成
4884,花翳白陷
4885,牙龈痛
4886,幻想失去时间和空间感觉
4887,肠道吸收水分增加
4888,角膜混浊
4889,精冷不育
4890,脐湿
4891,大写症
4892,肩痛
4893,外阴呈幼稚型无阴毛
4894,皮肤粘连
4895,皮肤发黄
4896,麻疹面容
4897,阵挛
4898,妊娠性黄褐斑
4899,喉部淋巴滤泡增生
4900,手足厥冷
4901,习惯性流产
4902,尖头并指
4903,肠壅积
4904,颅骨增生
4905,羊水中回声增强增多
4906,小儿的异嗜症状
4907,近视散光
4908,皮肤呈实质性非凹陷性发硬
4909,右心功能不全
4910,血管神经性头痛
4911,瞳孔异常
4912,进行性肌麻痹
4913,粪便量少
4914,乳房组织大块坏死
4915,线状骨折
4916,肺不张
4917,对侧肢体偏瘫
4918,肠壁纤维化
4919,肝阴虚
4920,关节间隙不规则
4921,发作性咳嗽
4922,尿中雌激素增高
4923,呼吸速率减慢且规则
4924,齿龈铅线
4925,眼结膜水肿及角膜溃疡
4926,心瓣膜穿孔
4927,腓骨肌对称萎缩逐渐向上发展
4928,产后小腹坠痛
4929,持续性下腹疼痛
4930,逼尿肌无反射
4931,肌张力过高
4932,目赤
4933,放射性疼痛
4934,脘痞
4935,皮肤弥漫性红肿
4936,紫斑
4937,婴儿睡觉摇头
4938,单侧及假性手足徐动
4939,HIV感染
4940,上肢突然出现肿胀酸痛
4941,胎痣
4942,无痛性尿血
4943,乳房胀痛
4944,急性肠扭转
4945,新生儿抽搐
4946,视空间功能受损
4947,血睾酮降低
4948,出生后即有持续青紫
4949,蹲踞现象
4950,遗精滑泄
4951,大动脉错位
4952,易跌倒
4953,脑功能不全
4954,臀沟内似夹着异
4955,脑缺氧
4956,醉酒
4957,尿液臭味
4958,脚冻伤
4959,口痛
4960,尿钙增多
4961,上台阶困难
4962,刷牙出血
4963,腹直肌触及边界不清的固定包块
4964,冷结节
4965,面部皮肤皱纹增多
4966,尿道瘘
4967,甲状腺肿大
4968,突发性右上腹绞痛
4969,晶状体混浊
4970,下腹疼痛
4971,手握物无力
4972,肝气郁结
4973,口角向外的放射性皱纹
4974,脓痱
4975,入睡幻觉
4976,失语
4977,舌红少津无苔
4978,气滞
4979,收缩期杂音
4980,皮质激素升高
4981,幻觉
4982,尿比重下降
4983,新生儿全身水肿
4984,说话时字词不能连续
4985,马尾损伤
4986,咬伤愈合的伤口出现痛痒或麻木
4987,头痛
4988,难治性贫血
4989,宫腔积血
4990,弯腰时腰痛
4991,白带异味
4992,前臂旋后功能受限
4993,肾阴虚
4994,热痛
4995,小儿脸上有白斑
4996,口腔粘膜有形似奶块的斑膜
4997,直肠狭窄
4998,脑膜刺激症状
4999,新生儿皮肤薄
5000,阳明热盛
5001,紫癜
5002,舌咬伤
5003,食管痉挛
5004,隐性产后出血
5005,四肢酸痛无力
5006,结肠内形成坚硬的粪石
5007,病理性发笑和哭喊
5008,鼻前庭囊肿
5009,口臭
5010,血尿伴排尿不畅
5011,智力减低
5012,暴晒后的皮肤损害
5013,小脑体征
5014,胸闷憋气
5015,肝被膜血肿破裂
5016,尿赤
5017,虚烦失眠
5018,肌肉无力
5019,眼前冒紫烟
5020,烫伤水泡破了
5021,眼裂歪斜
5022,腿外侧质软半球形包块
5023,尿道口疼
5024,心脏复苏
5025,皮肤紫纹
5026,噩梦
5027,角膜干燥斑
5028,下肢浅静脉曲张
5029,呛咳
5030,空气栓塞
5031,耳廓放射性痛
5032,阵发性或强直性惊厥
5033,晶状体脱位或半脱位
5034,免疫性溶血
5035,肝区血管杂音
5036,血清钠增高
5037,废用性弱视
5038,餐后血糖高
5039,宫颈粘连
5040,高碳酸血症
5041,病理性近视
5042,动脉出血
5043,跖反射伸性
5044,痤疮样皮疹
5045,下半身消瘦型
5046,老年妇女乳房增大
5047,急性阴道感染
5048,小胆管扭曲
5049,功能性头痛
5050,闭孔神经损害
5051,胆道梗阻
5052,偏身麻木
5053,坐立不安
5054,格阴于外
5055,卵巢性多毛
5056,外阴白斑
5057,慢性腹痛
5058,腹壁红斑
5059,间歇热
5060,心脏淤积淀粉样物质
5061,静脉出血
5062,环咽部运动障碍
5063,咽痛声哑
5064,逼尿肌不稳定
5065,乳头破碎
5066,潮红潮热
5067,甲状腺肿
5068,外斐氏试验阴性
5069,软腭运动不对称
5070,老年人腿抽筋
5071,食管腔狭窄
5072,发育性畸形
5073,胆囊积脓
5074,食物在胃的通过障碍
5075,蛛网膜粘连
5076,女性性器官反应缺乏
5077,舌背中后部黑色丛毛
5078,血管伤
5079,浆液脓性分泌物
5080,心血管堵塞
5081,足跟的后上方疼
5082,良性假肥大型肌营养不良症
5083,血管内凝血
5084,高钠血症
5085,受伤后易产生瘢痕
5086,糖类皮质激素分泌过多
5087,掌跖角化过度
5088,尿中持续性排钠
5089,视网膜Roth斑
5090,耳前淋巴结肿大
5091,一侧乳头萎缩，另侧水肿
5092,胎动改变
5093,肌纤维大小不等
5094,睑内翻
5095,下肢浮肿
5096,颞骨隆起
5097,骨髓抑制
5098,晕机
5099,包皮粘连
5100,头颈部活动受限
5101,酒精性肝硬化
5102,虹膜缺损
5103,突肤挺胸
5104,先兆子痫
5105,胎盘钙化
5106,小指感觉消失
5107,下肢神经性疼痛
5108,持续性疼痛
5109,炎性损害
5110,膝、踝反射减退
5111,容易上火
5112,血道播散
5113,虹视
5114,鼻根部水肿
5115,前斜角肌肥厚痉挛
5116,泌尿系感染
5117,意识朦胧状态
5118,猝死
5119,躯干畸形弯曲
5120,功能性震颤
5121,耳垂粘连
5122,眼部感染
5123,孕妇气喘
5124,右侧束支传导阻滞
5125,交感神经高度紧张
5126,惊恐发作
5127,指甲类似云母
5128,乳头皲裂
5129,颞部疼痛
5130,心跳过速
5131,泌尿系统感染
5132,内分泌功能减退
5133,瞳孔大小不等
5134,外阴下坠感
5135,肝气不足
5136,易变性痉挛
5137,周身出汗
5138,鼻黏膜可呈颗粒状易碎的结痂
5139,纤毛上皮细胞损伤脱落
5140,冠状动脉供血不足
5141,纵隔淋巴结增生
5142,弥漫性脂肪变性
5143,红斑鳞屑
5144,胸腺高度萎缩
5145,喉肌无力
5146,生殖器外伤
5147,躯体性疾病所致的精神障碍
5148,鼻腔前部出血
5149,关节扭伤
5150,拇外翻
5151,肛门瘙痒
5152,恶心
5153,全腹痛
5154,痉挛
5155,膨胀性萎缩纹
5156,肝腹水
5157,尿道口痒
5158,心包填塞
5159,紧张性头晕
5160,肥胖性水肿
5161,前列腺钙化
5162,绿色弱
5163,鼻前庭部发痒
5164,觉醒状态丧失
5165,躁狂
5166,反胃
5167,临产后阵痛剧烈
5168,消化道狭窄
5169,高粘滞综合征
5170,皮下脂肪粒
5171,精子稀少
5172,咽喉痉挛
5173,记忆力障碍
5174,难免流产或不可避免流产
5175,肌阵挛
5176,面部脱皮
5177,耳闷
5178,记忆受损
5179,呈开口状态而不能闭合
5180,皮质性遗忘症
5181,易激动
5182,呼吸道阻塞
5183,胆汁淤滞
5184,肌张力减低
5185,心脏转移
5186,代谢性酸中毒
5187,大便习惯改变
5188,毒物致肝损害
5189,阻塞性黄疸
5190,职业神经症
5191,乳房内光滑质韧
5192,脊髓出血
5193,混合型酸碱平衡紊乱
5194,小儿哭闹不安
5195,足趾皮肤发黑
5196,自发性骨折
5197,营养不良
5198,皮肤水疱或大疱损害
5199,疲乏
5200,面下部头痛
5201,深昏迷
5202,喉头增大
5203,颧红盗汗
5204,猝倒
5205,化学性支气管炎
5206,短缩舌
5207,胎儿心动过缓
5208,鼻尖或鼻翼出现
5209,胃排空过快
5210,糙皮病样皮疹
5211,直肠危象
5212,蓖麻子便中常见
5213,无腋毛
5214,耳鸣
5215,凝血功能障碍
5216,湿疹
5217,夕阳综合征
5218,胸腺缺如
5219,颈动脉窦性晕厥
5220,小脑-视网膜综合征
5221,儿童精神运动发育异常
5222,腿脚抽筋
5223,眼睑浮肿
5224,呼吸性碱中毒
5225,髓质增生
5226,男性乳房大
5227,腘动脉搏动减弱或消失
5228,感觉障碍
5229,尿道的条索状肿块
5230,骨骼停止发育
5231,点状出血
5232,五心烦热
5233,心理年龄大于生理年龄
5234,慢性溃疡
5235,肾小球体积增大
5236,四肢血压脉搏不对称
5237,尿淀粉酶升高
5238,扁桃体上有灰色膜
5239,左侧卧时右腰呈空音，右侧卧时左腰呈浊音
5240,髌后疼痛
5241,胫骨假关节形成
5242,眼睛红肿
5243,脚臭
5244,中心暗点扩大
5245,溶血性黄疸
5246,皮肤钙沉着
5247,呼吸急促
5248,久病亏损
5249,便血鲜红
5250,指(趾)甲点状凹陷
5251,低热消疲
5252,宫颈囊肿
5253,髋外侧酸胀
5254,畏寒
5255,脑电波的改变
5256,淤血性心衰
5257,齿龈肥厚
5258,骶尾部急性脓肿
5259,右下腹压痛
5260,盗汗
5261,伸指无力
5262,眼结膜上出现瘀点
5263,肛内轻微隐痛坠
5264,前臂及手部肌群的缺血性挛缩
5265,痉挛性截瘫期
5266,免疫缺陷
5267,无尿
5268,耳聋
5269,胸椎畸形
5270,口咽异物
5271,颜面充血呈樱桃红色
5272,季节性手脱皮
5273,指（趾）麻木
5274,腹痛伴腹泻
5275,女阴会阴出现红色结痂斑块
5276,上腹部包块
5277,经期头痛
5278,驼背
5279,皮肤肉芽肿
5280,肢端硬化
5281,面色觥白
5282,皮肤油腻
5283,耳漏
5284,呈肾上腺素能依赖性
5285,乳腺囊性增生
5286,膝关节软弱无力
5287,支气管以下的损伤
5288,骨髓的发育异常
5289,抽动障碍
5290,甲状腺扪及光滑坚实的椭圆形结节
5291,常染色体畸变
5292,头痛为搏动性
5293,脚底干裂
5294,单眼突然出现一过性黑蒙
5295,侧卧时位于下侧
5296,小儿发烧后身上起红点
5297,血糖升高
5298,黏液囊肿
5299,失明
5300,心尖部第1心音亢进
5301,肌肉萎缩
5302,[详细]
5303,前庭神经受损
5304,阴唇融合
5305,睡觉时小腿抽筋
5306,胆心综合征
5307,进食流泪
5308,逆行性遗忘
5309,口吃
5310,软腭浅表溃疡
5311,肩臂外侧的感觉
5312,喉结增大
5313,尿道痒感
5314,同位素32磷吸收试验阳性
5315,阴道排出碎块组织
5316,肠壁坏死
5317,尿路结石
5318,鼻唇沟变浅
5319,腹泻为水样带黏
5320,胃灼热
5321,卵巢性闭经
5322,粘膜有粘着性白斑
5323,烦热
5324,老人性格孤僻
5325,心搏漏跳
5326,孤独症
5327,局部静脉压痛
5328,落枕
5329,生殖泌尿道危象
5330,精神运动性兴奋
5331,尿泡沫
5332,肺内病变
5333,髋关节脱位
5334,胃肠气胀
5335,心包炎
5336,露出骨头的骨折
5337,疥疮恐惧
5338,耳内流脓
5339,结膜异物
5340,无瘙痒，无肝胆疾病的皮肤黄染
5341,腱反射消失
5342,全身持续性水肿
5343,气胸
5344,继发性便秘
5345,关节纤维变性
5346,眼底樱桃红斑
5347,胃酸过多
5348,β-氨基酸尿
5349,前臂外侧和手指
5350,关节囊损伤
5351,肩带肌、上肢和胸背部诸肌的肌无力和肌萎缩
5352,代脉
5353,面色青紫
5354,弱视眼的拥挤现象
5355,痔核
5356,垂体功能减退
5357,皮下指头至鸽蛋
5358,耳道异物
5359,直肠脱垂
5360,声带老化
5361,关节畸形
5362,下腹绞痛
5363,浅筋膜炎
5364,巩膜黄染
5365,黄斑囊样水肿
5366,老年男性乳房无
5367,瞳孔变形
5368,角膜上皮糜烂
5369,窒息
5370,早晨上下眼睑粘连
5371,甲下出血
5372,睑结膜泪阜区灰
5373,爆发性水泻
5374,面部一侧出汗另
5375,大便异常
5376,脉压缩小
5377,白色恶露
5378,发热伴有皮疹
5379,持续性咳嗽
5380,歪斜指
5381,颈部疼痛
5382,低血糖惊厥
5383,肛门坠胀
5384,外耳道狭窄
5385,昏迷
5386,伴皮膜粘膜出血
5387,小支气管平滑肌挛缩
5388,营养障碍
5389,颈椎变形
5390,咀嚼肌痉挛
5391,甲身凹沟
5392,腰背的持续隐痛
5393,腹胀呃逆
5394,败血症
5395,指趾端干性坏死
5396,喉咙冒黏液
5397,十二指肠扩张
5398,睡眠障碍
5399,室性早搏
5400,二尖瓣脱垂
5401,右室肥厚
5402,肝内胆管结石
5403,白带发黄
5404,限局性巩膜膨隆肿物
5405,掌纹atd角大
5406,腰部的不稳交锁现象
5407,子宫内膜增生性病变
5408,肠管出血
5409,第一心音亢进
5410,干性皮肤
5411,婴儿睡觉前哭闹
5412,手足麻木
5413,黄白色黏痰有水果味
5414,烧伤后脉搏增速
5415,肺下叶周围呈节段性或大叶性模糊阴影
5416,器质性精神障碍
5417,胎盘大
5418,血流不畅
5419,胚胎发育供血不足
5420,少儿脊柱侧凸
5421,疤痕体质
5422,唇上长有小水泡
5423,鼻腔干燥及结痂
5424,指甲尖有缺痕
5425,舌体肥大
5426,房室传导阻滞
5427,脐腹部或胁肋部患有癖块
5428,阴茎表浅性溃疡
5429,季节性浅红斑片
5430,肺性肥大
5431,部位不定的疼痛
5432,棘突压痛
5433,易于产生病理嫉妒信念
5434,短颈
5435,小儿爱咬指甲
5436,有排卵性功血
5437,弥漫性头痛
5438,宫颈闭锁
5439,痔出血
5440,输精管变粗
5441,拇、食、中三指有放射痛
5442,假孕
5443,肢体栓塞
5444,灰白色结节
5445,强迫仰卧位
5446,间歇性头晕
5447,后发性遗忘
5448,脚外侧疼
5449,鼻梁平塌
5450,踝及足麻木和有灼痛感
5451,心脏重量增加
5452,鼻甲肿胀
5453,牙齿颜色异常
5454,牙齿形态异常
5455,器质性神经损害
5456,周期性发作的巩膜充血
5457,指(趾)甲横断
5458,前臂外伤后疼痛
5459,震颤
5460,肢体局部的皮肤颜色和温度改变
5461,耳垂过大
5462,低血容量休克
5463,遇冷后排汗增多
5464,脑干损害体征
5465,趾(指)环状缩窄带
5466,癔症步态
5467,牵涉痛
5468,走动性自动症
5469,额叶癫痫的“击
5470,脱屑
5471,膝关节内侧肿胀
5472,纳差
5473,肌无力危象
5474,腹痛伴恶心、呕吐
5475,情感暴发
5476,角弓反张
5477,乳房硬化
5478,上眼睑增厚松弛
5479,嗳气
5480,单次发作抑郁症
5481,食管梗阻
5482,脸颊发灰
5483,痛性溃疡和渗出
5484,乏力
5485,性交疼痛
5486,指甲呈扇形
5487,肝掌
5488,掌心凹消失或稍隆起
5489,软骨内骨化
5490,耻骨直肠肌痉挛性肥大
5491,呼吸抑制
5492,外伤性低位截瘫
5493,皮肤有瘙痒抓痕
5494,口唇苍白
5495,肌肉挛缩
5496,冷汗
5497,头皮瘙痒剧烈并有血痂
5498,血清睾酮浓度低下
5499,气虚体质
5500,宫腔积脓
5501,阴道持续中量流血
5502,动脉呈多处伸长扭曲状
5503,顽固性心功能不全
5504,继发性不孕
5505,难免早产
5506,婴儿睡觉惊跳
5507,口咽部水疱状损害
5508,立卧心率差数
5509,耳道划伤
5510,女性乳房表浅质硬状如象皮者的皮下结节
5511,乳汁分泌减少
5512,发热伴关节肿痛
5513,伏脉
5514,女性乳房表浅质
5515,胫骨干骨不连
5516,精子存活率低
5517,神经根激惹症状
5518,小儿夜惊咬指
5519,逸搏出现
5520,青枝骨折
5521,摸空症
5522,雾视
5523,弛张热
5524,神经性厌食
5525,波动性听力减退
5526,代谢性低钾
5527,凝视征
5528,酩酊感
5529,长头畸形
5530,眼球内斜
5531,肥胖并痛性结节
5532,心悸
5533,视网膜静脉纡曲怒张
5534,雌激素不足
5535,不协调性兴奋
5536,胎搐
5537,打鼾
5538,腹泻
5539,乳腺发育不良
5540,胃纳减退
5541,气血失和
5542,记忆力消失
5543,皮疹
5544,皮肤紫癜
5545,蛛网膜增厚
5546,怕冷
5547,上肢麻痹
5548,喉管阻塞
5549,听阈上升
5550,漏斗骨盆
5551,急性呼吸困难
5552,肘关节不能屈曲
5553,结肠憩室
5554,角膜反射迟钝
5555,潮式呼吸
5556,偏盲偏身感觉障碍
5557,头昏
5558,泪腺发炎
5559,脑脊液蛋白量增高
5560,盆腔坠痛
5561,睡觉流口水
5562,结膜充血
5563,骨髓象改变
5564,穿凿样改变颅骨破坏
5565,纵隔阴影
5566,汗腺分泌体味
5567,定向力障碍
5568,泪腺囊肿
5569,白甲
5570,眼底改变
5571,硬斑
5572,老年人流泪多
5573,脑室受压移位
5574,自恋
5575,以偷窥为快感源泉的性变态
5576,关节游走性疼痛，肿胀
5577,排尿过程中发生晕厥
5578,半侧面部发育不良
5579,多食
5580,左边脸颊长痘
5581,间歇性耳痛
5582,抗利尿激素(ADH)分泌减少
5583,脑血管动静脉畸形
5584,粥样泻
5585,胃镜下表现出广泛黏膜红斑
5586,对女性物品的非正常爱好
5587,静脉曲张性溃疡
5588,输精管堵塞
5589,腰痛伴肾区叩击痛
5590,膝关节疼痛
5591,肝炎导致的化脓结痂
5592,基底节出血
5593,骨压痛
5594,代偿作用
5595,手掌及足趾皮肤过度角化
5596,粪柱变形变细
5597,腰部包块
5598,上半身热刺激性多汗
5599,老人剧烈咳嗽
5600,肢端角化
5601,肥大结节纤维组织增生
5602,头大畸形
5603,全秃
5604,脊柱生理弯曲消失
5605,胆汁性肝硬化
5606,吞咽困难
5607,急性尿潴留
5608,儿童退缩行为
5609,进行性颈部肿块
5610,耸肩
5611,慢性湿疹样变
5612,胃窦狭窄
5613,经闭不行
5614,伸臂握手疼痛
5615,腕下垂
5616,颈部肌肉肿胀变硬
5617,信息成瘾
5618,浮脉
5619,脊柱弯曲
5620,浅感觉减退或缺失
5621,脑干梗塞
5622,阴道粘连甚至闭锁
5623,心肌细胞的浊肿
5624,软骨发育不良与
5625,尿暗黑色
5626,肢端溃疡
5627,阴血亏损
5628,肺动静脉瘘
5629,食物下咽时颈部有气过水声感
5630,手指麻痛
5631,恶心与呕吐
5632,脐周阵发性绞痛
5633,舌肌麻痹
5634,排尿时外阴灼热、瘙痒或疼痛
5635,手腕在大拇指侧的疼痛
5636,异位钙化
5637,红斑(边界清楚
5638,斑秃
5639,头晕
5640,胸廓塌陷畸形
5641,胸痛伴胸闷、心悸
5642,血虚
5643,持续低烧
5644,无瘙痒，无肝胆
5645,红细胞压积偏高
5646,女性小腹疼痛
5647,臀部闪电疼痛
5648,髌下疼痛
5649,蜂窝肺
5650,小腿内侧感觉丧失
5651,上呼吸道卡他症状
5652,生长激素分泌过少
5653,手足发抖
5654,瘤体牵拉
5655,抗感染能力下降
5656,肾小球基底膜蛾噬现象
5657,下腔静脉血栓形成
5658,非对称性紧张性颈反射
5659,对铋盐过敏
5660,先天性少白头
5661,中骨盆狭窄
5662,黄疸
5663,上唇变薄
5664,眼压升高
5665,脉象细数
5666,羞明
5667,拔牙后出血不止
5668,丘脑下部损害
5669,扁平苔癣
5670,手指发僵疼痛
5671,新生儿蛋白尿
5672,气管阻塞
5673,桡骨茎突剧痛
5674,足趾痛
5675,运动性兴奋或抑制
5676,指甲翘起
5677,口唇泛红
5678,桡骨茎突部局限性疼痛
5679,囊肿样改变
5680,心动过速
5681,角结膜干燥症
5682,头皮结痂
5683,口唇常无力而不能鼓气
5684,颈髓完全性损伤
5685,小腿外侧及足背
5686,皮肤出血斑
5687,鼻塞及反射性头痛
5688,骶骨裂
5689,寒热交作
5690,三角头畸形
5691,大量饮酒后突然
5692,泌尿道狭窄
5693,癌性疼痛
5694,水母头征
5695,膀胱功能障碍
5696,无动性缄默
5697,言语紊乱
5698,青春期胸部发育缓慢
5699,迟脉
5700,异性蛋白反应
5701,毒品依赖
5702,趾短小
5703,产褥期幻觉妄想状态
5704,打软腿
5705,直立性尿蛋白
5706,癫痫性人格改变
5707,脸颊出现红血丝
5708,牙龈出血
5709,新生儿反应低下
5710,摩擦型性变态
5711,手部急性化脓性感染
5712,起搏频率增高
5713,对女性物品的非
5714,回吸性涕血
5715,痰检或可找到丝状蚴
5716,括约肌功能障碍
5717,耳堵
5718,鼻外部膨胀隆起
5719,皮肤肥厚
5720,淋巴结充血
5721,咳痰
5722,小腿肿胀疼痛
5723,睡眠节律紊乱
5724,暴怒
5725,尿涩
5726,反复生殖器溃疡
5727,心排血量增多
5728,自主神经危象
5729,酒后四肢酸痛
5730,儿童大便失禁
5731,关节僵直
5732,玫瑰疹
5733,双眉间长痘
5734,口粘
5735,化脓结痂
5736,尿酸盐在关节内沉积增多
5737,以头昏为主的眩晕
5738,皮肤擦伤
5739,脱水热
5740,溃疡疼痛
5741,腹股沟处或闭孔处肿胀
5742,眉下垂或位置低
5743,下呼吸道感染
5744,三联征
5745,糖代谢紊乱
5746,假日心脏综合征
5747,上行性皮肤麻木
5748,重症肌无力
5749,子宫出血
5750,下睑外翻
5751,血肿形成
5752,核黄疸
5753,恶食酸物
5754,阴部皮肤潮红
5755,精索增粗肿胀
5756,颌骨关节痛
5757,混浊尿
5758,下肢放射痛
5759,喂食困难
5760,攻击行为
5761,大便粘腻
5762,剧烈运动后哮喘
5763,产后小便频数或
5764,乳腺胀痛
5765,低钙血症
5766,牙根外露
5767,咳出棕色痰栓
5768,眼压突然迅速升高
5769,排气障碍
5770,羊水粪染
5771,下蹲困难
5772,眉弓凹陷
5773,皮肤粘膜色素斑
5774,血液呈现浓缩
5775,脾栓塞
5776,月经期间腰疼
5777,纵隔浊音界扩大
5778,异型网织细胞
5779,空虚症
5780,辗转体位
5781,雄激素过多
5782,甘油三酯
5783,全身皮肤粗厚
5784,胃阴虚
5785,肛内轻微隐痛坠胀或不适感
5786,技术狂躁症
5787,子痫症状
5788,前臂外侧和手指触电样疼痛
5789,目痛
5790,强迫性体位
5791,微血管心绞痛
5792,四肢远端麻木、
5793,踝关节疼痛
5794,腋毛和阴毛脱落
5795,肌肉疼痛
5796,丹毒样外观
5797,硬腭呈半圆形隆起
5798,肌肉颤动
5799,下腹坠胀
5800,带状疱疹样外观
5801,清晨早醒且不能再度入睡
5802,气息异常
5803,丧偶后适应性障碍
5804,卧床不起
5805,眶周瘀斑
5806,无痛性阴囊内肿块
5807,假性前房积脓
5808,胸段或腰段脊髓伤
5809,入球小动脉玻璃样变
5810,踝关节屈曲挛缩畸形
5811,指甲、耳软骨出现褐色色素沉着
5812,毒性表现
5813,智能减退
5814,竹节脊柱
5815,小儿遗尿
5816,扁平型骨盆
5817,绝经后出血
5818,失盐
5819,肌肉撞伤
5820,鼓腮和吹口哨漏气
5821,膀胱纤维化
5822,血压下降
5823,乳头状肿物
5824,酮尿
5825,小腿溃疡
5826,中上腹痛
5827,牙脱位
5828,邪恋正虚
5829,口淡黏腻
5830,静脉曲张性外痔
5831,头部及眼后部疼
5832,烦渴饮冷
5833,附睾结石
5834,心率过缓
5835,急腹症
5836,意向性震颤
5837,脑脊液白细胞增加
5838,食管反流症状
5839,头部偏向一侧做扭转运动
5840,骶部可有皮赘，形成尾巴
5841,夏季厌食症
5842,鼻衂
5843,尿比重增高
5844,动脉造影异常
5845,心窝部隐痛
5846,皮肤含铁血黄素沉着
5847,继发性癫痫
5848,新生儿眼屎多
5849,孕妇非妊娠原因的腹痛
5850,腓肠肌强直收缩
5851,绿色盲
5852,耳蜗性耳聋
5853,粪便带绿色
5854,皮肤黏膜紫斑
5855,运动失调
5856,逼尿肌反射亢进
5857,成年后的容貌仍似儿童
5858,选择性缄默症
5859,肝郁脾虚
5860,瞳孔缘色素外翻
5861,发音改变
5862,剧烈运动后头晕
5863,耳内闭塞感
5864,偏瘫
5865,单纯性晕厥
5866,浑身酸痛
5867,溶血性贫血
5868,手套或短袜子式
5869,腰疼
5870,感染诱发昏迷
5871,胃火口臭
5872,嗳气时有腐败鸡蛋的气味
5873,乳房红肿热痛
5874,紧张性木僵
5875,眼张不开
5876,肛门区红肿及痛性硬块
5877,手指和足趾无痛
5878,子宫增大明显（子宫增大超过胎龄）
5879,关节液渗出
5880,气机不畅
5881,角回受损
5882,婴儿需要较大量的维生素B6
5883,眼睑肿胀且呈淡绿色
5884,卓-艾综合征
5885,颜面受累时褶皱
5886,低血钾
5887,麻痹
5888,肝内HDAg仅一过性阳性
5889,遗传性肥胖
5890,小儿青盲
5891,剧烈眩晕，站立不稳
5892,脊神经根受损
5893,儿童行为孤僻
5894,克汀病面容
5895,寰枢关节不稳定
5896,踝阵挛
5897,主动脉弓右位
5898,思维紊乱
5899,注射针眼和手术切口出血
5900,月经时多时少且
5901,瘀斑性环
5902,多克隆型冷球蛋白血症
5903,胆管断裂
5904,“冻僵”现象
5905,反复上呼吸道感染
5906,构音不清
5907,周身炎症反应
5908,牙缝增宽
5909,先兆早产
5910,腰背痛
5911,腰部钝痛
5912,脖子扭痛
5913,主动脉瓣上膈膜型狭窄
5914,湿罗音
5915,慢性面容
5916,股部内侧靠近阴囊处的皮疹
5917,压榨样绞痛
5918,腹肌紧张
5919,脏腑功能失调
5920,噎痛感
5921,被窃或疑病妄想
5922,气过水声
5923,骨代谢减低
5924,腹部不适
5925,呼吸浅慢
5926,指(趾)骨梗死
5927,面长耳大
