0,血肌酐(Cr,Crea)
1,速发型变态反应皮肤测试
2,运动功能检查
3,GnRH兴奋试验
4,腹部血管超声检查
5,角膜检查
6,鼻胆管引流（ENBD）
7,HPV检查
8,抗甲状腺过氧化物酶抗体
9,凝血因子活性测定
10,甲状腺、甲状旁腺的超声检查
11,葡萄糖6-磷酸脱氢酶荧光斑点试验
12,Ⅱ级产前超声检查
13,极低密度脂蛋白-胆固醇
14,血清触珠蛋白（Hp）
15,游离甲状腺素
16,沉淀反应
17,优生五项
18,腹部叩诊
19,抗线粒体抗体（AMA）
20,尿肌红蛋白
21,红细胞乳酸生成率
22,腺病毒抗体
23,儿童五官科检查
24,血清α1-酸性糖蛋白
25,髋膝屈曲试验
26,前臂直尺试验
27,产科检查
28,尿谷草转氨酶（GOT）
29,阴茎动脉血压
30,骨盆倾斜试验
31,弓形虫点免疫金渗滤法
32,磁共振平扫
33,血浆蛋白C抗原
34,75克葡萄糖耐量检查
35,包虫病补体结合试验
36,变性球蛋白(Heinz)小体生成试验
37,尿胆原（URO）
38,脑脊液髓鞘碱性蛋白片段
39,血清骨钙素（BGP）
40,肺内分流量（Qsp,Qs/Qt）
41,精液酸性磷酸酶
42,颞动脉活检
43,性别观察
44,胶乳凝集抑制试验(LAI)
45,胆道系统特殊检查和护理
46,脑脊液环磷腺苷
47,血清载脂蛋白测定
48,纤维蛋白原
49,尿肌酐
50,身体器官功能与营养
51,芬科斯试验
52,尿液细菌培养
53,抗丁型肝炎病毒IgG抗体
54,血氧饱和度(SaO2)
55,阴道瘘膀胱镜检查
56,血液电解质检查
57,凝血酶原时间（PT）
58,床旁摄片
59,神经系统核医学检查
60,孕尿雌三醇测定（E3）
61,血清胰高血糖素（PG）
62,芬斯特弗征
63,双氢睾酮
64,狼疮带试验
65,角膜染色法
66,血清总脂
67,脑脊液梅毒血清补体结合反应
68,抗单链DNA(ssDNA)抗体
69,血吸虫间接血凝试验
70,乙肝两对半
71,孕酮(P)
72,脑脊液5-羟吲哚乙酸
73,人绒毛膜促性腺激素
74,淋菌培养
75,中年男性体检
76,脑脊液铜
77,甲状旁腺激素
78,拇短展肌肌力试验
79,肺通气功能
80,尿隐血（BLD）
81,流行性脑脊髓膜炎免疫学试验
82,上消化道X线钡餐
83,血清Ⅳ型胶原蛋白
84,色觉
85,臂丛牵拉试验
86,胎儿发育检查
87,粪钙
88,变性球蛋白(Heinz)小体染色试验
89,引线试验
90,弓形体抗体测定
91,鼻内激发试验
92,4字试验
93,介入性宫内取材检查
94,巴氏(Pap) 阴道细胞涂片检查
95,淋巴细胞比值(LY%)
96,步态分析
97,血清三碘甲状腺原氨酸
98,趾长屈肌肌力试验
99,负荷试验脑血流灌注显像
100,抗心肌抗体（AMA）
101,大隐静脉瓣膜功能试验
102,戈德伟特试验
103,卧立位试验
104,面神经的运动检查
105,阴道窥器检查
106,压颈试验
107,颅整体观
108,嗜酸性粒细胞计数（E）
109,脑脊液环磷鸟苷
110,胎心胎动
111,血清甲胎蛋白(AFP)
112,尿前列腺素
113,孕激素
114,β2-微球蛋白清除试验
115,皮肤颜色
116,蔗糖溶血试验
117,异型中性粒细胞
118,床边试验
119,前列腺特异性酸性磷酸酶
120,3-甲氧基肾上腺素
121,Y染色质
122,外阴部妇科常规检查
123,部分凝血活酶时间
124,胃液蛋白酶
125,男科计算器体层扫描 (CT)
126,甲状腺131碘吸收率
127,糖链抗原19-9
128,血栓调节蛋白活性
129,肿瘤筛查
130,鞠躬试验
131,血浆纤溶酶―抗纤溶酶复合物测定
132,食管造影
133,梅毒螺旋体明胶凝集试验
134,抗肾小球基底膜抗体测定（AGBM）
135,红细胞滤过指数（IF）
136,环磷酸鸟苷
137,尿液去甲肾上腺素
138,抗巨细胞病毒抗体（CMV－AB）
139,抗丙型肝炎病毒IgA抗体
140,小儿角膜检查法
141,不孕的基础体温测定
142,破伤风抗毒素皮内试验（TAT)
143,钩蚴培养法
144,尿钙
145,全血砷
146,地塞米松抑制试验
147,五官MRI检查
148,抗淋巴细胞抗体（ALA）
149,血液及骨髓标本的细菌学检验
150,还原型血红蛋白溶解度测定
151,托马斯试验
152,甲状腺静态显像
153,氨基酸测定
154,高峰胃酸分泌量
155,血清支链氨基酸/芳香族氨基酸比值
156,肺总量（TLC）
157,抗甲状腺抗体
158,乙型肝炎e抗原
159,球囊逼出试验
160,听力检查法
161,阴道毛滴虫检查
162,碱性磷酸酶(ALP,AKP)
163,肺通气量
164,烟碱
165,引颈试验
166,震动觉
167,尿β半乳糖苷酶
168,粪便寄生虫
169,足轴线偏移
170,酸性磷酸酶染色
171,前锯肌肌力试验
172,尿孕酮
173,血清丙氨酸氨基转移同工酶
174,妇科的保健体检
175,尿黑酸定性试验
176,精液肉毒碱
177,血浆17-羟孕酮（17-OHP）
178,羟赖氨酸
179,于夏征
180,巩膜透照
181,两手互握试验
182,维生素K
183,前列腺液中淀粉样体
184,子宫疾病自检
185,血清补体C3
186,尿酮体检查（KET）
187,PPD试验
188,前列腺液中细菌和原虫
189,全血锰
190,超级影像
191,膀胱颈抬高试验
192,痰液颜色
193,涂片
194,腹腔脏器的叩诊
195,血清α1-抗胰蛋白酶蛋白
196,肝大小
197,冷凝集试验
198,嗜异性凝集吸收试验
199,拇收肌肌力试验
200,抗甲状腺过氧化物酶自身抗体
201,血管紧张素Ⅱ
202,跟轴线测量
203,毛细血管搏动征
204,循环免疫复合物（CIC)
205,禁水加压素试验
206,白细胞介素5（iL-5）
207,抗心肌抗体
208,粪胆原
209,胆道镜检查
210,血液葡萄糖
211,浆膜腔积液细胞学检查
212,骨盆挤压试验
213,脱氢异雄酮(DHEA,DHA)
214,握力体重指数
215,乳房手术活检
216,血清运铁蛋白（Tf）
217,支气管舒张试验
218,类风湿相关核抗原(RANA)抗体
219,上消化道摄影检查
220,指鼻试验
221,血清转铁蛋白
222,男性生殖系X线检查
223,头皮检查
224,子宫位置
225,视野检查
226,灭活血清反应素试验
227,寄生虫检查的直接涂片法
228,视觉诱发电位
229,苯丙氨酸脱氨酶试验
230,抗血小板抗体
231,高铁血红蛋白还原试验
232,男科检查
233,两下肢长度
234,癣菌素试验
235,粘稠度
236,血清碱性磷酸酶同工酶测定（iso-ALP）
237,餐后血清锌浓度反应试验(PICR)
238,血清胆固醇与磷脂比值
239,面容表情
240,抗丁型肝炎病毒IgM抗体
241,积液腺苷脱氢酶
242,骨三相显象
243,多导睡眠图检查
244,阴茎海绵体血管活性物质注射
245,抗登革病毒IgG抗体
246,尿液粘多糖检测
247,抗神经元核抗体(Hu,Ri)
248,摸空征
249,红细胞磷酸甘油酸激酶
250,直接胆红素
251,β-半乳糖苷酶
252,耳的一般检查法
253,梅毒血清试验
254,骨髓各系细胞形态学检查
255,血小板第3因子功能检测
256,药敏试验
257,尿胆汁酸
258,过氧化酶染色
259,已糖胺全酶
260,血清阴离子测定
261,血吸虫抗体
262,碱剩余
263,肺容量测定
264,梅毒定性试验
265,甲状腺显像
266,前列腺指检
267,隐球菌病胶乳凝集试验
268,血清纤维结合蛋白
269,抗心肌磷脂抗体
270,脱落细胞检查
271,c-erbB-2基因检测（c-erbB-2,neu,HER-2）
272,血管彩超
273,抗红细胞抗体
274,俯卧伸髋试验
275,痰液显微镜检查
276,华(Wassermann)氏补体结合试验
277,睾丸检查
278,血清免疫球蛋白G亚类
279,库姆斯氏试验
280,羊水细菌检查
281,暗适应曲线
282,B因子
283,病理反射检查
284,对数视力表
285,尿比重
286,足长身高预测法
287,木糖测定
288,尿半乳糖
289,蝰蛇毒复钙时间
290,尿酸度
291,静脉注射肾盂摄影检查
292,磁共振血管造影
293,宫颈粘液相合试验
294,肝功能检查
295,血小板黏附试验
296,血清氯化物（Cl）
297,系统胎儿超声检查
298,抗链球菌溶血素“O”试验
299,胎盘生乳素
300,弹跳征
301,血栓烷B2
302,双合诊
303,抗幽门杆菌IgG抗体
304,流行性出血热病毒抗体
305,胰泌素
306,抗血小板抗体（APA）
307,枸橼酸盐利用试验
308,嗜酸性粒细胞数
309,血清白蛋白与球蛋白比值（A/G）
310,肿瘤VIP受体显像
311,血清乳酸脱氢酶（LDH）
312,肺容积
313,脑池显象
314,血液硫化血红蛋白
315,直肠-肛门运动功能测定
316,抗磷脂抗体
317,戊型肝炎抗体（抗-HEIgM）
318,气道过敏试验
319,亚健康人群体检
320,阴道活检
321,一秒用力呼出量／用力肺活量比值
322,甲状腺血流显像
323,踝关节背伸试验
324,β-N-乙酰氨基葡萄糖苷酶
325,雅加森试验
326,血清补体C4
327,尿二胆检查
328,冷溶血试验
329,血清甘油三脂
330,羊水一般检查
331,侧方应力试验
332,尿道抬举试验
333,逆行胰胆管造影（ERCP）
334,婴幼儿视力检查
335,精子制动试验
336,胃基础胃酸分泌量测定（BAO）
337,淋巴细胞转换试验（LTT）
338,椎板间隙显微内窥镜
339,血PSA检查
340,尿蛋白试验（PRO）
341,小指对掌肌肌力试验
342,抗双链DNA抗体
343,血浆17-羟孕酮
344,尿磷
345,精氨酰琥珀酸裂解酶
346,血清锌（Zn）
347,尿中白细胞（WBC,LEU）
348,尿17-酮皮质类固醇（17-KS）
349,脑脊液钙
350,α-巯基乙醇试验
351,抗溶血性链球菌“O”试验
352,间接免疫荧光试验
353,精液颜色
354,抗肾上腺皮质抗体
355,预产期推算
356,基础胃液分泌量
357,尿汞
358,脑脊液C-反应蛋白
359,红细胞比积(PCV)
360,痰液性状
361,维生素C（VitC,Vc）
362,甲状腺球蛋白
363,坐位体前屈测试
364,直接抗人球蛋白试验
365,宫颈粘液检查
366,丙型肝炎病毒抗体免疫球蛋白G
367,眼功能检查
368,鼻疽菌素皮内试验
369,丙氨酸
370,蛋白结合碘（PBI）
371,CT造影增强扫描
372,抗甲状腺过氧化物酶抗体（ATPO）
373,膈现象
374,低密度脂蛋白-胆固醇
375,钩端螺旋体病凝集溶解试验
376,尿流率测定
377,腕三角软骨挤压试验
378,浆膜腔积液蛋白
379,胆囊触诊
380,晶状体检查
381,搔弹音
382,抗心肌细胞膜抗体
383,梅毒血清反应的假阳性
384,吞咽试验
385,乳房摄片
386,脑血流显像
387,血清过氧化脂质
388,梅毒螺旋体抗体
389,脑脊液肌酸激酶
390,泌尿感染类尿常规
391,抗胰腺腺泡抗体(PAB)
392,脑脊液常规检验（CSF）
393,碳氧血红蛋白定性试验(HBCO)
394,抗透明质酸酶
395,尿沉渣12小时计数
396,血吸虫尾蚴膜反应
397,嗅神经检查
398,生理盐水皮肤试验
399,抗乙型脑炎病毒抗体（EPBV-AB)
400,半胱胺酸试验
401,抗淋巴细胞抗体
402,食管24hpH监测
403,螺旋体蛋白补体结合试验
404,心肺功能运动试验（CPET）
405,血清粘蛋白（SM）
406,快速血浆反应素环状卡片试验
407,抗多发性肌炎-l抗体
408,过指试验
409,上消化道内窥镜检查
410,轻瘫试验
411,血清铯
412,持板试验
413,脾脏触诊
414,肺活量（VC）
415,尿三氯化铁试验
416,胃液胃癌相关抗原
417,血浆亮氨酸
418,精子数
419,左肾静脉“胡桃夹”综合征检查
420,血清比黏度
421,阴茎海绵体造影
422,血清球蛋白(G,GL0)
423,赖氨酸
424,纤维鼻咽镜
425,抗甲型肝炎病毒IgA抗体
426,50克葡萄糖耐量检查
427,后穹窿穿刺术
428,粪量
429,间α胰蛋酶抑制物
430,胃液尿素测定
431,尿硒
432,总三碘甲状腺原氨酸(TT3)
433,呼吸肌功能测定
434,胸腔镜检查
435,尿羟脯氨酸
436,尿液镜检法
437,绒毛膜促性腺激素β （HCG-β）
438,衣原体检查法
439,骨髓巨核细胞数和分类
440,血清皮质醇结合球蛋白
441,胰脏触诊
442,血清醛缩酶(ALD)
443,束臂试验
444,淋巴细胞脉络丛脑膜炎补体结合试验
445,深反射检查
446,食道X线钡餐检查
447,血管壁的检测
448,立体视觉
449,血清总补体活性（CH50）
450,胰岛素抗体
451,细胞角蛋白19片段抗原（CYFRA21-1）
452,尿维生素B6
453,中间细胞(MID)
454,动脉注射颜料对比试验
455,血清脯氨酸羟化酶
456,鼻腔检查
457,尿本周蛋白（BJP）
458,血浆鱼精蛋白副凝试验（3p试验）
459,尿锌
460,核磁共振成像(MRI)
461,血浆皮质醇
462,粪氯
463,挤压泪囊试验
464,血清镁
465,结节病抗原（Kveim）试验
466,精浆的生化检查
467,老年人体检
468,血浆凝血因子Ⅱ活性测定
469,液晶热图
470,中性炎症细胞吞噬试验
471,脑血管造影
472,冠状动脉CT检查
473,周围血管征
474,脑干反射检查
475,华氏反应
476,眼底微血管检查
477,上肢动脉功能试验
478,血浆18-羟-脱氧皮质酮
479,膀胱输尿管返流显象
480,脑电图弥漫性慢波
481,浆细胞
482,交通静脉瓣膜功能试验
483,复钙交叉试验（CRT,PRT）
484,瞳孔反射
485,中性粒细胞计数（NEUT）
486,健肢抬高试验
487,膝侧向运动试验
488,脑脊液的化学检查
489,阴道细胞学检查
490,内拉通线检查
491,血小板体积分布宽度
492,肥达氏反应
493,尿环磷酸鸟苷
494,血清甘-鹅去氧胆酸
495,急性肾功能衰竭诊断试验
496,血清免疫球蛋白A（IgA）
497,钼靶X线检查
498,血清蛋白电泳
499,螺旋CT检查
500,全血镉
501,葡萄糖-6-磷酸脱氢酶缺乏症筛查
502,尿乙酰乙酸
503,拇指对掌肌肌力试验
504,血清尿素
505,肝脏超声检查
506,涎腺超声检查
507,兔感染试验
508,皮肤斑贴实验
509,无离子水（自由水）清除率
510,新生儿疾病筛查
511,肩关节脱位的恐惧试验
512,特里布累氏试验
513,抗血小板膜糖蛋白自身抗体测定
514,脑脊液尿酸
515,血葡萄糖
516,转头试验
517,语音试验
518,伤寒、副伤寒血清凝集试验（肥达氏试验,肥达反应,Widal）
519,便常规
520,全血汞
521,超氧化物岐化酶
522,血清铁蛋白
523,肝压痛
524,精液液化时间
525,脑脊液生长抑素
526,活化部分凝血活酶时间（APTT）
527,抗Scl-70抗体
528,呼气流速
529,半乳糖血症筛查
530,肝动态血池显像
531,1分钟胆红素
532,唾液氯化物
533,精氨酸
534,肝脏震颤试验
535,脊柱活动度
536,旋转试验
537,甲状腺结合球蛋白（TBG）
538,意识状态
539,血小板第3因子有效性测定
540,子宫颈黏液检查
541,凯洛格-斯皮德试验
542,试管凝集试验
543,抗中性粒细胞胞浆
544,血液果糖
545,逆行肾盂造影
546,肌钙蛋白
547,肺和胸膜触诊
548,细菌对抗生素敏感试验
549,多普勒小儿血压检测
550,眼球和眼眶的超声检查
551,血清肌钙蛋白I(TnI)和肌钙蛋白T(TnT)
552,结核杆菌基因检测（PCR）
553,苏丹黑B染色
554,风湿病化验检查项目
555,皮肤涂片显微镜检查
556,泪器检查
557,疲劳自测测试
558,胰蛋白酶(Try)
559,尿酚红排泄试验(PSP)
560,葡萄糖抑制生长激素试验
561,沙眼衣原体
562,脑诱发电位
563,二氧化碳总量(TCO2)
564,眼标本的细菌学检查
565,血浆内皮素测定
566,133Xe脑血流测定及显像
567,餐后2小时血葡萄糖（2HPG,PBG）
568,特殊细菌涂片检查
569,三叉神经的运动功能检查
570,丁醇提取碘（BEI）
571,尺压试验
572,屈拇握拳试验
573,脑脊液β2微球蛋白（β2-MG）
574,尿胃蛋白酶
575,鼻甲和鼻道
576,脑脊液乳酸
577,蝰蛇毒时间
578,莱切曼试验
579,脑脊液氨基酸
580,血清γ-谷氨酰转肽酶
581,斯叩达鼓音
582,粪脂肪定量
583,巨噬细胞或白细胞移动抑制试验(MMIT)
584,甲状旁腺激素（PTH)
585,粪颜色
586,引流管
587,磁共振水成像
588,真菌组织病理学
589,尿液病原体检查
590,乳腺超声检查
591,韦伯试验
592,内视镜超音波术
593,一秒用力呼气量
594,维生素C
595,宫颈刮片（TCT）
596,颈静脉压检查
597,去铁胺试验
598,脉搏
599,胫骨后肌肌力试验
600,尿铁（Fe）
601,盆底肌电图
602,血清免疫球蛋白测定
603,细菌形态学检查方法
604,刚果红皮内实验
605,抗桥粒自身抗体
606,脑血流灌注断层显像
607,支气管激发试验（BPT）
608,羊水渗透量(压)
609,面神经检查
610,精子活动力检查
611,尿铬（Cr）
612,口形红细胞
613,乳腺导管内窥镜
614,血小板计数（PLT）
615,声阻抗检查
616,胎产式
617,胸腔积液微生物学检查
618,血小板压积(PCT)
619,丙型肝炎RNA
620,一般摄片检查
621,糖化血红蛋白组分（GHb,HbA1c）
622,尿丙氨酸
623,四肢与关节运动功能
624,屏息试验
625,普通透视检查(透视)
626,角尺度试验
627,针刺试验
628,特异性IgE抗体
629,单相琼脂扩散试验
630,布拉加尔征
631,腹部CT
632,音叉检查
633,一小时尿沉渣计数
634,骨髓异常细胞和寄生虫
635,尿TH蛋白
636,膀胱造影
637,精液酸度
638,胸部滴水声
639,血细胞分析仪
640,胸腔积液肿瘤细胞学检查
641,粪中细胞
642,阿米巴原虫抗体
643,腹壁反射
644,阴道真菌检验
645,尿液N-乙酰-β-D-氨基葡萄糖苷酶（UNAG）
646,支气管造影
647,舌下神经检查
648,三碘甲状腺原氨酸（T3）
649,丁型肝炎抗原
650,脑脊液蛋白定性（CSF.Pro）
651,血心钠肽（ANP）
652,血浆渗量检查
653,肾上腺MRI检查
654,B淋巴细胞表面标志
655,胸部疾病体征检查
656,干扰素
657,激发试验
658,手畸形检查
659,抗组织相容性抗原-DR抗体
660,中性粒细胞趋化试验
661,尿碱性磷酸酶（UALP）
662,肾癌检查
663,白细胞抗原（HLA）
664,近视力检查法
665,胰岛素原
666,自身溶血试验
667,红斑量测定
668,土拉伦斯杆菌凝集试验
669,前列腺液培养
670,髋关节超伸试验
671,皮肤癌检测
672,蝇蛆检查
673,电阻抗体积描记检查
674,Optochin敏感试验
675,尿渗透压
676,浆膜腔积液葡萄糖
677,T3T4抗体
678,基础胃液分泌量/最大胃酸排量
679,上消化道造影
680,白氨酸
681,夫欧契试验
682,血清酸性磷酸酶同工酶
683,胎儿体重预测
684,糖链抗原242
685,动态心电图（Holter监测）
686,尿液颜色
687,血清γ-谷氨酰转肽酶（γ-GTP）
688,胃肠道疾病的超声检查
689,皮内试验
690,小白鼠毒力试验
691,雾视验光
692,细菌的CAMP试验
693,午夜一片法地塞米松抑制试验
694,磁共振波谱分析
695,腾喜龙试验
696,淋巴细胞计数（LY）
697,羊水量
698,关节检查
699,全血细胞计数
700,心血管疾病的超声诊断
701,尿妊娠胶乳凝集抑制试验
702,沙眼衣原体抗原
703,颈动脉搏动检查
704,腹腔镜
705,尿蛋白质
706,带绦虫孕节检查法
707,尿维生素B2（VitB2,VB2）
708,葡萄糖氧化酶生化分析仪法
709,5-羟色胺
710,胸部平片
711,抗中性粒细胞抗体（ANGA）
712,红细胞膜磷脂
713,粪隐血试验
714,泪液分泌型免疫球蛋白A
715,血清α1抗胰蛋白酶测定（α1-AT ）
716,胫叩打试验
717,抗类风湿性关节炎33抗体
718,儿童体检
719,妇科超声检查
720,肩外展摆动试验
721,不孕的生殖系统检查
722,ASO试验
723,网织红细胞计数（RC）
724,丁型肝炎病毒(HDV)
725,指指试验
726,交锁征
727,经皮肤穿刺胆道造影
728,上消化道功能测定和显像
729,抗甲状腺微粒体抗体(ATMA)
730,全血铁
731,钩端螺旋体抗体
732,胃蛋白酶
733,计算机三维重建技术
734,血清苯丙氨酸
735,儿童肺功能检查
736,羊水与尿液鉴别试验
737,粪胆素
738,雌三醇
739,动脉听诊
740,碱性磷酸酶染色
741,曲面体层摄影
742,尿卟啉
743,乙状结肠镜检查
744,支气管肺泡灌洗术（BAL）
745,结核杆菌检查
746,尿蛋白定量
747,乳房穿刺针活检
748,胸廓挤压征
749,骨骼视诊
750,缩胆囊素
751,肾脏超音波
752,甲型肝炎抗原
753,血块或血浆凝块溶解时间测定
754,淋病细菌学检测
755,语调与语态
756,分侧肾静脉肾素活性测定
757,腰腿痛的感觉检查
758,粪糜蛋白酶
759,牙髓电活力测定
760,外鼻检查
761,宿主中介试验
762,组织胺激发试验
763,脐检查
764,痰液细胞学检查
765,磁共振波谱成像
766,可提取性核抗原（ENA）
767,抗核抗体（ANA）
768,酚红排泄试验
769,血块收缩试验
770,真菌的分离与鉴定
771,抗胃壁细胞抗体（APCA）
772,肝脏疾病超声诊断
773,血清尿酸
774,幽门螺杆菌检测
775,静态视野检查
776,肾功能检查
777,骨盆内测量
778,血清钙（Ca2+,Ca）
779,脑脊液丙二醛
780,羊水甲胎球蛋白
781,单克隆丙种球蛋白（MMG）
782,足长轴与两踝连线的测量
783,血清总铁结合力
784,血清乳糖
785,胆道运动功能检测
786,微量补体溶血敏感试验
787,描图试验
788,尿砷
789,蛋白C
790,前列腺B超检查
791,血糖仪
792,癌抗原72-4（CA72-4）
793,基础胃液分泌量/高峰胃液分泌量
794,羊水白细胞
795,耳、鼻、咽拭子细菌培养
796,泪道冲洗
797,抗SS-A(Ro)抗体
798,站立位研磨试验
799,胸部外部检查
800,循环血浆量
801,血清铜（Cu2+,Cu)
802,血液碳氧血红蛋白
803,精子爬高试验
804,黑加征
805,虫卵计数法
806,过敏原检测仪
807,痰液中弹力纤维
808,血清胆碱酯酶（CHE）
809,输卵管镜
810,抗盐水可提取性核抗原（ENA）抗体
811,肝脏及胆囊叩诊
812,偏振光显微镜检查
813,脑脊液游离型髓鞘碱性蛋白
814,通气与血流灌注比值（V/Q）
815,变性珠蛋白小体检测
816,十二指肠引流胰蛋白酶
817,精子凝集试验
818,血管紧张素转化酶
819,血管视诊
820,气管移位检查
821,白细胞介素1（IL-1）
822,骨髓有核细胞计数
823,尿丙氨酸氨基肽酶（UAAP）
824,尿谷草转移酶
825,颌面部检查
826,尿三杯试验
827,动态血压监测(ABPM)
828,抗着丝粒抗体
829,肿瘤断层显象
830,气体分布
831,迟发性皮肤变态反应
832,乳酸脱氢酶(LDH,LD)
833,凝血酶原消耗试验
834,二硝基氯苯（DNCB）
835,脑脊液丙氨酸氨基转移酶
836,β-羟丁酸
837,血压
838,血清山梨醇脱氢酶
839,血浆醛固酮
840,血浆蛋白C活性测定
841,淀粉样体
842,天门冬氨酸
843,支气管镜检查
844,抗内因子抗体(AIFA)
845,血浆因子Ⅷ抑制物定性测定
846,呼吸运动检查
847,阴茎夜间勃起试验检查
848,阴道病原体检查
849,脑脊液葡萄糖和血清葡萄糖比值
850,溴隐亭（BCT）抑制PRL试验
851,抗精子抗体
852,内皮素
853,肝纤四项
854,姿势与步态
855,尿羟脯氨酸（HYP）
856,红细胞花环试验
857,缩宫素激惹试验
858,雌激素试验
859,唾液富组蛋白
860,视神经孔片
861,抗肝细胞膜抗原抗体
862,抗平滑肌抗体（ASMA）
863,压胸试验
864,尿酮体试验
865,铜蓝蛋白
866,Ⅰ级产前超声检查
867,游离甲状腺素指数（FT4I）
868,PHA淋巴细胞转化试验
869,前列腺液显微镜检查
870,蛋白S抗原
871,Bryan试验
872,淋巴细胞数
873,尿维生素B1
874,鳞状上皮细胞癌抗原（SCC）
875,血清免疫球蛋白M（IgM）
876,脉搏波速度
877,落臂试验
878,床旁透视与术中透视
879,尿促卵泡成熟素
880,鼠红细胞花环形成试验
881,造影检查
882,直肠指检
883,体温测量
884,纤维蛋白原（Fg,FIB）
885,尿胱氨酸
886,甲基红试验
887,脯氨酸
888,扫描电子显微镜
889,羊水细胞培养染色体检查
890,血小板钙流测定
891,精液检查
892,脑脊液酸碱度值
893,脑脊液特异性梅毒螺旋体抗体
894,免疫电泳
895,循环免疫复合物
896,谷胱甘肽S转移酶
897,酸化甘油溶血试验
898,前S抗体
899,肝素-抗凝血酶Ⅳ复合物
900,直伸运动试验
901,地塞米松抑制醛固酮试验
902,唾液钾
903,细菌鉴定的酶类试验
904,腰背部检查
905,结核菌素试验（OT,PPD）
906,尿黄体生成素
907,胸围、吸气胸围
908,尿戊糖
909,泌乳素（PRL）分泌抑制试验
910,腰背痛体格检查
911,尿钙定性试验
912,脑血流图
913,鼓膜
914,卵巢检查
915,滑膜液肉眼检查
916,三角试验
917,乳糜尿定性试验
918,免疫病理检查
919,非必需微量元素
920,科德曼征
921,催产素
922,鼻部放射线检查
923,心钠素
924,血清阳离子测定
925,粪便中的卟啉
926,血清α-L-岩藻糖苷酶（α-FU）
927,布鲁津斯基征
928,男性生殖器发育自我检测
929,通气贮量比
930,尿苦杏仁酸
931,宫颈检查
932,皮肤与组织寄生虫的病原检查
933,血清-氧化氮
934,血清黏度
935,脂蛋白脂肪酶
936,肝腹水的检查
937,免疫学检测
938,红细胞计数(RBC)
939,跟臀试验
940,普拉特试验
941,血清补体C8含量
942,胎盘泌乳素（PL）
943,角膜内皮细胞计数仪
944,抗核苷酶试验
945,血清类固醇结合β-球蛋白
946,棘层细胞松解征检查
947,胆道造影
948,水溶性维生素
949,多药耐药（MDR）基因检测
950,血液黏度
951,排卵预测试纸
952,尿维生素B2
953,胎儿生物物理相评分
954,血清脂肪酶
955,肾上腺CT检查
956,ABO血型鉴定
957,载脂蛋白B（ApoB）
958,猪囊虫抗体
959,军团菌血清学试验
960,抗链球菌壁多糖抗体
961,肾上腺素试验
962,游离三碘甲状腺原氨酸（FT3）
963,血沉方程K值
964,尿钾
965,尿肌酐（Ucr）
966,风疹病毒抗体IgG
967,5＇-核苷酸酶
968,先令氏指数
969,酶联合吸附测定
970,α-D-半乳糖-1-磷酸转尿苷酰酶
971,研磨试验
972,血清碱性磷酸酶
973,可溶性转铁蛋白受体测定
974,眼心反射
975,总胆汁酸
976,带状光检影法
977,胰腺特异性抗原（PaA）
978,放射性核素肾扫描
979,抗甲状腺微粒体抗体
980,酶联免疫吸附试验
981,醋酸AS-茶酚酯酶染色
982,红细胞比容
983,无效腔气量／潮气量比值
984,视神经检查
985,睾丸活检
986,血清谷丙转氨酶
987,颅脑MRI检查
988,膝关节过伸试验
989,尿儿茶酚胺
990,靶形红细胞
991,红细胞生成素
992,Rerth试验
993,粪便血液
994,抗促甲状腺素受体抗体（TRAb）
995,组织纤溶酶原激活物
996,红细胞葡萄糖-6-磷酸脱氢酶活性
997,中心静脉压测定（CVP）
998,风疹病毒抗体
999,血清铅（Pb）
1000,每分钟最大通气量（MVV）
1001,颅脑超声检查
1002,维生素B12
1003,旋前圆肌和旋前方肌肌力试验
1004,盆腔MRI检查
1005,颞下颌关节造影
1006,脑脊液胶体金试验
1007,直接胆红素与总胆红素比值
1008,平衡法放射性核素心血管造影(ERNA)
1009,血清磷（Pi）
1010,B因子溶血活性
1011,血浆游离皮质醇
1012,组胺吸入试验
1013,神经元特异性烯醇化酶
1014,抗甲状腺球蛋白抗体（ATGA）
1015,冠状动脉造影
1016,阴茎血流指数
1017,脐带血穿刺
1018,方肩检查
1019,彻照法检查
1020,颅底片
1021,孢子丝菌凝集试验
1022,红细胞染色质小体
1023,血清氯(Cl-,Cl)
1024,抗着丝点抗体
1025,骨密度测定
1026,外耳道
1027,阴囊超声检查
1028,动眼神经检查
1029,肩关节外展试验
1030,后鼻镜检查
1031,头颅平片
1032,透明质酸酶
1033,双向琼脂扩散试验
1034,检影镜
1035,粪便酵母菌
1036,裂隙灯
1037,结肠驱气试验
1038,心理年龄测试
1039,静脉胆囊、胆道造影
1040,妇科检查
1041,红细胞流动系数TK值
1042,中性杆状核粒细胞
1043,斑疹伤寒血清学检测
1044,嗜碱性点彩红细胞
1045,下消化道内镜检查
1046,肘直线检查
1047,游离蛋白S测定
1048,髋臼指数
1049,尿环磷酸腺苷
1050,骨髓淋巴细胞系统
1051,不加热血清反应素实验
1052,Alder试验
1053,波顿格征
1054,旋后肌肌力试验
1055,脑功能成像
1056,脑脊液囊虫病间接血球凝集试验
1057,儿童生长发育检测
1058,C3肾炎因子(C3Nef)
1059,脑脊液镁
1060,胰腺外分泌功能试验
1061,红细胞聚集性
1062,全血铬
1063,总三碘甲状腺原氨酸
1064,听力计
1065,霍乱弧菌检测
1066,近红外线乳腺扫描检查
1067,脑磷脂胆固醇絮状试验
1068,蝰蛇毒磷脂凝固时间
1069,维生素B6（VitB6）
1070,抗碱血红蛋白
1071,三面镜
1072,三碘甲状腺原氨酸抑制试验
1073,抗柯萨奇B病毒IgG抗体
1074,光觉检查
1075,吲哚试验
1076,半胱氨酸尿症筛查
1077,肝-颈静脉返流征
1078,胸部CT检查
1079,织网红细胞计数
1080,部分凝血活酶活性时间
1081,血清氯化物
1082,皮肤试验
1083,尿铜（Cu）
1084,酶类肿瘤标志物检测
1085,中耳
1086,硬币叩击征
1087,粪便氮
1088,癌抗原242（CA242）
1089,光敏感试验
1090,骨髓其他细胞
1091,胃液乳酸定性试验
1092,舍莫尔试验
1093,前置镜
1094,小肠镜检查
1095,耳镜检查法
1096,儿童骨科检查
1097,儿茶酚胺
1098,胰岛细胞抗体
1099,纤维蛋白肽Bβ1～42
1100,颈项强直
1101,合掌分掌试验
1102,宫颈分泌物培养
1103,角膜照影法
1104,维生素E（VitE,VE）
1105,疥螨检查
1106,粪形状和硬度
1107,尿瘘检测
1108,维生素K反应试验
1109,肝区及胆囊叩击痛
1110,毛果芸香碱出汗试验
1111,抗麸质抗体
1112,经支气管镜肺活检
1113,循环红细胞量
1114,前列腺液卵磷脂小体
1115,芽生菌补体结合试验
1116,EB病毒壳抗原IgA抗体
1117,肺量计检测
1118,尿浓缩与稀释功能试验
1119,抬腿试验
1120,肝搏动
1121,弓形虫抗体
1122,中性粒细胞比例(NEUT%)
1123,沙眼衣原体IgM和IgG
1124,血清α-L-岩藻糖苷酶
1125,胸壁检查
1126,血清硒(Se)
1127,毛发
1128,植物血凝素皮内试验
1129,咽鼓管荧光素试验
1130,肺灌注显像
1131,腹部听诊
1132,纤维结肠镜检查
1133,尿白蛋白清除率
1134,直接胆红素/间接胆红素比值
1135,游离甲状腺指数
1136,肝促凝血活酶试验
1137,盐水输注试验
1138,脑脊液病原体检查
1139,前列腺液病原体
1140,网球肘试验
1141,鼻前庭
1142,腰背部麻醉试验
1143,尿比重3h试验
1144,角膜反射检查
1145,胃食管反流测定和显像
1146,尿透明度
1147,维生素D（VitD）
1148,骨盆测量
1149,血清补体C7含量
1150,血清肌酐
1151,脑脊液髓鞘碱性蛋白
1152,染色体核型分析
1153,游离三碘甲状腺原氨酸指数（FT3I）
1154,瑞斯托霉素辅因子活性检测
1155,血清酸性磷酸酶
1156,生殖系统肿瘤检查项目
1157,靛氰绿潴留试验
1158,前列腺特异性抗原
1159,男性生殖内分泌检查
1160,血乳酸
1161,体位变换试验
1162,血小板聚集试验（PAgT）
1163,隐球菌病补体结合试验
1164,寄生虫血液检查
1165,腹股沟外环冲击试验
1166,4-羟基-3-甲氧基扁桃酸
1167,肱三头肌反射
1168,特伦德伦伯格试验
1169,乙醇胶试验
1170,血清免疫球蛋白G（IgG）
1171,促肾上腺皮质激素（ACTH）
1172,饱餐试验
1173,蛋白质、氨基酸分解产物试验
1174,血尿酸
1175,淋巴细胞转化率
1176,电子支气管镜检查
1177,前列腺酸性磷酸酶（PAP）
1178,性激素六项检查
1179,血清超敏促甲状腺激素测定
1180,头颅正侧位片
1181,输卵管酚磺酞通畅试验
1182,血清γ-谷氨酰转肽酶同工酶
1183,异常凝血酶原（APT）
1184,白细胞介素2（iL-2）
1185,氯化铵负荷试验
1186,胎儿碱性蛋白（BFP）
1187,抗表皮基底膜抗体
1188,血清β2微球蛋白（β2-MG）
1189,糖原染色
1190,白陶土部分凝血活酶时间
1191,鼻泪管内镜
1192,小肠充盈及排空功能检查
1193,痰培养
1194,红细胞流变特性检测
1195,胰岛素-c肽测定及其释放试验
1196,脱氧核糖核酸染色
1197,双色法试验
1198,糖化血清蛋白（GSP）
1199,尿氨（NH3）
1200,尿糖（GLU）
1201,吞咽试验法
1202,粪便量
1203,催产素激惹试验
1204,裸眼检查法
1205,威廉征
1206,药物迷走神经阻滞试验
1207,酸返流试验
1208,脑脊液单克隆抗体检测癌细胞
1209,钙调素
1210,类风湿因子
1211,血糖
1212,血清镁(Mg2+,Mg)
1213,腰大肌刺激试验
1214,β-胡萝卜素
1215,脑脊液透明度
1216,痛觉
1217,组织多肽抗原（TPA）
1218,痰液中分泌型IgE
1219,普鲁卡因皮内试验
1220,血清肌酸激酶同工酶（CKI）
1221,抗乙酰胆碱受体抗体（AchR-Ab）
1222,红细胞电泳时间
1223,视力
1224,脑脊液神经降压肽
1225,可的松水试验
1226,粪便磷酸盐
1227,肿瘤标志物检测
1228,反应时
1229,腹部外形检查
1230,血清锌
1231,脑脊液细胞分类计数
1232,TRH兴奋TSH、PRL试验
1233,硝基四唑氮蓝试验
1234,精液气味
1235,检眼镜检查法
1236,游离肝素时间
1237,舒张压
1238,炭疽的凝集反应
1239,随意运动检查
1240,乳房超声检查
1241,尼拉通线测量
1242,毕克征
1243,血清亮氨酸氨基转肽酶（LAP）
1244,十二指肠液和胆汁寄生虫检查
1245,浅反射检查
1246,δ-胆红素
1247,髂胫束紧张试验
1248,左旋多巴兴奋GH试验
1249,痰液气味
1250,二硝基氯苯斑贴试验
1251,高钠试验
1252,吞线试验
1253,鼻粘膜及鼻腔分泌物
1254,全身软组织MRI检查
1255,脑脊液降钙素基因相关肽
1256,疲劳试验
1257,结核杆菌的抗原、抗体检查
1258,粪便显微镜检查
1259,膀胱逼尿肌功能检查
1260,寒冷凝集试验
1261,补体结合试验
1262,蛋白质浓度测定
1263,棘形红细胞
1264,血清总蛋白（TP,TP0）
1265,阴道分泌物细胞学检查
1266,经胸壁针刺肺活检
1267,血浆18-羟-皮质酮
1268,溶血性乙型脑炎补体结合试验
1269,脑电图棘波
1270,胸腹水纤维蛋白降解产物
1271,纤维蛋白肽Bβ15～42
1272,轮状病毒抗原的检测
1273,HCO3-重吸收试验
1274,伯尔格试验
1275,骨髓红细胞系统
1276,间碘苄胍γ-闪烁照相
1277,妊娠周数的判断
1278,兴奋剂尿检
1279,Lhermitte征
1280,尿素酶试验
1281,铅笔滚动试验
1282,免疫球蛋白轻链
1283,血栓与止血检测
1284,眼底荧光血管造影
1285,神经元特异性烯醇化酶（NSE）
1286,Farnsworth15色标试验
1287,糖化血红蛋白
1288,无痛肠镜
1289,乳房检查
1290,每分钟静息通气量（VE）
1291,间接鼻咽镜
1292,痢疾杆菌检测
1293,梅毒确诊试验
1294,三叉神经的面部感觉检查
1295,抗胰岛细胞抗体（ICA）
1296,血清总甲状腺素（TT4）
1297,冈达征
1298,异柠檬酸脱氢酶
1299,血栓弹力图
1300,血清锂
1301,宫缩应激试验
1302,血红蛋白热不稳定试验
1303,血小板凝集试验（PAgT）
1304,眼球运动检查
1305,拾物试验
1306,神经系统免疫学检验
1307,羊水尿酸
1308,Chvostek征
1309,唾液分泌型免疫球蛋白
1310,奥本汉姆征
1311,NST试验
1312,速尿激发试验
1313,红细胞体积指数
1314,维生素H
1315,FM-100色彩试验
1316,全血容量
1317,阴道滴虫检查
1318,尿微量清蛋白
1319,抗链球菌激酶试验
1320,血磷脂（PL）
1321,巴氏或H-E染色检查
1322,血吸虫皮内试验
1323,血尿素氮(BUN)
1324,脑脊液β-内啡肽
1325,复合感觉检查
1326,卵巢功能检查
1327,血清肌酸激酶同工酶
1328,枫糖尿症筛查
1329,真菌培养检查
1330,64排螺旋CT检查
1331,阴道尿道瘘显象
1332,汗液电解质检查
1333,α-羟丁酸脱氢酶
1334,阴道分泌物检查
1335,肱桡肌肌力试验
1336,血小板凝集功能试验
1337,阴道分泌物涂片检查
1338,唾液富酪蛋白
1339,平均红细胞血红蛋白浓度(MCHC)
1340,β-胡萝卜素（β-Car）
1341,甘氨酸
1342,微量元素中毒检测
1343,血流变学检查
1344,周围血白细胞计数及分类检验
1345,图形觉
1346,甲状腺B型超声检查
1347,CT检查
1348,羊水细胞培养
1349,Kveim试验
1350,脑脊液蛋白定量
1351,伸踝试验
1352,血清蛋白电泳（SPE）
1353,痰液免疫学检查
1354,羊水结晶检查
1355,肩胛骨检查
1356,李文生试验
1357,肝上、下界叩诊
1358,深吸气量（IC）
1359,肺阻抗血流图
1360,五肽胃泌素胃液分析
1361,巩膜检查法
1362,血脂检查
1363,肾血浆流量
1364,血凝试验
1365,尿酸碱度（pH）
1366,抗U1RNP抗体
1367,毒素皮肤试验
1368,抗角蛋白抗体(AKA)
1369,尿对羟苯丙酮酸
1370,胃镜
1371,抗环瓜氨酸多肽抗体（抗CCP）
1372,痰及下呼吸道分泌物标本的细菌学检验
1373,妊娠检查
1374,抗卵子透明带抗体（AZP）
1375,尿卜琳及其前体
1376,全血铅
1377,甲苯胺蓝纠正试验
1378,支气管哮喘运动激发试验
1379,宫底高度检查
1380,血清N-乙酰-β-氨基葡萄糖酶（NAG）
1381,联合屈曲征
1382,瑞斯托霉素诱导血小板聚集测定
1383,胃肠道CT检查
1384,普鲁卡因过敏试验
1385,外生殖器检查
1386,痰液量
1387,去甲基肾上腺素（NM）
1388,精液黏稠度
1389,全血黏度
1390,椎管内注射标记物法
1391,肾脏CT检查
1392,回归热螺旋体（BR）
1393,颈椎CT检查
1394,反弓抗阻试验
1395,寒冷性升压试验
1396,腹部叩诊音
1397,雄烯二酮
1398,尿α1-微球蛋白
1399,抗戊型肝炎病毒抗体
1400,遮盖法
1401,前房深度测量
1402,早孕检查
1403,神经系统检查
1404,血清唾液酸测定
1405,血清蛋白结合碘
1406,脊柱检查
1407,孕酮
1408,肝胆显像
1409,尿黑素
1410,黑曼征
1411,胰腺肿瘤标记（CA 19-9）
1412,胃超声检查
1413,癌抗原50（CA50）
1414,腹水甘油三酯
1415,粪便脂肪定量
1416,尿游离皮质醇(UFC)
1417,子宫输卵管造影
1418,垂体后叶素
1419,血支原体抗体测定
1420,十二指肠引流一般性状检查
1421,血清癌胚抗原
1422,纤维胃镜
1423,三碘甲状腺原氨酸摄取率
1424,抗庚型肝炎病毒E2抗体
1425,抗肌球蛋白抗体
1426,α1-抗胰蛋白酶
1427,剖胸术
1428,血清游离脂肪酸
1429,纤维蛋白肽A
1430,膝关节分离试验
1431,释放抗体试验
1432,麦卡兹尼试验
1433,新生儿溶血症筛查
1434,脏器触诊
1435,查多克征
1436,麻风病的皮内试验
1437,盆腔CT检查
1438,血管杂音
1439,举一手试验
1440,子宫大小
1441,血清铁/铜比值
1442,膀胱镜
1443,促皮质素释放激素（CRH）兴奋试验
1444,载脂蛋白CⅠ
1445,反击征
1446,胸廓检查
1447,血液及骨髓细菌培养
1448,白细胞介素4（iL-4）
1449,转白试验
1450,婴儿智力测试
1451,异形嗜中性粒细胞
1452,维生素B1（VitB1,VB1）
1453,功能残气量（FRC）
1454,钼靶照相
1455,葡萄糖耐量试验
1456,血浆促甲状腺激素释放激素(TRH)
1457,尿道分泌物检查
1458,眼底检查
1459,体重指数
1460,残气量／肺总量比值（RV/TLC）
1461,果糖耐量试验
1462,放射免疫分析
1463,羊水颜色
1464,浅感觉检查
1465,搔刮试验
1466,糖尿病类尿常规
1467,免疫浊度技术
1468,拇外翻检测
1469,泪道探术
1470,发育与体型
1471,不育男性体格检查
1472,肿瘤坏死因子α
1473,镰形红细胞
1474,尿量
1475,自我血糖监测
1476,电子肠镜
1477,生理无效腔（Vd/Vt）
1478,红外热象图检查
1479,抗Ku抗体
1480,脑垂体CT检查
1481,Frenzel氏眼镜检查法
1482,血浆结合球蛋白半定量测定
1483,直接检眼镜检查法
1484,尿液细菌学检查
1485,C-myc基因（C-myc）
1486,心包积液检查
1487,颈动脉彩超
1488,布氏杆菌凝集试验
1489,封闭抗体检查
1490,腹部皮肤检查
1491,Cochet和Bonnet氏角膜知觉测量计
1492,肢体血流图
1493,脑脊液心钠素
1494,眼位检查法
1495,血常规
1496,维生素
1497,内听道片
1498,磁共振增强扫描
1499,A型超声检查
1500,α-茶酚醋酸酯酶染色
1501,甲型肝炎抗体
1502,幽门螺旋杆菌的免疫学检测
1503,外-斐二氏反应
1504,深静脉通畅试验
1505,脾脏叩诊
1506,全身体检
1507,不孕不育的免疫学检查
1508,拉塞格征
1509,粪便颜色
1510,最大胃液分泌量
1511,位听神经检查
1512,正电子发射计算机断层扫描(PET)
1513,足拍打试验
1514,浊度
1515,简易凝血酶生成试验
1516,肾小球滤过分数(GFF)
1517,热溶血试验
1518,HBsAg免疫复合物
1519,SW阴茎超声血流检测
1520,骨骼叩诊
1521,尿亚硝酸盐（NIT）
1522,粪便菌群失调
1523,谷氨酸
1524,游离甲状腺素（FT4）
1525,嗜碱性粒细胞计数（B）
1526,X线碘油造影
1527,体外异种授精实验
1528,神经系统细胞学检查
1529,导尿术
1530,脑脊液氧分压(PO2)和二氧化碳分压(PCO2)
1531,平均红细胞血红蛋白含量（MCH）
1532,胸腹水检查
1533,脑脊液结核性脑膜炎抗体
1534,游离三碘甲状腺原氨酸指数
1535,淀粉酶
1536,脑脊液神经肽
1537,IgG抗A-效价测定
1538,脑脊液免疫球蛋白
1539,埃可病毒抗体
1540,血浆11-脱氧皮质酮
1541,甲型肝炎抗体检测（抗-HAV）
1542,尿氨基酸氮
1543,半乳糖耐量试验
1544,尿红细胞位相
1545,促黄体生成素LH
1546,抗Sm抗体
1547,血清磷脂酶A2
1548,闭目直立试验
1549,血清补体溶解免疫复合物活性
1550,竖毛反射
1551,疟原虫抗体和抗原
1552,phi(φ)小体染色
1553,染色体
1554,输尿管超声检查
1555,三合诊
1556,静脉尿路造影
1557,蹲下试验
1558,粪钾
1559,电子胃镜
1560,自身溶血试验及纠正试验
1561,Fisher手指试验
1562,血清免疫球蛋白D（IgD）
1563,光学相干断层扫描（OCT）
1564,弓弦试验
1565,盆腔窃血试验
1566,脑脊液强啡肽
1567,立克次体凝集试验
1568,全身显像
1569,瞳孔计
1570,血氧饱和度
1571,妇科炎症检查
1572,特异性脂酶染色
1573,巩膜硬度
1574,血清精氨酸酶（ARG）
1575,膀胱叩诊
1576,睾丸自我检查
1577,角膜厚度测量
1578,琼脂扩散试验
1579,甲状旁腺激素（PTH）试验
1580,肺泡-动脉氧分压差（PA-aDO2）
1581,血浆维生素B12
1582,安体舒通试验
1583,石蕊牛乳试验
1584,吞噬鸡红细胞功能试验
1585,自身免疫抗体检测
1586,尿氨氮
1587,尿路平片
1588,脑脊液胆固醇酯
1589,寄生虫感染免疫检测
1590,血清金
1591,组胺试验
1592,血清乳酸脱氢酶
1593,EB病毒抗体（EBV－Ab）
1594,尿肌酸
1595,6-酮前列腺素F1α
1596,两点辨别感觉
1597,脂肪吸收试验
1598,尿6-酮-前列素F1a
1599,血浆凝血因子XI活性测定
1600,痰液细菌涂片检查
1601,胶体铁染色
1602,脑脊液载脂蛋白A1，B100，CⅡ，CⅢ，E
1603,葡萄糖胰岛素释放试验
1604,红细胞丙酮酸激酶活性
1605,痰液细菌培养
1606,癌抗原15-3（CA15-3）
1607,胆囊和胆道收缩功能检查
1608,血浆酮体
1609,丁型肝炎抗体
1610,妇科常规检查
1611,眼球表膜检查
1612,经食管超声心动图(TEE)
1613,面部色诊
1614,抗艾滋病(AIDS)抗体
1615,胃液乳酸测定
1616,血清腺苷脱氨酶（ADA）
1617,拇指对掌试验
1618,胃液胃组织癌胚抗原
1619,阴离子间隙（AG）
1620,胎盘成熟度
1621,胺试验
1622,烟酸(Niacin)
1623,血清结合球蛋白
1624,C-反应蛋白检验（CRP）
1625,美蓝试验
1626,白细胞移动抑制试验
1627,肿瘤基因P53抗体（P53-AB）
1628,血清α1微球蛋白（α1-MG）
1629,维生素B2（VitB2,VB2）
1630,超氧化物歧化酶（SOD）
1631,异位胃粘膜显像
1632,尿卟胆原
1633,抗肝肾微粒体抗体测定（LKM）
1634,精子活动率
1635,腰臀围比例
1636,前列腺肿瘤标记（PSA）
1637,双眼平衡检查
1638,嗜碱性粒细胞数
1639,子宫颈涂片测试
1640,甲型肝炎病毒抗原（HAVAg）
1641,阴茎动脉血压/臂动脉血压
1642,尿纤维蛋白降解产物
1643,多普勒超声心动图
1644,尿铜
1645,胆固醇酯与总胆固醇比值
1646,葡萄糖氧化酶电极膜法
1647,主觉检查
1648,拇指指甲滑动试验
1649,妊高征预测方法
1650,副神经检查
1651,疟疾间接免疫荧光试验
1652,眼外部检查
1653,人体各关节功能活动范围
1654,积液β2-微球蛋白
1655,α2-纤溶酶抑制抗原
1656,肾小球功能试验
1657,明胶液化试验
1658,男性不育HCG刺激试验
1659,无痛胃镜
1660,半月板损伤的体征
1661,苯丙酮尿症(PKU）筛查
1662,细菌对于碳水化合物的代谢试验
1663,足畸形检查
1664,血红蛋白溶解度
1665,白细胞分类计数
1666,放射性核素脑血管显像
1667,嗜中性分叶核粒细胞数
1668,间接抗人球蛋白试验
1669,血浆缬氨酸
1670,积液乳酸脱氢酶
1671,输卵管通液检查
1672,脑脊液精氨酸加压素
1673,羊水卵磷脂/鞘磷脂比值
1674,中性粒细胞核鼓槌小体
1675,立克次体补体结合试验
1676,尿β2微球蛋白清除率
1677,实际碳酸氢盐（AB）
1678,钒
1679,血管紧张素Ⅰ
1680,尿17-生酮类固醇
1681,尿中寄生虫检查
1682,免疫印迹技术
1683,颌面五官CT检查
1684,胃泡鼓音区
1685,过氯酸钾释放试验
1686,血清补体C3裂解产物
1687,人体内的微量元素检测
1688,粪便酸碱度（粪便pH）
1689,股四头肌肌力试验
1690,超广谱β -内酰胺酶
1691,消化道激素
1692,阿利新蓝染色
1693,肺吸虫皮内试验
1694,肺功能检查
1695,肾静态显像
1696,颅骨透照试验
1697,血清白细胞介素8
1698,粒细胞与红细胞比值
1699,粪便吞噬细胞
1700,醋酸白试验
1701,胰岛素
1702,血小板黏附功能试验
1703,动态视野检查
1704,纵隔镜检查
1705,中性分叶核粒细胞
1706,癌抗原19-9（CA19-9）
1707,尿碘
1708,纤维连接蛋白
1709,子宫颈活检
1710,丝氨酸
1711,α2-HS-糖蛋白
1712,对氨马尿酸清除率
1713,脑脊液钠
1714,血管性假血友病因子
1715,脏器声学造影
1716,骨骼肌自身抗体（ASA）
1717,双气囊小肠镜
1718,肛腹诊
1719,高密度脂蛋白2-胆固醇
1720,凝血因子ⅩⅢ定性测定
1721,HLA定型
1722,血清铜
1723,小肠造影
1724,氨基酸清除率测定
1725,柯萨奇病毒抗体
1726,脑脊液钾
1727,粪便性状
1728,不随意运动检查
1729,粪卟啉
1730,肠镜
1731,NK细胞活性测定（ＮＫ）
1732,乳房触诊
1733,乳头刺激试验
1734,抗组织相容性抗原-DR抗体（抗-HLA-DR）
1735,抗ENA抗体
1736,脑脊液色氨酸试验
1737,血清免疫球蛋白（Ig）
1738,血清丁醇提取碘
1739,X线钡影跳跃征
1740,卵泡检测
1741,结核杆菌血清学检查（anti-TB）
1742,双链酶试验
1743,血液检查
1744,动脉通畅性试验
1745,血浆组织纤溶酶原活化物抑制物抗原检测
1746,单纯疱疹病毒（HSV）
1747,尿三胆检查
1748,腹部外形触诊
1749,对氨马尿酸合成试验
1750,红细胞5＇-嘧啶核苷酸酶
1751,尿淀粉酶（UAMY）
1752,叠氮高铁血红蛋白
1753,有核红细胞
1754,甲状旁腺显像
1755,抗组蛋白抗体
1756,电子阴道镜
1757,过氯酸盐释放试验
1758,肾素活性
1759,脏器断层显像
1760,动静脉瘘定位试验
1761,女性性发育自我检查
1762,血管造影
1763,肾脏触诊
1764,脑脊液结合型髓鞘碱性蛋白
1765,口服法胆道造影
1766,血清白细胞介素6
1767,血浆二氢睾酮（DHT）
1768,泪液乳酸脱氢酶
1769,头盆不称的估计法
1770,匿血试验
1771,尿稀释试验
1772,胸部透视
1773,抗PM-1抗体
1774,血清r-谷氨酰基转移酶
1775,烟酸
1776,补体结合试验（CFT）
1777,脊髓灰质炎病毒抗体
1778,新生儿红细胞计数
1779,糖链抗原125
1780,乳房视诊
1781,单纯疱疹病毒抗体
1782,尿免疫球蛋白（Ig）
1783,抗人球蛋白试验
1784,十二指肠引流显微镜检查
1785,花托试验
1786,血清γ-谷氨酰转肽酶同工酶（iso-r-GTP）
1787,钼
1788,周期性阴道涂片
1789,脑蛋白质代谢显像
1790,脑脊液蛋白定性
1791,淋巴显像
1792,皱缩红细胞
1793,血清β2-微球蛋白
1794,血红素结合蛋白
1795,刚果红试验
1796,尿醛固酮
1797,血管镜
1798,颈静脉回流试验
1799,早早孕胶体金试条
1800,肝胆动态显像
1801,前列腺检查
1802,握拳尺偏试验
1803,血清总补体
1804,骨关节及软组织CT检查
1805,维生素A结合蛋白（RBP）
1806,糖尿病视网膜病变检查
1807,精液柠檬酸
1808,阴道分泌物清洁度
1809,肝质地
1810,乙型肝炎抗原抗体检测
1811,阴囊检查
1812,青光眼激发试验
1813,皮损
1814,血清肌红蛋白
1815,麻风病的间接荧光抗体吸收试验（FLA-ABS试验）
1816,麻疹病毒抗体
1817,耳鼻咽喉CT检查
1818,碱性点彩红细胞计数
1819,抗流行性出血热IgM抗体
1820,乳酸与丙酮酸比值
1821,腹腔灌洗试验
1822,积液癌胚抗原
1823,尿无机磷（Pi）
1824,粪便植物细胞与植物纤维
1825,脑脊液细胞计数
1826,中剂量地塞米松抑制试验
1827,脑脊液猪囊虫抗体
1828,C反应蛋白（CRP）
1829,梳头试验
1830,血清运铁蛋白
1831,尿沉渣细胞学
1832,婴幼儿股动脉搏动检查
1833,等渗盐水低压灌肠试验
1834,阿托品抑制GH试验
1835,菊糖发酵试验
1836,硝酸盐还原试验
1837,乙醚放散试验
1838,脊柱MRI检查
1839,颈静脉检查
1840,凝血因子活性测定(因子Ⅷ∶C、Ⅸ∶C)
1841,痰液常规检查
1842,全血砷（As）
1843,脂蛋白a（Lp-a）
1844,红细胞δ-氨基-γ-酮戊酸脱水酶
1845,卧立试验
1846,雄烯二酮（A）
1847,IgG抗B-效价测定
1848,卡托普利试验
1849,泪液溶菌酶
1850,促甲状腺激素兴奋显像
1851,胸膝卧位检查
1852,拳叩试验
1853,血浆凝血酶原片段1+2检测
1854,尿氟（F）
1855,尿氯
1856,尿早早孕试验
1857,抗骨骼肌抗体
1858,β-促黑素细胞激素
1859,病毒感染免疫检测
1860,ECT检查
1861,促肾上腺皮质激素
1862,粪特里布累
1863,血清精氨酰琥珀酸裂解酶（ASAL)
1864,粪便脓液
1865,核酸的分子杂交
1866,载脂蛋白CⅢ
1867,肺和胸膜听诊
1868,丙氨酸氨基转移酶(ALT）
1869,血糖仪试纸带法
1870,酶学检查
1871,胎盘分级
1872,腹部搏动检查
1873,E-玫瑰花环形成试验
1874,羊膜穿刺术
1875,羊膜镜检查
1876,骨与关节MRI检查
1877,透明质酸
1878,肺毛细血管楔压
1879,卡托普利肾图试验
1880,献血者健康检查
1881,羊水检查
1882,动物实验
1883,螯合剂驱铅试验
1884,乳腺肿瘤标记（CA 15-3）
1885,肺上皮细胞通透性（LEP）测定
1886,血清锂（Li）
1887,α2-热稳定性糖蛋白
1888,实际碳酸氢根
1889,凝血时间
1890,眼压指测法
1891,乙型肝炎病毒抗-前S2抗体
1892,后仰位椎间孔挤压试验
1893,腹腔穿刺
1894,雌二醇
1895,睡眠试验
1896,肾血流图
1897,输卵管亚甲蓝通畅试验
1898,胃液气味
1899,并殖吸虫后尾蚴膜反应
1900,常量元素
1901,黄体生成素（LH）
1902,血小板粘附功能测定
1903,肾血管造影
1904,胸膜腔内气体成分压力的测定
1905,钼靶摄影检查
1906,阴道寄生虫检验
1907,抗原皮内试验
1908,提睾反射
1909,直接涂片检查
1910,周围血中异型细胞检验
1911,棉签试验
1912,红细胞变形性
1913,淋巴细胞毒试验
1914,Nagel色觉镜检查法
1915,血清脂蛋白-α
1916,身高测试
1917,血小板相关免疫球蛋白（PAIgG、PAIgA、PAIgM）
1918,最大中期呼气流速与最大中期流速时间（MMFR)
1919,抗角蛋白抗体
1920,糖发酵试验
1921,饮水通气法
1922,甘油复红试验
1923,气管吸引术
1924,泪液β2-微球蛋白
1925,脂肪酶
1926,血吸虫环卵沉淀试验
1927,鸭步检测
1928,体位
1929,McNealy-McCallister试验
1930,胃肠型和蠕动波
1931,头面部触诊
1932,尿维生素C
1933,血浆正铁血红蛋白
1934,角膜病灶刮片
1935,尿酸
1936,尿酮体（KET）
1937,血小板体积分布宽度(PDW)
1938,色氨酸
1939,钩端螺旋体乳胶凝集试验
1940,活化蛋白C抵抗试验
1941,椎间孔挤压试验
1942,抗军团菌抗体试验
1943,前臂伸肌紧张试验
1944,电子皮镜
1945,夹纸试验
1946,霍夫曼征
1947,抗内皮细胞抗体
1948,内镜检查
1949,肾上腺髓质显像
1950,胰高糖素激发试验
1951,阴道前后壁膨出度
1952,极低密度脂蛋白胆固醇（VLDL-c，VLDL-ch ）
1953,血清游离甘油
1954,颅脑CT检查
1955,血池显像
1956,促甲状腺激素释放激素
1957,抗热休克蛋白-60抗体
1958,抗RNP抗体
1959,遗传筛查
1960,骨髓象分析
1961,骨髓粒细胞系统
1962,脑葡萄糖代谢显像
1963,精氨酸兴奋GH试验
1964,艾利斯征
1965,脑脊液细胞计数（CST）
1966,血小板寿命
1967,粪食物残渣
1968,姐妹染色单体互换
1969,虹膜检查法
1970,抗Jo-1抗体
1971,婴幼儿肌肉骨骼系统检查
1972,眼球突出度
1973,前房角镜检查法
1974,雌激素撤血试验
1975,尿铅（Pb）
1976,血清纤维蛋白降解产物测定
1977,氧分压
1978,血清α-羟丁酸脱氢酶（α-HBDH）
1979,尿失禁诱发试验
1980,生育镜
1981,骶髂关节检查法
1982,动脉血氧分压(PaO2)
1983,心音图检查
1984,最大呼气流量-容积曲线（MEFV）
1985,妊娠试验
1986,性激素结合蛋白
1987,非梅毒螺旋体抗原血清试验
1988,β葡萄糖醛酸苷酶
1989,非接触眼压计
1990,乙型肝炎核心抗体
1991,尿去氢异雄酮
1992,蛋白质类肿瘤标志物检测
1993,抑癌基因Rb
1994,肺泡气-动脉血氧分压差
1995,肠鸣音
1996,泌乳素（PRL）兴奋试验
1997,气道阻力(R)
1998,人工周期试验
1999,DNA多聚酶
2000,胃钡餐造影
2001,子宫颈锥形切除术
2002,异型淋巴细胞
2003,头颅大小
2004,红细胞磷丙糖异构酶
2005,动脉血酮体比测定
2006,共济失调的检查
2007,p16基因检测（MTS）
2008,红细胞二磷酸甘油转移酶
2009,脑脊液亮氨酸-脑啡肽
2010,国际标准智力测试
2011,尿儿茶酚胺（CA）
2012,阴道肿块
2013,肾脏叩诊
2014,双视标检查法
2015,血锑
2016,肾图检查
2017,精液果糖
2018,气钡双对比造影
2019,氨基酸的检查
2020,唾液钠
2021,角质蛋白19片段(CYFRA21-1)
2022,肿瘤受体显像
2023,雌二醇（E2)
2024,厌氧菌检测
2025,瞳孔检查
2026,粪便隐血试验(OBT)
2027,髋外旋外展试验
2028,血清钠（Na+,Na）
2029,输精管造影
2030,高密度脂蛋白胆固醇(HDL-C)
2031,中和试验
2032,纤溶酶
2033,细胞免疫检查
2034,尿液亮氨酸氨基转肽酶（ULAP）
2035,硫酸锌浊度试验
2036,脱氢表雄酮
2037,血清冷凝集素试验
2038,鼻部功能检查
2039,肺弥散功能测定（DL）
2040,利多卡因代谢试验
2041,指总伸肌肌力试验
2042,脐血流检查
2043,双链酶皮内试验
2044,抗心磷脂抗体（ACA）
2045,补呼气量
2046,脑脊液生长素
2047,抗血小板膜糖蛋白自身抗体
2048,咬合关系检查
2049,泪液乳铁蛋白
2050,脊柱触诊
2051,苷-鹅脱氧胆酸
2052,四步触诊法
2053,血清乳酸脱氢酶同工酶（LDHI）
2054,纤维蛋白溶解时间
2055,促甲状腺激素（TSH）
2056,血清淀粉样蛋白A
2057,血清镉（Cd）
2058,血清碱性磷酸酶同工酶
2059,泪液分泌试验
2060,抗肝细胞膜特异性脂蛋白抗体（ALSP）
2061,毛发矿物质检查
2062,乙型肝炎病毒e抗原（HBeAg）
2063,脑脊液脑膜炎球菌抗原
2064,纯音听力计检查法
2065,汉坦病毒抗体（VH-Ab）
2066,乙型肝炎核心抗体免疫球蛋白G
2067,脑脊液谷氨酰胺
2068,前房轴深检查法
2069,尿人绒毛膜促性腺激素（HCG）
2070,包皮包茎检查
2071,胆固醇酯(chE,CE)
2072,抗Sa抗体
2073,尿δ-氨基-γ-酮基戊酸
2074,酸性磷酸酶
2075,胸水检查
2076,小指外展试验
2077,表试验
2078,复方碘试验
2079,平均血小板体积(MPV)
2080,氯丙嗪试验
2081,血浆肝素含量测定
2082,角膜显微镜
2083,唾液白蛋白
2084,红细胞渗透脆性试验
2085,窦道及瘘管造影
2086,断层显像
2087,羊水胆红素
2088,尿去甲肾上腺素（NNM）
2089,马尿酸钠水解试验
2090,细菌感染免疫检测
2091,椭圆形红细胞
2092,触觉
2093,脾脏超声检查
2094,解脲脲原体
2095,热放散试验
2096,胃液酸碱度(pH)
2097,肛门视诊
2098,重复呼吸试验
2099,父母身高预测法
2100,最大胃酸分泌量测定（MAO）
2101,维生素B6
2102,乳腺远红外检查
2103,粪便氯化物
2104,并指(趾)畸形检查
2105,皮肤划痕试验
2106,肱二头肌反射
2107,尿道功能检查
2108,血清学反应
2109,一氧化碳
2110,血清甘氨酰脯氨酰-二肽氨基肽酶（GPDA）
2111,人类免疫缺陷病毒抗体
2112,血清鸟氨酸氨基甲酰转移酶
2113,鼻部检查
2114,杜加斯征
2115,局部显像
2116,弗里德瑞希征
2117,脓汁和创伤感染标本细菌学检查
2118,X染色质
2119,血清谷草转氨酶与血清谷-丙转氨酶比值
2120,胆囊超声波检查
2121,节育器的X线检查
2122,乳酸（LA）
2123,唾液肌酐
2124,血清载脂蛋白a测定
2125,远视力检查法
2126,唾液pH值
2127,腰椎穿刺
2128,白细胞数
2129,血清钠
2130,黄疸检查
2131,可提取核抗原（ENA）自身抗体谱带分析
2132,脊柱超伸试验
2133,阴道清洁度检查
2134,尿维生素C（VitC）
2135,静脉肾盂造影（IVP）
2136,胃总酸度测定
2137,尿液分析
2138,血清醛缩酶同工酶
2139,聚合酶链反应技术
2140,贝美格诱发试验
2141,碱性胚胎蛋白
2142,血吸虫斑点酶联免疫吸附试验
2143,耳廓检查
2144,尿比重（SG）
2145,肿瘤神经多肽受体显像
2146,尿微量转铁蛋白
2147,妊娠相关血浆蛋白A
2148,台阶试验
2149,散瞳验光
2150,T4/T8比值
2151,β血小板球蛋白和血小板第4因子
2152,血浆激肽释放酶原测定
2153,中枢神经递质和受体显像
2154,FBC玫瑰花试验
2155,平均红细胞体积（MCV）
2156,胰蛋白酶
2157,肾脏超声检查
2158,唾液睾酮
2159,蝶鞍侧位片
2160,脑脊液铅
2161,淘虫检查法
2162,蛋白电泳
2163,CT造影扫描
2164,液波震颤(fluid thrill)
2165,血清Ⅲ型胶原蛋白
2166,高峰胃酸分泌量测定（PAO）
2167,心电图
2168,血液生化六项检查
2169,尿17-羟皮质类固醇
2170,干(硒)板静电摄影
2171,必需氨基酸
2172,抗胃壁细胞抗体
2173,血清酸性磷酸酶（ACP）
2174,口服葡萄糖耐量试验
2175,生长激素激发试验
2176,粪中结晶
2177,D二聚体（DD）
2178,积液纤维结合蛋白
2179,骨盆分离试验
2180,尿液细胞学检查
2181,精子顶体完整率检查
2182,胸部MRI
2183,望远镜试验
2184,羊水渗透压
2185,抗链球菌型M蛋白抗体
2186,羊水卵磷脂/鞘磷脂比值（L/S）
2187,呼吸肌张力的测定
2188,乳突
2189,撞击试验
2190,脊柱弯曲度
2191,抗可溶性肝抗原抗体（SLA）
2192,血清谷胱甘肽过氧化物酶
2193,纤维胃镜检查
2194,刮髌试验
2195,眼及眶区CT检查
2196,血清腺苷脱氨酶
2197,盖斯兰试验
2198,阴离子隙
2199,碘黄试验
2200,下消化道摄影检查
2201,角膜荧光素染色
2202,甘氨酰脯氨酸二肽氨基肽酶
2203,陆温试验
2204,谷氨酸脱氢酶
2205,尿游离皮质醇
2206,胃粘膜活检
2207,胸腔积液一般性状检查
2208,平均红细胞血红蛋白含量(MCH)
2209,黄体酮试验
2210,尿苯丙酮酸（PA）
2211,中段尿细菌培养计数
2212,肝显像
2213,嗜中性粒细胞核鼓槌小体
2214,肾血浆流量测定
2215,胰高血糖素负荷试验
2216,尿脂肪
2217,半饱和氧分压（P50）
2218,内生肌酐清除率
2219,胎心监护
2220,胎势
2221,血清乙酰乙酸
2222,红细胞乙酰胆碱脂酶
2223,粪便人体酿母菌
2224,磷酸肌酸激酶
2225,青霉素皮内试验
2226,类风湿因子（RF）
2227,肋锁挤压试验
2228,乙肝病毒学指标
2229,梅毒螺旋体抗原血清试验
2230,经阴道超声
2231,肾病类尿常规
2232,色素内镜检查
2233,腰部活动度
2234,溶解酶
2235,尿孕酮(P)
2236,脑血流测定
2237,抗内因子抗体
2238,腹部透视
2239,粪便结缔组织与弹力纤维
2240,单胺氧化酶
2241,眼球异物定位摄影
2242,抗球蛋白试验（Coombs试验）
2243,中性粒细胞杀菌试验
2244,缗钱状红细胞
2245,精子活动力
2246,皮肤点刺试验
2247,内镜逆行胆胰管造影术
2248,红细胞葡萄糖磷酸异构酶
2249,肾盂内压测定
2250,毛细血管脆性试验
2251,食管压力测定
2252,小气脑CT扫描
2253,球形红细胞
2254,高密度脂蛋白胆固醇
2255,胸部B超
2256,荧光密螺旋体抗体
2257,胸腹水常规检查
2258,T管造影
2259,红细胞大小异常
2260,糖链抗原15-3
2261,尿沉渣红细胞
2262,血清补体C5含量
2263,血清黏度（SV）
2264,眼睑肌力测量计
2265,血浆组织纤溶酶原活化物活性检测
2266,粪便肌肉纤维
2267,尿镁（Mg）
2268,脑脊液内皮素
2269,挤压小腿三头肌试验
2270,体脂肪率
2271,尿含铁血黄素定性试验
2272,β-血小板球蛋白
2273,眼底镜检查法
2274,吡啶斯的明兴奋GH试验
2275,尿丙氨酸氨基肽酶
2276,交叉配血试验
2277,基础代谢
2278,胃液IgG IgA
2279,糖化血清蛋白
2280,泪液表皮生长因子
2281,细菌内毒素检查法
2282,血清胆固醇酯
2283,血液丙酮酸
2284,长碳链脂肪酸
2285,杆菌肽抑菌试验
2286,Schiφtz氏压陷眼压计测量法
2287,真菌感染的实验室检查
2288,血清载脂蛋白E测定
2289,尿碘(I)
2290,抗中性粒细胞胞质抗体
2291,胰岛素胃酸分泌量
2292,蠕形螨检查
2293,血小板平均体积（MPV）
2294,抗硬皮病-70抗体
2295,人体重心平衡仪
2296,乳管镜检查
2297,肠道通过时间测定和压力测定
2298,肺活检
2299,呼吸道粘液-纤毛清除功能测定
2300,压痛及反跳痛
2301,产后盆底肌肉检查及评估
2302,血清淀粉酶（AMS）
2303,口服法小肠造影
2304,γ-干扰素
2305,呼气试验
2306,血清补体C9含量
2307,补体C3测定
2308,脱畸全套检查
2309,眼压计测量法
2310,复钙时间
2311,心脏血管超声检查
2312,皮肤真菌镜检
2313,胃液显微镜检查
2314,压顶试验
2315,气管软化试验
2316,浆膜腔积液
2317,尿管型
2318,腹水检查
2319,尿溶菌酶
2320,游离三碘甲状腺原氨酸
2321,肺通气显像
2322,脑脊液β2-微球蛋白
2323,动脉血气分析
2324,腮腺炎病毒抗体
2325,血清冷球蛋白
2326,血清铁饱和度
2327,髋关节弹响试验
2328,膀胱超声检查
2329,肾血流量
2330,血清钴（Co）
2331,口服胆囊造影
2332,吞噬白色念珠菌功能试验
2333,感染免疫检测
2334,α2-妊娠相关蛋白
2335,癌抗原125（CA125）
2336,维生素B1
2337,脑脊液瘘孔定位
2338,身体质量指数
2339,骨髓细菌培养
2340,子宫内膜活检
2341,内镜下胆道减压
2342,对比敏感度(CSF)检查
2343,含甲状腺球蛋白免疫复合物（TG-IC）
2344,脑电图尖波
2345,常规体检
2346,尿沉渣结晶检查
2347,甲状腺激素抑制试验
2348,胸腔积液显微镜检查
2349,抗骨骼肌抗体（ASA）
2350,叶酸
2351,脊髓灰质炎病毒抗体（Polio―Ab）
2352,内科检查
2353,桡骨膜反射
2354,血浆黏度（PV）
2355,痰培养+药敏试验
2356,昂德腊耳征
2357,血清结合珠蛋白
2358,抗胰岛素抗体(AIAb)
2359,巨淀粉酶
2360,血小板ATP释放试验
2361,屈光检查
2362,尿C肽
2363,镫骨活动试验
2364,屈肌紧张试验
2365,囊虫病补体结合试验
2366,骨显像
2367,尿血红蛋白（uHB）
2368,胃液颜色
2369,锡克试验
2370,胆汁溶菌试验
2371,粪胆红素
2372,闭合容积（CV）
2373,拇短伸肌肌力试验
2374,血红蛋白
2375,红细胞检查
2376,促甲状腺激素释放激素兴奋试验
2377,唾液溶菌酶
2378,布莱恩特三角检查
2379,菊粉清除率
2380,脑脊液血管活性肠肽
2381,格哈德征
2382,男性性功能测试全面测试
2383,血浆D-二聚体测定
2384,眼科检查
2385,持水杯试验
2386,血清冷纤维蛋白原
2387,抗胰岛素抗体
2388,脑脊液无机磷
2389,痰液中分泌型IgA
2390,巴彬斯基征
2391,尿co2测定
2392,室壁运动电影显示
2393,毛蚴孵化法
2394,阴道出血量检查
2395,肺显像
2396,抗乙酸胆碱受体抗体（anti-AchR）
2397,中指试验
2398,石胆酸
2399,血浆组织纤溶酶原活化物抑制物活性检测
2400,生殖器疱疹检测
2401,Tinel征
2402,无管胃酸分析
2403,血清钾
2404,高考体检
2405,羟脯氨酸
2406,血清卵磷脂-胆固醇酰基转移酶
2407,固相酶免疫测定技术
2408,尿妊娠试验（HCG）
2409,血清脂蛋X
2410,脊柱压痛与叩击痛
2411,金伯克现象
2412,粪寄生虫卵
2413,伤寒胶乳凝集试验
2414,尿溶菌酶测定（ULYSO）
2415,精液细菌
2416,组织因子途径抑制物
2417,静态显像
2418,胫化酶谷氨酸
2419,多导睡眠监测（PSG）
2420,脯氨酸肽酶
2421,血清游离胆固醇
2422,人绒毛膜促性腺激素（HCG）
2423,毛细血管抵抗力试验
2424,绒毛膜取样术
2425,俯卧伸腰试验
2426,血小板电泳时间测定
2427,幽门螺旋杆菌的直接检查
2428,人巨细胞病毒抗体
2429,尿锰
2430,大型血小板比例(P-LCR)
2431,咽鼓管检查法
2432,基因诊断技术检测梅毒螺旋体
2433,尿素氮
2434,过敏原筛选
2435,维生素D
2436,维生素E
2437,比格凝血活酶生成时间
2438,甲状腺吸碘试验
2439,拇指小指尖相对试验
2440,脑脊液细胞学检查
2441,尿蛋氨酸（Met）
2442,压平眼压计测量法
2443,脂蛋白X（LP-X）
2444,纤维蛋白原测定
2445,伸肌紧张试验
2446,抗子宫内膜抗体（EMAb）
2447,尿肌红蛋白（UMb）
2448,碳13尿素呼气试验
2449,GC球蛋白
2450,翻转上睑方法
2451,视网膜检影法
2452,克托莱指数
2453,血清血管紧张素I转化酶活性
2454,术后经T形管胆道造影
2455,反映肝脏贮备功能的试验
2456,腹部静脉检查
2457,尿常规
2458,颈部活动度检查
2459,睾酮（T）
2460,狼疮细胞
2461,跖反射
2462,环卵沉淀试验
2463,尿液标本的细菌学检验
2464,眼压
2465,尿肾上腺素
2466,卵巢肿瘤标记
2467,抗网蛋白抗体
2468,关节腔液检查
2469,泪滴状红细胞
2470,粪气味
2471,迷走神经检查
2472,康氏反应
2473,肾动态显像
2474,肝纤维化指标检查
2475,十二指肠胃反流测定和显像
2476,巨噬细胞移动抑制试验
2477,浆膜腔积液病原体
2478,促卵泡激素（FSH）
2479,淀粉水解试验
2480,尿胆素
2481,胰岛素刺激胃分泌试验
2482,糖基抗原CA199
2483,婴幼儿测量身长
2484,间接胆红素
2485,肾盂镜
2486,产后检查
2487,全血硒
2488,孕酮撤血试验
2489,血凝抑制试验
2490,脊椎平片
2491,睾酮
2492,99Tcm-DTPA肺上皮细胞通透性测定
2493,β-脂蛋白定量
2494,阴茎检查
2495,副流感病毒抗体
2496,直腿抬高试验
2497,胎儿脐动脉收缩压与舒张压的比值
2498,尿液浓缩稀释试验
2499,脑脊液溶菌酶
2500,抗双链脱氧核糖核酸抗体（dsDNA）
2501,优球蛋白的溶解时间
2502,仰卧挺腹试验
2503,血吸虫酶联免疫吸附试验
2504,移动性浊音
2505,脑脊液非蛋白氮
2506,精液量
2507,皮肤定位觉
2508,指深屈肌肌力试验
2509,血栓素B2
2510,蛇毒因子溶血试验
2511,二氧化碳分压（PCO2,PCO2）
2512,SST受体显像
2513,血吸虫胶乳凝集试验
2514,羊水钠
2515,降钙素
2516,尿液肉眼检查
2517,阴道妇科常规检查
2518,流感病毒抗体
2519,七叶苷水解试验
2520,磷酸肌酸激同工酶
2521,视力筛查仪
2522,抗骨骼肌柠檬酸提取物抗体
2523,血清天冬氨酶氨基转移酶同工酶
2524,儿童龋齿预防保健
2525,血清载脂蛋白CII测定
2526,血清补体C3裂解物测定（C3SP）
2527,肌酸激酶
2528,粪便粘液
2529,泪管显象
2530,不稳定血红蛋白
2531,必需微量元素检测
2532,粪便气味
2533,胰腺疾病超声诊断
2534,前列腺液细胞
2535,尿道口检查
2536,组织纤维溶酶原激活物(t-PA)
2537,血清铬（Cr）
2538,耳蜗电图
2539,副鼻窦造影
2540,泪膜破裂时间
2541,膀胱注水试验
2542,戈登征
2543,听力检查
2544,抗肌内膜自身抗体
2545,洛日埃征
2546,血清甲状腺素
2547,单视标检查法
2548,骨骼听诊
2549,胎心音
2550,胃部检查
2551,血浆渗透压（POP）
2552,抗流行性出血热病毒抗体（EHF-AB）
2553,粪结核杆菌检查
2554,尿TH糖蛋白
2555,胃肠道显像
2556,白带pH值
2557,脂肪尿和乳糜尿检查(Chyluria)
2558,尿免疫球蛋白
2559,捏鼻闭口呼气法
2560,抗戊型肝炎病毒IgM抗体
2561,选择蛋白指数（SPI）
2562,胰高血糖素
2563,胃运动功能测定
2564,口腔X光片检查
2565,尿乳糖
2566,脑脊液的显微镜检查
2567,酸碱度(pH)值测定
2568,尿瓜氨酸
2569,尿锌（Zn）
2570,血清免疫蛋白电泳
2571,经皮经肝胆道引流术
2572,链霉素皮内试验
2573,肺炎支原体寒冷凝集试验
2574,尿lgG
2575,抗线粒体抗体
2576,内窥镜逆行胰胆管造影（ERCP）
2577,半蹲试验
2578,羊水生化检查
2579,血液尿素氮与肌酐比值
2580,前鼻镜检查
2581,鼻窦检查
2582,道班征
2583,林纳试验
2584,胰胚抗原
2585,“胎儿颈部透明带”的筛检
2586,糖链抗原50
2587,纤维支气管镜检查
2588,烟碱型乙酰胆碱受体抗体
2589,惟一氮源试验
2590,精液乳酸脱氢酶-X
2591,餐叉畸形
2592,内分泌功能试验
2593,植物血凝素试验
2594,铁染色
2595,尿沉渣
2596,阴道镜检查
2597,碎裂红细胞
2598,快速血浆反应素试验
2599,血浆抗利尿激素（ADH）
2600,新生儿体格检查
2601,流式细胞DNA分析
2602,前庭功能检查
2603,脉冲震荡肺功能（IOS）
2604,血液学特殊功能检查
2605,脑电图检查
2606,精子形态
2607,骨髓单核细胞系统
2608,谷酰氨检测
2609,阴道触诊
2610,尿沉渣管型检查
2611,鼻咽部活组织检查
2612,粪便钾（Potassium.K）
2613,血小板检查项目
2614,脑脊液IgG/白蛋白比值
2615,骨骼动诊
2616,亮氨酸氨基肽酶
2617,脑脊液一般性状检查
2618,不孕不育检查
2619,粪便淀粉颗粒
2620,血浆游离血红蛋白
2621,脑脊液动力学试验
2622,纤维蛋白降解产物
2623,丙型肝炎抗体检测（抗-HCV-Ig）
2624,抗SS-B(La)抗体
2625,单核细胞计数(MONO)
2626,提腿试验
2627,连续血浆鱼精蛋白稀释试验
2628,痰液病原体检查
2629,下颌反射检查
2630,刮宫检查
2631,甲种胎儿球蛋白试验
2632,TCT检查
2633,尿维生素B6（VitB6）
2634,选择性心血管造影
2635,宫腔细菌培养
2636,膀胱触诊
2637,交叉步行试验
2638,载脂蛋白A1\载脂蛋白B比值
2639,p53基因检测
2640,红细胞压积(HCT)
2641,阿米巴原虫抗原
2642,经皮经肝胆道造影术
2643,血清免疫球蛋白E（IgE）
2644,尿亮氨酸氨基肽酶
2645,每分钟肺泡通气量（VA）
2646,静脉听诊
2647,痰液的一般性状检查
2648,食管拉网检查
2649,眼睑检查
2650,脑氧代谢显像
2651,睫状血管检查法
2652,药物刺激试验
2653,鼻腔内镜检查
2654,纤维肠镜
2655,血型鉴定
2656,促肾上腺皮质激素（ACTH）兴奋试验
2657,细菌学检验
2658,免疫抑制酸性蛋白
2659,乳酸脱氢酶同工酶
2660,肝胶体显像
2661,腹部平片
2662,肾小球滤过率（GFR）
2663,内镜下乳头括约肌切开术（EST）
2664,输卵管通畅检查
2665,血液酸碱度（pH）
2666,精子计数
2667,血清胆汁酸测定（TBA）
2668,胃肠道功能动力学检查
2669,蓝多耳菲征
2670,皮肤病的物理检查
2671,荚膜肿胀试验
2672,棘球蚴皮内试验
2673,生长激素
2674,体层摄影
2675,胰凝乳蛋白酶
2676,寄生虫检查的浓聚法
2677,早产视网膜病变筛查
2678,血清不饱和铁结合力
2679,心排血量(CO)
2680,角膜地形图检查
2681,口腔内窥镜
2682,脑脊液蛋白电泳
2683,血管性血友病因子抗原（vWF:,Ag）
2684,红细胞烯醇化酶
2685,十二指肠钡餐造影
2686,抗肝细胞膜抗原抗体(ALMA)
2687,尿果糖
2688,肠道真菌病检测
2689,胎甲球（a-FA/AFP)
2690,肌红蛋白
2691,放射过敏原吸附试验(RAST)
2692,动脉血氧含量（CaO2）
2693,新生儿甲状腺功能检查
2694,沙眼衣原体抗体
2695,温度觉
2696,实体觉
2697,抗流行性乙型脑炎病毒IgM抗体
2698,纤溶酶原
2699,促甲状腺受体抗体
2700,二硝基氟苯皮肤试验
2701,组氨酸
2702,皮疹
2703,屈腕试验
2704,EAC玫瑰花结形成试验
2705,滑膜液常规检查
2706,抗浸出性核抗原(ENA)抗体
2707,导管吹张法
2708,尿液透明度（UCI）
2709,瞳孔外观
2710,被动转移试验
2711,胃电图
2712,脑脊液颜色
2713,运动显像
2714,转铁蛋白饱和度
2715,性病研究实验室试验
2716,血清冷球蛋白（CG）
2717,纤维蛋白-琼脂平板溶解试验
2718,尿钠
2719,抗甲状腺球蛋白抗体
2720,丙型肝炎病毒抗体免疫球蛋白M
2721,乙型肝炎表面抗体
2722,促甲状腺激素
2723,脑代谢显像
2724,肌张力检查
2725,胎儿镜检查
2726,轮替动作
2727,脑多普勒超声（TCD）
2728,抗风疹病毒抗体(RuV)
2729,唾液尿素氮
2730,尿微量清蛋白（mA1B）
2731,β-内酰胺酶
2732,屈肘试验
2733,Rh血型鉴定
2734,血清钙
2735,尿17-酮类固醇
2736,多染性红细胞
2737,闭眼单脚站立
2738,全身状态检查
2739,粪酸碱度
2740,尿香草扁桃酸（VMA）
2741,视野计检查
2742,标准碳酸氢盐(SB)
2743,螺内酯试验
2744,狼疮性抗凝因子
2745,腹部MRI检查
2746,血小板纤维蛋白原受体检测
2747,抗乙酰胆碱受体抗体
2748,肺部检查
2749,脑脊液检查-化学检查-蛋白质检查
2750,尿道冲洗试验
2751,儿童支气管镜检查
2752,肿瘤相关抗原
2753,肾小球滤过分数
2754,粪便上皮细胞
2755,血氨
2756,凝集实验
2757,维生素B2
2758,抗凝血酶Ⅲ活性和抗凝血酶Ⅲ抗原
2759,酸溶血试验
2760,厌氧菌的分离与鉴定
2761,唾液皮质醇
2762,胸腹部垫枕试验
2763,粒细胞集落刺激因子
2764,血清脂肪酶（LPS）
2765,血红蛋白A2
2766,水负荷ADH抑制试验
2767,肘后三角检查
2768,血清酪氨酸
2769,眼底接触镜
2770,子宫与附件肿块
2771,血清补体C4含量测定
2772,C肽（C-PR）
2773,抽屉试验
2774,血清肌酸激酶
2775,子宫及附件检查
2776,因子VIII/因子IX促凝活性
2777,外耳检查
2778,心内电生理检查
2779,缓冲液
2780,乳房自检
2781,酚妥拉明阻滞试验
2782,尿铅
2783,颈部MRI检查
2784,骨髓显像
2785,飞行员体格检查
2786,拉斯特征
2787,血浆氟化物
2788,抗巨细胞病毒IgM抗体
2789,胃排空测定和显像
2790,前足挤压试验
2791,肿瘤声学造影
2792,智商
2793,用力肺活量（FVC)
2794,脑脊液游离型髓鞘碱性蛋白抗体
2795,脾显象
2796,足－嘴试验
2797,糖链抗原72-4
2798,心肌灌注显像
2799,白细胞计数（WBC）
2800,胸腔积液检查
2801,全血乳酸测定
2802,肿瘤放射免疫显像（RII）
2803,唾液中的细胞
2804,抗心磷脂抗体
2805,微丝蚴（Mf）
2806,全身骨骼疾病排查
2807,层粘连蛋白
2808,血清磷酸已糖异构酶
2809,D860激发试验
2810,自然杀伤细胞活性
2811,滑液检查
2812,肝、胆、胰、脾的MRI检查
2813,抗肾小球基底膜抗体
2814,抗双链DNA抗体（ani-DNA）
2815,同色表检查法
2816,透光试验
2817,胃游离盐酸测定
2818,结核菌素皮内试验
2819,脾显像
2820,血清β―羟基丁酸测定
2821,尿汞（Hg）
2822,雌酮(E1)
2823,抗胰岛素受体抗体
2824,尿血红蛋白定性
2825,CT平扫
2826,肝实质显像
2827,眼球及眼眶检查法
2828,粪便钙
2829,血浆蛋白S测定
2830,甲状腺素结合球蛋白
2831,体位引流
2832,C-肽
2833,二维超声心动图
2834,尿多巴胺
2835,宫颈妇科常规检查
2836,精浆α-葡萄糖苷酶
2837,运动觉
2838,嗜中性杆状粒细胞数
2839,唾液醛固酮
2840,血清α1-微球蛋白
2841,脑脊液(Kahn)氏沉淀试验
2842,追踪减影透视
2843,妇科疾病的病毒检查
2844,血清醛固酮(ALD,ALS)
2845,脊柱运动试验
2846,泪腺检查法
2847,自主神经功能检查
2848,血清前白蛋白
2849,甲状腺吸碘率试验
2850,流速容量测定
2851,快速血浆反应素环状卡片实验
2852,紧张度与动脉壁状态
2853,羊水细胞性染色质检查
2854,语言检查法
2855,肺和胸膜视诊
2856,糖筛
2857,尿镍（Ni）
2858,胰多肽
2859,角膜知觉检查法
2860,克利曼征
2861,脑脊液P物质
2862,趾长伸肌肌力试验
2863,骨髓浆细胞系统
2864,潮气容量
2865,阿米巴原虫抗原和抗体
2866,皮肤弹性检查
2867,膝反射
2868,唾液黏蛋白
2869,间接检眼镜检查法
2870,不规则抗体筛选
2871,经皮肝穿胆道引流（PTD）
2872,阿司匹林耐量试验
2873,胍基化合物
2874,血清铝
2875,集光检查法
2876,肺活量体重指数
2877,血清前白蛋白（PA）
2878,呼气高峰流量（PEFR）
2879,比塞征
2880,甲状腺激素抑制显像
2881,14C呼气试验
2882,输尿管镜检查
2883,脂蛋白电泳(SLE,LPE,LE)
2884,腹部体毛检查
2885,催乳素(PRL)
2886,禁水试验
2887,达阿马托征
2888,色氨酸耐量试验
2889,沙门氏菌的鉴定
2890,真菌检查
2891,小气道功能
2892,牙髓温度试验（冷热诊）
2893,糖脂类肿瘤标志物检测
2894,内镜下胰胆造影术（ERCP）
2895,胎儿镜
2896,血清磷脂
2897,脑脊液葡萄糖(CSF-Glu)
2898,荧光法密螺旋体抗体吸附试验
2899,位置觉
2900,瘘管试验
2901,红细胞血清总胆红素
2902,胎方位
2903,皮质醇结合球蛋白(CBC,CBG)
2904,天门冬酰酸
2905,尿结晶
2906,剖腹探查
2907,脑脊液培养+药敏试验
2908,坐位旋转试验
2909,不孕的血型检查
2910,乳头溢液检查
2911,血红蛋白电泳
2912,虱检查
2913,肝、胆、脾CT检查
2914,尿5-羟吲哚乙酸
2915,肌电图
2916,端粒酶活性
2917,阴囊显象
2918,链激酶-链道酶试验
2919,闭孔内肌征
2920,肾脏MRI检查
2921,血清C1q
2922,产科B超
2923,血清叶酸
2924,肝区腹膜摩擦感
2925,尿碱性磷酸酶
2926,硬币叩击试验
2927,尿谷氨酰胺
2928,尿淀粉酶
2929,胸膜摩擦感
2930,乳房活检
2931,原地踏步试验
2932,放射免疫显象
2933,Schfrmer氏试验
2934,骨碱性磷酸酶
2935,肝表面状态和边缘
2936,人白细胞抗原B27（HLA―B27）
2937,挺胸试验
2938,尿苯丙酸试验
2939,选择性蛋白尿指数
2940,总胆红素（TBIL,STB）
2941,痰液中晶体
2942,精液细胞
2943,单克隆丙种球蛋白
2944,维生素U
2945,定量肝功能试验
2946,颞下颌关节检查
2947,耳部检查
2948,血清已糖
2949,红细胞电泳时间测定
2950,面神经的味觉检查
2951,出血时间
2952,F-波
2953,宫腔镜
2954,抗庚型肝炎病毒IgG抗体
2955,尿N＇-甲基烟酰胺
2956,抗核仁抗体
2957,血清醛缩酶
2958,性传播疾病免疫检测
2959,X线头影测量
2960,尿卟啉原试验（UP）
2961,血清化学检查
2962,脑神经检查
2963,端坐伸膝试验
2964,细菌的鉴定
2965,听力图
2966,职业病检查项目
2967,痰液中细胞分类
2968,载脂蛋白A-Ⅰ(ApoA-Ⅰ)
2969,尿隐血
2970,颗粒膜蛋白-140
2971,热盐水试验
2972,甲状腺摄131碘试验
2973,静态骨显像
2974,红细胞碱粒凝聚试验
2975,肺顺应性(C)
2976,非结合胆红素(SIB,IBIL）
2977,深感觉检查
2978,粪便白细胞
2979,尿液运铁蛋白
2980,反映肝脏间质变化的试验
2981,乳糜尿
2982,泪液pH
2983,尿含铁血黄素(HS,Hd)
2984,尿胆红素（BIL）
2985,尿亚硝酸盐
2986,颅内压监测
2987,血栓调节蛋白抗原
2988,直肠镜检查
2989,乳腺检查
2990,人类轮状病毒抗体
2991,尿β-羟丁酸
2992,外科检查
2993,血清补体旁路途径活性
2994,麦克马瑞试验
2995,脑脊液细菌培养
2996,低钠试验
2997,全血还原黏度
2998,cd55,cd59检测
2999,血浆因子XIII缺乏筛选试验
3000,雌激素
3001,红斑狼疮细胞(LEC)
3002,电测听
3003,盆腔和阴道B超
3004,静脉胆道造影
3005,胱氨酸
3006,血清铁（Fe）
3007,粪瘘检测
3008,淋球菌抗体检测
3009,精囊检查
3010,Hertel氏眼球突出计
3011,胆道支架引流（ERBD）
3012,单核细胞比例(MONO%)
3013,M型超声心动图（ME）
3014,玻片压诊法
3015,温度与出汗
3016,脑膜刺激征
3017,细胞膜表面免疫球蛋白测定
3018,滤过紫外线检查
3019,卡普兰交点检查
3020,胎儿畸形筛查
3021,浮髌试验
3022,头颅运动
3023,腹壁紧张度
3024,粪便脂肪
3025,弥散容量测定
3026,谷氨酰胺
3027,坠落试验
3028,异丙醇试验
3029,体液免疫检测法
3030,身高预测
3031,红细胞渗透脆性试验（ROFT）
3032,精子子宫黏液贯通试验
3033,听力测试法
3034,新斯的明试验
3035,粪细菌培养
3036,尿含铁血红黄素
3037,肛门反射
3038,血清补体C1q
3039,踝肱指数
3040,红细胞碱粒凝集试验
3041,局部淋巴显象
3042,精子顶体酶
3043,尿谷氨酰转肽酶(UGGT)
3044,絮状沉淀试验
3045,低密度脂蛋白胆固醇(LDL-C)
3046,碳源利用试验
3047,乙型肝炎核心抗原
3048,肛门指检
3049,LHRH试验
3050,脑脊液胆红素
3051,眼震电图描记法
3052,肺炎支原体补体结合试验
3053,乳腺导管造影
3054,羊水甲胎蛋白测定（AFP）
3055,前臂屈肌紧张试验
3056,血清甲状腺素结合前白蛋白
3057,骨髓粒细胞与有核红细胞比值（M/E）
3058,血清胆固醇
3059,二氧化碳结合力
3060,四肢透视
3061,反三碘甲状腺原氨酸(γT3,反T3)
3062,葡萄糖-6-磷酸脱氢酶
3063,血清单胺氧化酶（MAO）
3064,血红蛋白浓度（HGB）
3065,骨髓增生程度
3066,颅内多普勒血流图(TCD)
3067,血氧含量
3068,血涂片
3069,斯比德试验
3070,单腿站立试验
3071,抗核抗体(ANA)或抗核因子(ANF)
3072,红细胞破坏部位测定
3073,乙型肝炎病毒表面抗原（HBsAg）
3074,生殖道分泌物培养
3075,伸肘试验
3076,抗利尿激素
3077,组织多肽抗原
3078,血浆蝰蛇毒磷脂时间测定
3079,积液溶菌酶
3080,优球蛋白溶解时间
3081,血小板体积分布宽度（PDW）
3082,梅毒螺旋体血凝试验
3083,胰癌胚抗原（POA）
3084,蔗糖水溶血试验
3085,血浆组织纤溶酶原活化物抗原检测
3086,前列腺、精囊腺的超声检查
3087,载脂蛋白E基因分型
3088,四肢CT检查
3089,血清补体C6含量
3090,白带检查
3091,囊虫胶乳凝集试验
3092,TORCH检查
3093,黄体生成素
3094,强弱
3095,全血镍（Ni）
3096,呼吸动度
3097,结肠造影
3098,99Tmc-MIBI甲状腺显像
3099,凝固酶试验
3100,静息显像
3101,肾脏切片
3102,脑脊液结合型髓鞘碱性蛋白抗体
3103,幽门螺旋杆菌血清学测试
3104,脉率
3105,半饱和氧分压
3106,谷氨酸脱羧酶抗体（GADA）
3107,虎红平板凝集试验
3108,尿素
3109,被动血凝测定
3110,胸腔积液临床化学检查
3111,乳突CT检查
3112,尿铬
3113,尿液颜色（UCO）
3114,改良加藤法
3115,淀粉酶同工酶
3116,腹膜后充气造影
3117,细菌性食物中毒检测
3118,血尿素
3119,甲胎蛋白变异体（AFPV）
3120,精子运动轨迹分析
3121,食管钡餐透视
3122,大生化检查
3123,空腹血葡萄糖
3124,侧卧位肺灌注显像
3125,下颌运动检查
3126,胰腺的CT检查
3127,泪道检查
3128,乙醇凝胶试验
3129,胃充盈及排空功能检查
3130,产前的口腔检查
3131,肾血流量（RPF）
3132,血清白蛋白（ALB,A）
3133,脑脊液天门冬氨酸氨基转移酶
3134,弓形体筛选
3135,泌尿系统CT检查
3136,核糖核酸染色
3137,寄生虫排泄物和分泌物检查
3138,红细胞机械性脆性试验
3139,嗜异性凝集试验
3140,α2-纤溶酶抑制物活性
3141,阴茎超声检查
3142,抱膝试验
3143,乳糜微粒
3144,血红蛋白F包涵体生成试验
3145,乙型肝炎病毒前S2抗原
3146,排粪造影检查
3147,D-二聚体
3148,心血管造影
3149,抗凝血酶-Ⅲ
3150,二硝基氯苯试验
3151,鼻咽部MRI检查
3152,液气胸征
3153,年龄检查
3154,脑脊液纤维连接蛋白
3155,等流量容积
3156,轮状病毒抗体（RV Ab）
3157,肛门拭子检查法
3158,细胞组织化学染色
3159,动态显像
3160,棒状小体
3161,腹部血管杂音
3162,5-羟吲哚乙酸
3163,胰岛素低血糖兴奋GH、ACTH试验
3164,异常红细胞形态检查
3165,支原体检查法
3166,四肢的骨和关节平片
3167,可乐定试验
3168,靛胭脂试验
3169,梅毒USR试验
3170,线索细胞
3171,隐血试验与含铁血黄素检查
3172,腹部包块
3173,钙激发试验
3174,促甲状腺激素受体抗体
3175,红细胞寿命
3176,HCG半定量
3177,钩端螺旋体补体结合试验
3178,β1-妊娠特异蛋白
3179,乙型肝炎病毒核心抗体（HBcAb）
3180,c肽释放试验
3181,脉波
3182,踝反射
3183,经皮肾镜检查
3184,肾小管氨马尿酸最大排泄量试验
3185,跟骨叩击试验
3186,鼻嗅觉功能检查
3187,脑脊液氯化物
3188,狼疮细胞试验
3189,泪液电解质
3190,优生四项检查
3191,尿维生素B1（VitB1,VB1）
3192,指脉氧
3193,重振试验
3194,抗平滑肌抗体
3195,粪中脂肪
3196,现时身高预测法
3197,输卵管通气试验
3198,全血镍
3199,溶菌酶
3200,伦德试验
3201,4-胫脯氨酸
3202,骨骼触诊
3203,血液半乳糖
3204,CT血管成像
3205,脂蛋白电泳
3206,T细胞花环形成试验
3207,电子束CT
3208,血清铁
3209,闭目难立征
3210,血清α1-酸性糖蛋白（α1-AG）
3211,肝血流灌注显像
3212,EA花环激活试验
3213,脑脊液促甲状腺素
3214,缓冲碱(BB)
3215,苷-胆酸
3216,尿铍
3217,滤过钠排泄分数ＦＥＮa
3218,阿-曼氏试验
3219,血清苯丙氨酸（Phe）
3220,粪便红细胞
3221,胶囊内视镜
3222,尿胆原
3223,5＇-核苷酸磷酸二酯酶同工酶
3224,昼夜尿比重试验
3225,子母胰管镜检查
3226,马氏杆
3227,SPECT显像
3228,冷热试验
3229,孕激素试验
3230,卵磷脂小体
3231,盆腔充气造影
3232,心血管MRI检查
3233,甲状腺素(T4)
3234,Hb-F碱变性试验
3235,血清尿素氮
3236,无痛内视镜检查
3237,结合胆红素(SDB,DBIL)
3238,胃液潜血试验
3239,残气量（RV）
3240,血清5'-核苷酸酶（5'-NT）
3241,脂溶性维生素
3242,抗戊型肝炎病毒IgG抗体
3243,关节镜检查
3244,乙型脑炎病毒抗体
3245,血卟啉雾化吸入试验
3246,血清汞（Hg）
3247,脑脊液钙调素
3248,聚合酶链式反应
3249,淋球菌免疫学检测
3250,T细胞转化试验
3251,异形淋巴细胞
3252,冷热溶血试验
3253,痰液中寄生虫和虫卵
3254,盆底肌电图检查
3255,伸腕试验
3256,小指屈指试验
3257,总甲状腺素
3258,血清无机磷
3259,性交后试验
3260,醋酸AS-D茶酚脂酶染色
3261,反映肝脏排泄功能的试验
3262,胸腔积液免疫化学检查
3263,超声内镜检查
3264,脊柱椎体平扫
3265,精子运动速度
3266,粪便结石
3267,呼吸道合胞病毒抗体
3268,灭吐灵（MCP）兴奋PRL试验
3269,氧化酶试验
3270,白蛋白(A,Alb)
3271,血清淀粉酶同工酶（AMY-I）
3272,尿总氮
3273,眼压描记检查法
3274,抗麻疹病毒抗体
3275,放射性核素肾图
3276,内生殖器检查
3277,头颅形状
3278,角膜映光法
3279,乳房淋巴结实验
3280,舌咽神经检查
3281,甲状腺放射性核素显影检查
3282,血清谷草转氨酶
3283,尿γ-谷氨酰转移酶
3284,腰骶部丛毛征
3285,血液分析仪检查
3286,前列腺液颜色
3287,血小板第Ⅳ因子
3288,胆碱酯酶
3289,β-半乳糖苷酶试验
3290,尿素清除率(UCL)
3291,血清白细胞介素3
3292,甘油三酯
3293,鳞状上皮细胞癌抗原
3294,浆膜腔积液细胞计数
3295,血浆凝血酶检测
3296,凝血酶时间
3297,冈上肌肌腱断裂试验
3298,胃液总量
3299,血清锰（Mn）
3300,抗SS-A和SS-B抗体
3301,结膜的检查
3302,尿浓缩试验
3303,胃泌素
3304,鼻中隔
3305,维生素B3
3306,闭目行走试验
3307,血清砷（As）
3308,肿瘤前哨淋巴结显像
3309,散光表验光法
3310,溶血试验
3311,癌胚抗原（CEA）
3312,血清精氨酸酶
3313,抗凝血活性试验
3314,寄生虫检查的定量透明法
3315,T淋巴细胞亚群
3316,羊水泡沫试验
3317,腹颈静脉回流试验
3318,尿钙(Ca2+,Ca)
3319,胎儿血红蛋白(HbF)酸洗脱试验
3320,肺和胸膜叩诊
3321,肾上腺皮质显像
3322,闭孔内肌试验
3323,尿睾酮
3324,反跳试验
3325,肝脏触诊
3326,施瓦巴赫试验
3327,尿N-乙酰β-D氨基葡萄糖苷酶
3328,Trousseau征
3329,乙型肝炎核心抗体免疫球蛋白M
3330,红细胞腺苷酸激酶
3331,维生素K(VitK,VK)
3332,前房的一般检查
3333,三叉神经检查
3334,血清溶菌酶（LYSO）
3335,屈氏试验
3336,骨盆外测量
3337,补液试验
3338,瓦色曼化反应
3339,癌症普查
3340,尿镉
3341,胆囊胆道B超检查
3342,平面显像
3343,屈指试验
3344,痰液中柯什曼螺旋体
3345,小指短屈肌肌力试验
3346,血小板活化因子
3347,手背浅静脉充盈度
3348,尿氟
3349,收缩压
3350,乙型肝炎表面抗原
3351,膀胱残余尿量测定
3352,胃蛋白酶测定
