0,手指甲没有白色月牙
1,血浆胆固醇水平高
2,持续低烧
3,气道高反应性
4,难免流产或不可...
5,嗳腐
6,尿不尽
7,咽喉及口内刺痒
8,胸壁浸润
9,偏侧不注意
10,幽门肌肥大
11,牙齿缝隙大
12,偏执性妄想
13,踝关节肿胀
14,大三阳
15,眼睑震颤
16,耳聋
17,静脉石
18,面容憔悴早老
19,无名指半月甲呈粉红色
20,心肌顿抑
21,发育性畸形
22,心脏左室舒张功能减退
23,呼吸反射调节受损
24,新生儿贫血
25,大便干结呈算盘珠状
26,输尿管梗阻
27,眼睑外翻
28,颈性眩晕
29,第一心音亢进
30,特禀体质
31,郏帮芹
32,腹部肿块
33,消化不良
34,粟粒样丘疹
35,心悸
36,热痱
37,胃肠道排空表现
38,女性膀胱颈梗阻
39,耳廓红肿
40,环甲肌失去收缩...
41,青春期后无精液
42,扁桃体上有白点
43,手指不能屈伸
44,牵引性头痛
45,口苦
46,完全流产
47,痢疾样大便
48,舌乳头增生
49,肢端湿冷
50,肛门湿疹瘙痒
51,扁桃体充血
52,恋爱挫折综合征
53,翻身困难
54,肛裂三联征
55,低射血分数
56,子宫附件肿块
57,眼睛红肿
58,腹部“柔韧感”体征
59,头皮结痂
60,顽固性头痛
61,口唇潮红
62,卵巢性多毛
63,脓尿
64,气血凝滞
65,色素斑
66,肠鸣
67,异源性ACTH
68,前囟张力增高
69,子宫出血
70,食管瘘
71,附睾肿大发硬
72,呼气中有甜臭味
73,发作性嗜睡和食欲亢进
74,鼠尾征
75,剥脱性皮炎
76,眉弓疼痛
77,汗毛过多
78,阴道转移
79,卵巢功能障碍
80,肛门疼痛
81,咯血伴呛咳
82,腰椎疼痛
83,踝阵挛
84,湿疹
85,老人便秘
86,菌血症
87,维生素K缺乏
88,意识短暂中断
89,一过性脑缺血
90,脓肿
91,耳道流脓
92,门脉高压
93,肌肉完全断裂
94,甲营养不良
95,淋巴道转移
96,中上腹持续性疼痛
97,肺纤维化
98,婴儿痉挛症
99,溶血性黄疸
100,角质层过度增厚
101,鼻粘膜苍白水肿
102,腰骶部或下腰部疼痛
103,肌肉撕裂
104,肌肉紧张性疼痛
105,阵发性痴笑
106,面肌抽搐
107,卵巢增大
108,呼吸减慢而不规则
109,睡后手指出现麻...
110,胸痛
111,透明隔腔增宽
112,外阴肿胀
113,现实解体
114,少尿
115,癫痫性头痛
116,呻吟
117,球蛋白异常
118,延髓性麻痹
119,呼吸音减弱
120,角膜瘘
121,耳垂里有硬疙瘩
122,疥疮恐惧
123,缺铁性贫血
124,营养性皮肤改变
125,构音不清
126,图形定向障碍
127,手脚发麻
128,眼球垂直运动障碍
129,呼气困难
130,肠外结核
131,儿童离别焦虑
132,颈髓硬膜外病变
133,结脉
134,肌肉挫伤
135,语音震颤增强
136,阑尾壁缺血坏死
137,手掌疤痕畸形
138,躯干畸形弯曲
139,挖耳出血
140,四肢苔藓样变
141,婴儿枕秃
142,化学性支气管炎
143,颈短
144,兔唇
145,鼻出血
146,下肢发凉
147,叹息样呼吸
148,舌根部脓肿
149,气管移位
150,遗精
151,肠粘连
152,膀胱痉挛
153,食指不明原因疼痛
154,颈椎间盘退变
155,上腹不适
156,听不懂别人及自...
157,异常鱼鳞癣
158,耳蜗性耳聋
159,上腹部肿块及腹胀
160,尿流缓慢
161,药物依赖
162,婴儿睡觉不踏实
163,HGX
164,口渴
165,右背部痛
166,尿道瘘
167,头沉
168,静脉曲张性溃疡
169,前臂及手部肌群...
170,末指短小向内弯...
171,腹痛
172,代林彦
173,知觉消失
174,血压高
175,先兆子痫
176,疑病症
177,心脏淤积淀粉样物质
178,食道粘膜水肿充血
179,肺不张
180,老年人高粘血症
181,脱发
182,足跟步行
183,丧偶后适应性障碍
184,尿偏碱
185,复听
186,前额及颧骨突出
187,嘴角降肌发育不良
188,刷牙时恶心
189,持续性下腹疼痛
190,指甲出现条纹或斑点
191,牵涉性头痛
192,血栓外痔
193,侧肋骨痛
194,口腔黏膜白斑
195,前额头痛
196,感觉障碍
197,前囟饱满
198,情绪性多汗症
199,转氨酶增高
200,上唇肥厚
201,横结肠息肉
202,器质性木僵
203,上肢麻木
204,缄默症
205,瞳孔大小不等
206,韧带拉伤
207,风团
208,维生素B1缺乏
209,自发性骨折
210,头盆不称
211,脑神经麻痹
212,惊恐发作
213,先天性少白头
214,面部皮肤过敏
215,网状青斑
216,伸臂握手疼痛
217,垂体性闭经
218,肌张力过高
219,脸红
220,颧红盗汗
221,鼻翼边缘缺损
222,腹股沟疼痛
223,心脏穿透性损伤
224,舌两侧边缘毛状白斑
225,胸痛伴冷汗
226,肠壁坏死
227,院博
228,垂体切除术后昏迷
229,食物在胃的通过障碍
230,阴茎和阴囊水肿
231,口淡黏腻
232,急性胃扩张
233,自我定向障碍
234,收缩期和舒张期杂音
235,静脉血流滞缓
236,头胀痛
237,子宫下垂
238,持续性肠绞痛
239,肾异位伴随输尿管异位
240,甲身凹沟
241,血清降钙素水平增高
242,C
243,神经纤维过度生长
244,截瘫
245,中暑
246,对多脂饮食不能耐受
247,新生儿母乳喂养...
248,溶血
249,继发性痛经
250,心包破损伤
251,会厌炎
252,肾小球有病理形态改变
253,外展型骨折
254,多克隆型冷球蛋白血症
255,肛门或肛管窄小
256,肛乳头肥大
257,粉红色泡沫样痰
258,呈红色条索，游...
259,思维中断
260,三角韧带损伤
261,妊娠反应
262,闫未娟
263,儿童联想和情感障碍
264,眼球挫伤
265,息肉样损害
266,腭异常
267,心内膜弹力纤维增生
268,下腹疼痛
269,急性肠扭转
270,顽固性口腔溃疡
271,口腔黏膜纤维化
272,粪样呕吐物
273,排卵期腹胀
274,偏瘫
275,手掌硬性水肿
276,贫血
277,痛经
278,胃粘膜损伤
279,直肠肛门内胀痛不适
280,喉部淋巴滤泡增生
281,齿龈肥厚
282,产后头痛
283,肩胛带肌肉萎缩
284,免疫性溶血
285,指节垫
286,膝关节内侧肿胀...
287,鼻腔干燥及结痂
288,尿血
289,运动腹痛
290,孕妇上火
291,产道裂伤
292,杵状指（趾）
293,恶性贫血
294,指纹皱瘪
295,室颤
296,肘关节疼痛
297,阵发性肠绞痛
298,小儿明显瘦小
299,迁移性脓肿
300,腰大肌痉挛
301,原发性痛经
302,上唇变薄
303,桡骨茎突剧痛
304,肝积水
305,二尖瓣返流
306,肺内空洞
307,听力减退
308,口干渴难忍
309,神志不清
310,小儿夜惊咬指
311,低热消疲
312,恶寒
313,衣玉品
314,小书写症
315,胸式呼吸
316,层状鱼鳞癣
317,粪便中查见虫卵...
318,头皮撕裂伤
319,两眼下视不能
320,气不摄血
321,子宫粘连
322,纵隔增宽
323,尿失禁与遗尿
324,外阴起疙瘩
325,腹股沟痒
326,新生儿嗜睡
327,阴茎龟头橡皮肿
328,硬斑
329,内容难以听清的...
330,不能屈膝
331,足底和足背浮肿
332,结肠息肉
333,手足发抖
334,受凉头疼
335,指间关节不能屈曲
336,小肠危象
337,体位性震颤
338,晚发月经
339,慢性肾功能不全
340,机械地重复周围...
341,淤青
342,血性腹水
343,肘部剧烈疼痛，...
344,经常说梦话
345,霉菌感染
346,跖部纤维痛
347,顽固性呃逆
348,口舌生疮
349,乳腺胀痛
350,胎儿心动过缓
351,纤维结构不良
352,肛内轻微隐痛坠...
353,肝弥漫性病变
354,玻璃体内可见球形囊体
355,腹直肌触及边界...
356,心包转移
357,自恋
358,心包压塞
359,变应性咳嗽
360,精神障碍
361,月经期长痘
362,入睡困难
363,男性化
364,胎盘钙化
365,牙龈出血
366,尿道口疼
367,手指麻痛
368,脸部大小不一
369,骨痛
370,右下腹可触及柔...
371,色觉丧失
372,脑干出血
373,商鲁翔
374,结肠性便秘
375,气管处可听到异...
376,瞳孔不对称
377,指甲变软或发生变形
378,产后发热
379,鼓膜发红，耳后红肿
380,腭部可见小出血点
381,骨端增大
382,鼻翼两侧脱皮
383,阴毛早发育
384,脱水热
385,透明血管型
386,排便障碍
387,阴茎异常
388,岳亮
389,肺源性呼吸困难
390,肺中叶纤维灶
391,弛张热
392,呼吸道狭窄
393,缺乏自控能力
394,前臂细小
395,肝昏迷
396,尿道下裂
397,认识能力缺失
398,外阴皮肤肿胀
399,胸椎畸形
400,手指发绀或坏死
401,腹水
402,肩胛带“模拟瘫痪”
403,髌骨骨裂
404,思维破裂
405,胰岛细胞破坏
406,牙齿颈部黄斑
407,足外翻
408,面、颈部味觉性多汗
409,血尿
410,心悸伴高血压
411,慢性静脉功能不全
412,吸气时出现连枷胸
413,产道血肿
414,咳嗽痰多
415,膝内翻
416,胎势异常
417,肺过度充气
418,肚脐疼
419,骶髂部剧烈疼痛
420,局部静脉压痛
421,骨裂
422,生长激素分泌过多
423,厌食
424,舌位于口腔底不能外伸
425,鼻咽癌的远处转移
426,下唇微痒增大如...
427,顽固性失眠
428,褐色尿
429,鞍鼻
430,输卵管迂曲
431,髓鞘化延迟
432,子宫后位
433,胸骨压痛
434,手掌呈黄色
435,肥大结节纤维组织增生
436,眼球调节功能减...
437,眼底发现黄斑呈...
438,巨大膀胱
439,足背及胫后动脉...
440,背胀
441,岳亚庆
442,精子大头畸形
443,腺体结节
444,弹钢琴指(趾)征
445,心房内形成混合血
446,异常体位所致的窒息
447,牙齿拥挤错位排列不齐
448,声音嘶哑
449,手凉
450,镜子征
451,鼻梁平塌
452,蹼状瘢痕
453,腰部僵硬及腰前凸消失
454,指甲异常
455,舌乳头消失
456,下肢动作沉重，...
457,嗜睡
458,气过水声
459,酒糟鼻
460,剧痛
461,思考困难感
462,新生儿脐部出血
463,吐血痰
464,脑疝危象
465,反复肺不张
466,肝内钙化
467,静脉曲张性外痔
468,大腿刺痛
469,颌突畸形
470,慢性肾衰竭
471,血管炎
472,情绪性腹痛
473,腰背的持续隐痛
474,阴道闭锁
475,胸锁乳突肌附着处压痛
476,婴儿睡觉出汗
477,早饱
478,重度精神发育迟滞
479,浑身忽冷忽热
480,虚热口臭
481,肛管反射消失
482,输尿管向心偏移
483,肝缩小
484,乙肝e抗体（抗...
485,不能转颈
486,听觉障碍
487,感染性赘生物
488,唇红干燥
489,肩带肌、上肢和...
490,流产
491,铅管样强直
492,肾小球旁器增生
493,拥抱反射消失
494,下巴关节疼
495,结膜乳头增生
496,虚汗
497,髋外侧可见皮下瘀血斑
498,磨牙
499,耳廓癣
500,恶病性痤疮
501,臂丛神经受累
502,剥夺性弱视
503,出汗异常
504,脂肪代谢障碍
505,“老练”外貌
506,主动脉弓迂曲
507,牙釉质腐蚀
508,褐青斑
509,尿比重增高
510,神经性厌食
511,恶心与呕吐
512,大腿毛细血管明显
513,指甲类似云母
514,新生儿期癫痫持续状态
515,脓毒性血栓
516,血沉增快
517,瘤块压迫
518,丘疹性痤疮
519,色素异常
520,主动脉钙化
521,认知神经功能丧失
522,动作样壁
523,脊髓马尾受累
524,鼻塞及反射性头痛
525,结缔组织性外痔
526,帕里诺眼-腺综合征
527,手套或短袜子式...
528,性施虐癖
529,口咽异物
530,感觉倒错
531,脐部有一半球形肿块
532,迷走神经兴奋
533,心脏破裂
534,眼睛刺痛
535,轻瘫
536,心肌耗氧量增加
537,子宫痉挛性狭窄环
538,不能露齿及突唇
539,脓毒性血症或多...
540,颈静脉怒张
541,肠蠕动减慢
542,咽反射
543,腹股沟区可复性肿块
544,运动时膝前疼痛加剧
545,思维缓慢
546,食管气管瘘
547,耳下区的韧实肿块
548,血中钙离子过高
549,产力异常
550,先天性腹壁发育不全
551,跖纹中拇趾球区...
552,眼球会聚功能麻...
553,上半身热刺激性多汗
554,精子质量下降
555,乳晕痒
556,老年性白斑
557,脉搏加速
558,肢体不自主震颤
559,遗传性果糖不耐受
560,健忘性失语
561,咽部灼热疼痛
562,手的歪扭畸形
563,肩胛骨突出
564,髋部酸胀不适
565,烧伤创面浅咖啡...
566,脑膜刺激症状
567,肺内圆形实质性...
568,大动脉错位
569,腰痛卧床加重
570,情感淡漠
571,额部疼痛
572,贪食行为
573,覃迅云
574,筛窦泪囊瘘
575,手背长斑
576,颈部强硬
577,口有溴味及咸味
578,苑玉梅
579,排尿障碍
580,耻骨直肠肌痉挛性肥大
581,子宫有局限性轻压痛
582,尿瘘
583,鼻脓涕有臭味
584,臀肌挛缩
585,乳糜胸
586,手表皮深处的水疱
587,冲动型人格障碍
588,局部灼热
589,结膜异物
590,唇腭裂
591,痔出血
592,肾后性肾衰
593,新陈代谢低下
594,晶状体膨胀增大
595,出生后“四凹征”
596,心理年龄大于生理年龄
597,糖耐量降低
598,痣细胞
599,躁郁样
600,髌下疼痛
601,说话带鼻音
602,儿童行为孤僻
603,颈椎退化
604,断毛癖
605,肺动脉狭窄
606,结小
607,膝关节肿胀积血
608,思虑伤脾
609,胸廓狭窄而扁
610,胆汁返流
611,肢端溃疡
612,血瘀体质
613,绿色盲
614,面、头、颈、肩...
615,弥漫性系膜硬化
616,脓血性白带
617,肩背痛
618,健康线异常
619,烧伤创面暗灰或...
620,髓性纤维化
621,眼角长斑
622,中心暗点或弓形暗点
623,悬垂型心脏
624,频发房性早搏
625,经期缩短
626,眼结膜水肿及角膜溃疡
627,阴囊瘙痒
628,指甲呈现青紫色
629,颅内高压
630,进食流泪
631,先兆早产
632,努嘴伸舌
633,钙化影
634,面部长癣
635,大便异常
636,食指指甲凹陷
637,剧烈运动后头痛
638,假日心脏综合征
639,低温性昏迷
640,烂桃样血痰
641,移动性浊音
642,会阴部牵引痛
643,急性非化脓性一...
644,湿罗音
645,胎儿宫内发育迟缓
646,产后恶露不净有臭味
647,病理性钙化
648,过敏性皮炎
649,喜怒无常
650,眼嘴的细小皱纹
651,肠绒毛萎缩
652,口唇青紫
653,候亚益
654,食指感觉消失
655,胆碱能危象
656,额叶癫痫的前额...
657,病理性近视
658,气上沖心
659,浅表性疤痕
660,下背部僵硬和疼痛
661,多囊卵巢
662,腰骶疼痛
663,上肢无力
664,多尿
665,复视
666,第三心音奔马律
667,心功能失代偿
668,足趾屈曲挛缩
669,颤抖
670,腮腺肿胀
671,食管腔梗阻
672,弯腰时腰痛
673,无痛性尿血
674,肺动静脉瘘
675,无胡须
676,肌肉痉挛性疼痛
677,神经疼痛
678,寒冷刺激下皮损...
679,咖啡斑
680,小儿哭闹不安
681,半侧面部发育不良
682,肠淤滞
683,输尿管痉挛
684,去首高血压
685,孕妇小腹痛
686,恶露
687,脊髓压迫
688,剧烈疼痛
689,巨大颅骨缺损
690,搏动性耳鸣
691,垂腕
692,回吸性涕血
693,颈部怕前屈，怕仰伸
694,类癌综合征
695,小儿曳足而行
696,Todd瘫痪（...
697,骨脆
698,小孩频繁眨眼
699,胆汁潴留
700,丘脑下部损害
701,头痛并呕吐
702,吐黄水
703,肺部可闻及干湿...
704,尿分叉
705,食欲缺乏
706,盲点
707,绝经后出血
708,上腹囊性肿块
709,上肢呈迟缓性麻痹
710,鼻端缺损
711,手指和足趾无痛...
712,脑死亡
713,声带发炎
714,尿液有白色沉淀物
715,锥体束病损
716,颅面骨畸形
717,回经
718,手指香肠型
719,耻骨联合分离
720,血管壁变薄
721,牙齿萌出疼痛
722,疣状增殖
723,四肢酸痛无力
724,子宫性闭经
725,胰石阻塞
726,四肢麻木
727,胆囊壁变薄
728,耳壳的干性坏死
729,血浆白蛋白降低
730,心慌气短
731,心肌肥厚
732,脑占位性病变
733,气道和食管之间的瘘管
734,口腔粘膜弥漫充血
735,重度贫血
736,小儿爱咬指甲
737,嗜酸性粒细胞增多
738,面纹消失
739,尿流呈波动状
740,继发性便秘
741,耳朵位置低
742,听觉疲劳
743,无力
744,阴囊上有白色小疙瘩
745,眼部感染
746,尾部中线有细小...
747,踝部及足背水肿
748,肢骨纹状肥大
749,疱疹
750,尿液混浊
751,尿滤过分数明显下降
752,三联征
753,妊娠高血压征
754,脊神经压迫
755,盖明文
756,面神经瘫痪
757,喉肌无力
758,腕背侧或掌侧的...
759,肾结晶
760,鼻梁低
761,尿赤
762,妊娠时出现的多毛
763,凉结节
764,呼吸气为腐臭味
765,轻度精神发育迟滞
766,纵隔浊音界扩大
767,骨代谢减低
768,下半身消瘦型
769,颈部僵硬
770,朴玉顺
771,节段性肌张力障碍
772,废用性弱视
773,手酸
774,牙齿颜色异常
775,鼻屎多
776,含铁血黄素沉着症
777,炎性损害
778,颈强直
779,拇指和食指不能...
780,肝区摩擦音
781,血清睾酮浓度低下
782,妊娠时持续性腹...
783,脐突
784,局部可摸到肌腹...
785,疥疮
786,肠穿孔
787,耳内流脓
788,头部及眼后部疼...
789,继发性纤溶功能增强
790,输卵管肿大
791,乳房或乳头未发育
792,腹痛伴休克
793,肌纤维大小不等
794,两手颤抖
795,混浊尿
796,舌裂
797,绿牙或棕褐色牙
798,不宁腿综合征
799,胸闷憋气
800,一过性心尖部收...
801,梗噎
802,动眼危象
803,“三怕”(水声...
804,枕叶受损
805,踝及足麻木和有灼痛感
806,四肢长骨和肌肉...
807,新陈代谢旺盛
808,阴道粘连甚至闭锁
809,小肠损伤
810,角膜溃疡
811,腭部有黑色焦痂
812,头或颈部发胀及跳动感
813,胸腺高度萎缩
814,儿茶酚胺分泌过量
815,颌下腺肿大
816,龟头疼
817,肩背部沉重感
818,紧张性头痛
819,口唇发黄
820,肩部劳损
821,无晶状体眼
822,颅内压增高
823,肝衰竭
824,光感性皮肤损害
825,腹鸣
826,慌张步态
827,热痰口臭
828,弱脉
829,睡觉时突然抽搐一下
830,肺部小结节
831,隔膜孔道狭小
832,血虚脱发
833,耳道堵塞
834,门静脉血流郁滞
835,模仿性自动症
836,额头长痘
837,肘部外翻角增大
838,泌尿系感染
839,烧伤后尿量减少
840,豹纹状眼底
841,弱视眼的拥挤现象
842,牙齿发黄
843,进食困难
844,肢端接连出现苍...
845,牙齿数目过剩
846,纤维膜包裹
847,肠蠕动减少
848,主动脉环扩张
849,尿妊娠试验阳性
850,异食癖
851,感染性肉芽肿
852,狂笑
853,目赤
854,多根肋骨骨折
855,盐类皮质激素分泌过多
856,耳孔处肿物
857,直肠狭窄
858,囟门跳动
859,经期头痛
860,食管黏膜呈管型剥脱
861,腹部皮肤梅干样皱纹
862,腕银叉状畸形
863,病理性赌博
864,痔核
865,遗传性肥胖
866,冲动毁物
867,肺血增多
868,长骨骨骺端钙化不全
869,慈彦华
870,内斜V征
871,无故发笑
872,胃肠淋巴回流受阻
873,潜在中毒
874,拇指内收畸形
875,牙体损伤
876,眼眶缩小
877,吸烟胸痛
878,肾上腺皮质功能亢进
879,肝细胞内脂肪堆积过多
880,胸水
881,嗅觉丧失
882,快感缺乏
883,下腹剧痛并渐向...
884,头皮撕脱伤
885,鞘膜积水
886,化学性皮肤灼伤
887,膈肌缺损
888,阴虚体质
889,牢脉
890,血性渗液
891,无嗅脑
892,股沟及大腿内侧...
893,额叶癫痫的运动...
894,尿道弥漫性浸润
895,脑器质性精神障碍
896,硬化
897,鼻毛脱落
898,排便频率异常
899,前臂外侧和手指...
900,神经性胃痛
901,痰中带血丝
902,食管重复
903,肺血流量很多
904,口粘腻
905,女性周期性鼻塞和鼻衄
906,HBV与HCV...
907,拥抱反射减弱或消失
908,卵圆窝未闭
909,反复感冒
910,黏液分泌亢进
911,肾无功能
912,肠壁水肿增厚
913,蛛网膜增厚
914,手部震颤
915,咳嗽伴胸痛
916,阴囊肿胀
917,南朝霞
918,构音障碍
919,颈部不稳感
920,右边脸颊长痘
921,眼球突出
922,排尿疼痛
923,角膜知觉减少
924,经间期出血
925,化脓性腮腺炎
926,血管迷走性晕厥
927,肋骨融合
928,痉挛性咳嗽
929,胎膜早破
930,肝源性水肿
931,免疫功能障碍
932,血管痣
933,脂肪瘤
934,帆状胎盘
935,频繁呕吐及便秘
936,颈部粗
937,伸膝障碍
938,畏热
939,眉弓凹陷
940,膀胱阴道瘘
941,反复肺炎
942,漏斗骨盆
943,脑积水
944,结肠梗阻
945,牙齿裂纹
946,阴茎勃起不硬
947,顺行性遗忘
948,脐窝湿润有臭味
949,躁狂与昏睡交替
950,撕脱骨折
951,阴道粘连
952,会阴部撕裂感
953,胸膜转移
954,脉率增快
955,头皮下血肿
956,儿童恐怖障碍
957,肛管息肉
958,足跟蓝黑色或黑色斑点
959,产后极端行为
960,内脏出血
961,前房中肿胀的晶...
962,血管过敏性炎症
963,烂眼边
964,胎盘老化
965,脑脓肿
966,下颌前突
967,阴囊脱皮
968,性心理不成熟
969,尿崩
970,兰红霞
971,有排卵性功血
972,巨脚
973,肠鸣音消失
974,乳房内光滑质韧...
975,非对称性关节痛
976,蜘蛛指
977,外斜A征
978,乳酸蓄积过多
979,颈部肌肉肿胀变硬
980,牙齿异常
981,指(趾)肿胀
982,会阴瘘管或窦道形成
983,头皮血肿
984,鸟嘴样尖鼻
985,肺动脉瓣狭窄杂音
986,虹膜蓝色
987,阴道横隔
988,毒性表现
989,染色体畸形
990,眼眶疼痛
991,新生儿绿牙或棕褐色牙
992,女性体毛多
993,雄激素过多
994,肾痛
995,黑痣
996,睡过之后精力没有恢复
997,血液呈现浓缩
998,脓包
999,心肾阳虚
1000,“红光满面”
1001,褪黑色素增多
1002,宝宝缺乏安全感
1003,肾小球体积增大
1004,鼻塞
1005,肌体张力异常
1006,粪便脓血
1007,血管增生
1008,粘性渗出性薄膜
1009,死骨
1010,休克
1011,舞蹈病样动作
1012,月经推迟
1013,小儿夜啼
1014,代树芳
1015,小指半月甲呈粉红色
1016,腹式反常呼吸
1017,回盲瓣功能不全
1018,间歇性耳痛
1019,气体弥散功能下降
1020,婴儿湿疹
1021,失眠头痛
1022,臀产式
1023,菜花耳
1024,手指僵硬
1025,没有肛门
1026,头目晕沉
1027,膝关节软弱无力
1028,下肢振动觉和位...
1029,循环衰竭
1030,急腹症
1031,足癣
1032,乳汁郁结
1033,胆红素升高
1034,牙齿形态异常
1035,瘀血
1036,胸锁乳突肌肿大
1037,尖头并指
1038,流行性肌痛
1039,赫丽杰
1040,重压感、紧箍感...
1041,丘疹
1042,肩胛骨痛
1043,远端胃窦产生异位节律
1044,肌肉跳动
1045,Q-T间期延长
1046,鼻痒
1047,血精
1048,晶状体脱位或半脱位
1049,涩脉
1050,口齿含糊
1051,脐尿管残余
1052,肋间隙可有压痛
1053,消化性溃疡
1054,腹腔种植
1055,月经骤停
1056,腹痛伴恶心、呕吐
1057,判断力和定向力障碍
1058,新生儿打嗝
1059,紧张性疲劳
1060,下肢或周身软瘫
1061,泌尿道阻塞
1062,生理性黄疸
1063,小便不易排空
1064,猫喘音
1065,牙槽突型
1066,腱索断裂
1067,静止性结石
1068,偏盲偏身感觉障碍
1069,痴呆面容
1070,脾虚
1071,动脉造影异常
1072,牙根外露
1073,肢体远端出现腕垂踝垂
1074,假结核结节
1075,疼痛性股青肿
1076,咬嘴唇或舌
1077,胃食管反流症状
1078,瞳孔变形
1079,咳嗽伴哮鸣音
1080,鼻腔前部出血
1081,牙齿神经痛
1082,类风湿关节炎
1083,XV-现象
1084,出血利坏死
1085,幽门前区溃疡
1086,局部软组织浸润
1087,黑尿
1088,尿比重下降
1089,气机失调
1090,小儿维生素D缺乏
1091,听觉过敏
1092,剧烈神经根性痛
1093,鼻干
1094,门体侧支循环
1095,挛缩性瘢痕
1096,肌无力危象
1097,累及整个腹腔的腹膜炎
1098,眼屎多
1099,铁宝刚
1100,肺外症状
1101,颈部搏动
1102,粘液性水肿面容
1103,排便时间过长
1104,吞咽发呛
1105,血栓脱落
1106,职业神经症
1107,肺阴虚
1108,慢性房颤
1109,角膜炎
1110,无痛性阴囊内肿块
1111,流感样症状
1112,局限性肾坏死
1113,睡觉时心跳加快
1114,足痛
1115,痛性阴茎勃起
1116,肺间质纤维化
1117,眼白发黄
1118,免疫力降低
1119,面容失认
1120,尿黄似浓茶
1121,小三阳
1122,鼻分泌物增多
1123,大便粘腻
1124,虚火牙痛
1125,长头畸形
1126,月经前水肿
1127,掌心凹消失或稍隆起
1128,细胞色素C氧化...
1129,鳞状细胞化生
1130,尿道流血
1131,胆道闭锁
1132,子宫硬如板状
1133,产褥期幻觉妄想状态
1134,手术时伤口不再出血
1135,闭目难立征
1136,肠闭锁
1137,木僵
1138,肠道血管畸形
1139,扁脸
1140,痰鸣音
1141,精子异常
1142,痛阈降低
1143,动脉盗血
1144,泪腺不发达
1145,生长过快
1146,局部静脉硬索状
1147,注意力缺乏多动症
1148,颧骨斑
1149,输卵管粘连
1150,肩周酸痛不适
1151,脚脱皮
1152,尿酸盐在关节内...
1153,气道变窄
1154,面长耳大
1155,无运动或感觉障...
1156,对红绿颜色分辨不清
1157,肩胛带的肌肉不发达
1158,“咳嗽水”上瘾
1159,食欲较差
1160,低补体血症
1161,突发性疼痛
1162,排尿异物感
1163,咽部异物感
1164,心尖搏动弥散
1165,耳后疼痛
1166,手掌和足底角化伴多汗
1167,肘外侧肿痛及功能障碍
1168,冠状动脉栓塞
1169,哮鸣音
1170,磷烧伤合并中毒
1171,耳痛
1172,心源性水肿
1173,睑外翻
1174,牙齿遇冷热痛
1175,牙冠呈半透明乳光色
1176,氧分压低
1177,佟玉涛
1178,牙举欢
1179,腹膜炎
1180,喜凉怕热
1181,心源性呼吸窘迫
1182,鼻粘膜溃疡
1183,晒伤
1184,肺门阴影增多
1185,心动过缓
1186,低分子蛋白尿
1187,癫痫的失神发作
1188,失读
1189,器质性神经损害
1190,淀粉样蛋白沉积
1191,孕妇腹部硬块
1192,耳朵长痘
1193,心肌缺血
1194,心肺栓塞
1195,心绞痛
1196,直肠重复畸形
1197,低蛋白血症
1198,青少年白发
1199,大小便潴留
1200,慢性湿疹样变
1201,腹泻为水样带黏...
1202,腰痛伴肾区叩击痛
1203,痛性红舌
1204,口腔血泡
1205,唾液腺肿大
1206,肝细胞脂肪性变
1207,感染性鼻炎
1208,被害妄想
1209,胸腰段及腰椎前凸消失
1210,肌肉硬结
1211,小儿双下肢蜷曲
1212,肌张力减低
1213,长期使用糖皮质...
1214,岳淑芹
1215,眼睛痒
1216,肝脏轻度脂肪变性
1217,枕部疼痛
1218,产褥期谵妄状态
1219,闭孔神经损害
1220,阴道出血
1221,指(趾)骨梗死
1222,肌肉压痛
1223,生殖器外伤
1224,入睡障碍性失眠
1225,咯血伴胸痛
1226,浅感觉减退或缺失
1227,外耳道癣
1228,肾乳头及肾盂出血
1229,过渡区R波递增不良
1230,偏执型人格障碍
1231,逆行性细菌感染
1232,南康立
1233,腹部压痛
1234,原发灶不明的转移灶
1235,下肢感应痛或放...
1236,经期推迟
1237,黏液便
1238,口角和鼻周出现...
1239,临产后阵痛剧烈
1240,紧张性木僵
1241,颅缝过早闭合
1242,奔马律心音
1243,肋间肩胛带疼痛
1244,打嗝
1245,舌淡体胖
1246,椎节后缘有骨刺形成
1247,儿童偏头痛
1248,汞毒性震颤
1249,斜眼抑制
1250,脊突叩痛
1251,足和足趾不能背屈
1252,视物变小
1253,运动耐力降低
1254,打鼾
1255,智能减退
1256,流黄鼻涕
1257,迷恋足部或鞋袜
1258,肾小球内“三高”
1259,呼吸性碱中毒
1260,持续性胸部疼痛...
1261,中暑高热
1262,咳声嘶哑
1263,胆总管结石
1264,下肢短缩
1265,记忆受损
1266,心律失常
1267,静脉血栓
1268,胃气虚
1269,反复抽搐
1270,肩胛放射性疼痛
1271,戒断性痫性发作
1272,足内翻
1273,脑衰弱综合征
1274,脚底干裂
1275,酒精中毒性偏执状态
1276,肠痉挛
1277,无痛性硬实结节
1278,自动症
1279,种植性结节
1280,分离性身份障碍
1281,假期综合症
1282,前列腺痛
1283,甲周炎
1284,脚痒
1285,儿童头痛
1286,神经根激惹症状
1287,角膜糜烂
1288,性窒息
1289,苟飞
1290,枕横位入盆
1291,丘脑出血
1292,肾脓肿
1293,烫伤起泡
1294,心包膜发炎
1295,子宫颈变大
1296,导水管周围受损
1297,角膜上皮糜烂
1298,赔偿神经症
1299,肝功能受损
1300,气管和纵隔移位
1301,眼皮跳
1302,老年人非病变性...
1303,液气胸
1304,尿道口有红斑和水肿
1305,肝-颈静脉回流征阳性
1306,腕关节桡侧部位的疼痛
1307,角结膜干燥症
1308,端坐呼吸
1309,低磷血症
1310,偏身肌张力障碍
1311,妊娠毒血症
1312,肢体或躯干姿势异常
1313,正常免疫球蛋白减少
1314,大便习惯改变
1315,眼睑浮肿
1316,稽留流产
1317,口腔幻触
1318,鼻毛变白
1319,肠道张力减低
1320,听力下降
1321,近曲小管受累
1322,青少年膝痛
1323,青春期身体发育缓慢
1324,睡眠时睑闭合不全
1325,医师
1326,妊娠蛋白尿
1327,颌骨呈“扇形”...
1328,拇趾与二趾趾间距大
1329,豆瑞
1330,颅神经损害
1331,上肢突然出现肿胀酸痛
1332,忘性大
1333,鼻黏膜可呈颗粒...
1334,Q角异常
1335,骶尾部急性脓肿
1336,无法引出moro反应
1337,行走呈大步态
1338,硬下疳
1339,膝关节肿大
1340,雌激素不足
1341,幻觉
1342,外阴白斑
1343,晶状体青光眼斑
1344,骶骨囊肿
1345,乳腺随月经出现胀痛
1346,有机磷中毒
1347,肺动脉楔压（P...
1348,肝内形成嗜酸性肉芽肿
1349,巨口
1350,类风湿结节
1351,腮腺肿大
1352,集合管或乳头弥...
1353,新生儿蛋白尿
1354,指甲夹伤
1355,商艳红
1356,停经并溢乳
1357,心脏压塞征象
1358,肠鸣音亢进
1359,鼻塞排出脓性或...
1360,脉压小
1361,持续颅内杂音
1362,肾动脉硬化
1363,阑尾组织纤维化
1364,反应性细胞改变
1365,爪状趾
1366,婴儿睡眠少
1367,牙龈肿痛
1368,湿啰音
1369,血小板寿命缩短
1370,心理伤害
1371,眉间皱纹
1372,脾胃湿热
1373,打软腿
1374,血管硬化
1375,气胸
1376,妊娠期胸痛
1377,月经期间腰疼
1378,甲状腺肿
1379,婴儿肋骨外翻
1380,泌尿生殖窦
1381,胃痉挛
1382,指甲脱落
1383,睾丸萎缩
1384,年轻人的眼袋
1385,酒精性肝硬化
1386,心脏“偷停”感
1387,不断眨眼
1388,咳泡沫黏液痰
1389,胸腔疼痛
1390,心脏僵硬
1391,“冻僵”现象
1392,地图样骨缺损
1393,漆裂样纹
1394,外阴萎缩
1395,出生时小头
1396,咳嗽反射
1397,男性乳房大
1398,耳硬化症
1399,晚霞样或夕照样眼底
1400,心血管堵塞
1401,缺氧缺血性神经损伤
1402,老年人流泪多
1403,过敏性血管水肿
1404,附睾囊肿
1405,先天性乳糖不耐受
1406,重症肌无力
1407,小指感觉消失
1408,膝盖扭伤
1409,呼气时胸口痛
1410,唇上长有小水泡
1411,血小板减少性紫癜
1412,阴茎疼痛
1413,大腿内侧痛
1414,意识改变状态
1415,直腿伸踝试验阳性
1416,术后疼痛
1417,醉汉步态
1418,脑室受压移位
1419,肝静脉回流障碍
1420,痉挛性截瘫步态
1421,骶椎腰化
1422,心脏停搏
1423,颈动脉搏动减弱或消失
1424,妊娠斑
1425,胸腰段背部或臀...
1426,异常高大
1427,上消化道出血
1428,酒精中毒性嫉妒妄想
1429,猝倒
1430,行走后小腿肌肉痉挛
1431,颈部囊性病变
1432,骨转移
1433,经期出血
1434,角膜有菌苔或溃疡
1435,心包内出血
1436,婴儿褐色或暗绿...
1437,臀沟内似夹着异...
1438,术后急性精神障碍
1439,消化道激惹
1440,心脑血管意外
1441,眼底异常
1442,溶酶体酶缺陷
1443,真皮侵袭性生长
1444,胸廓异常
1445,手指末端持续对...
1446,难治性溃疡
1447,脾气虚
1448,胚胎发育慢
1449,二碱基氨基酸尿症
1450,打喷嚏
1451,胸骨后疼痛
1452,肘关节不能屈曲
1453,中枢性发热
1454,足底烧灼感
1455,上腔静脉回流受阻
1456,胃慢性出血
1457,粘液便
1458,下肢肿胀和乏力
1459,疤痕处破损后出现溃疡
1460,妊娠期间甲亢
1461,胸膜肥厚
1462,死胎
1463,甲胎蛋白增高
1464,脐周肿胀
1465,糙皮病样皮疹
1466,呼吸音粗糙
1467,牙齿上白垩色到...
1468,鼻翼发红
1469,停经
1470,跖纹
1471,励银智
1472,运动气喘
1473,吞气
1474,神经性耳聋
1475,吞咽障碍
1476,外耳道疼痛
1477,失眠
1478,产育过多后腰痛
1479,缩窄性心包炎
1480,痘疤
1481,足底脱皮
1482,结肠粪性穿孔
1483,肢体震颤
1484,下肢久立时出现...
1485,喜讲秽语
1486,岳军
1487,膝盖撞伤
1488,眼睑脓肿
1489,淋巴管淤积
1490,尿中有较多尿卟啉
1491,缺乏深睡眠
1492,睑缘呈横“S”形下垂
1493,头胀
1494,不明原因发热
1495,脚外侧疼
1496,血栓后综合征
1497,声带萎缩
1498,面部肌肉痉挛
1499,胸部紧迫或束带感
1500,耳垂长痘
1501,喉部有痰
1502,头痛头晕
1503,血缺氧
1504,肉芽肿
1505,乳糖耐受不良
1506,膝盖长骨刺
1507,消化道内毛石或...
1508,炎性细胞浸润
1509,髋、膝、肘部呈...
1510,进行性颈部肿块
1511,指根部疼
1512,面部皮肤有结节状增生
1513,肿瘤钙化
1514,眼球偏斜
1515,上半身消瘦，下...
1516,功能性震颤
1517,软骨发育不良与...
1518,非凹陷黏液水肿
1519,局部淋巴结肿大
1520,面色苍白
1521,心脏刺痛
1522,鼻窦压痛
1523,大腿酸痛
1524,第２肋软骨痛
1525,上半身代偿性多汗症
1526,尿锰粪锰
1527,产后小便频数或...
1528,极重度精神发育迟滞
1529,血清钠增高
1530,食管壁增厚
1531,鼻酸
1532,风湿性多发性肌痛症
1533,喉鸣声
1534,颌骨发育过度
1535,手足麻木
1536,脊柱病变性骨盆畸形
1537,阴阳气血失衡
1538,肘关节脱位
1539,骨痹
1540,食管对称性膨大
1541,黑斑
1542,小儿尿色发蓝
1543,儿童行动迟缓
1544,右腹痛
1545,死产
1546,头皮痒
1547,男型骨盆
1548,人工流产术后出血
1549,胃阴虚
1550,赤白带下
1551,蔗糖-异麦芽糖...
1552,外阴下坠感
1553,血红蛋白尿
1554,倒睫
1555,面痛
1556,注意力不集中
1557,咽部有散在灰白...
1558,耳前庭功能受损
1559,龟头异味
1560,语言发育迟缓
1561,定位体征
1562,岳俊卿
1563,纤毛上皮细胞损伤脱落
1564,舌下垂
1565,热痉挛
1566,消化道狭窄
1567,桡骨头发育不良
1568,食物返流至鼻腔
1569,腿脚浮肿
1570,四肢呈对称性下...
1571,吐白沫痰
1572,人格解体
1573,腹围增大
1574,脂膜炎
1575,挤压伤
1576,表皮发生钙化
1577,胸腹壁浅在条索...
1578,乳腺刺痛
1579,儿童性别偏差
1580,面肌萎缩
1581,肾损害
1582,持续性尿蛋白
1583,疼痛性股白肿
1584,烧伤创面淡黄色...
1585,手皮肤发紫
1586,小腿酸痛
1587,乳房和生殖器萎缩
1588,肝阴虚
1589,中度昏迷
1590,抗精子抗体阳性
1591,喉结下方有肿块
1592,颅脑损伤后头痛
1593,血管搏动或波形的改变
1594,钩蚴性皮炎
1595,胃内翻腾或搅拌感
1596,萎缩性痤疮
1597,纳差
1598,骶尾部窦道形成
1599,心力贮备减少
1600,蜕膜残留
1601,临产后俯屈不良
1602,肺部化脓性感染
1603,垂体功能减退
1604,吸收不良综合征
1605,排尿困难及尿潴留
1606,肾区压痛和叩痛
1607,耳廓腹侧面局限性囊肿
1608,眼睑痉挛
1609,产后口渴
1610,闭经-乳溢-不...
1611,胼胝体发育不良
1612,餐后综合征
1613,肝气犯脾
1614,呼吸抑制
1615,呈肾上腺素能依赖性
1616,儿童不敢平卧睡觉
1617,精血不足
1618,颅骨增生
1619,口吃
1620,脸颊出现红血丝
1621,视力障碍
1622,睡觉流口水
1623,缺乏性的兴趣和...
1624,心源性胸痛
1625,纤维性钙化结节
1626,心电图异常
1627,咽痛
1628,静脉萎陷
1629,室性早搏
1630,慢性盆腔痛
1631,痉挛性截瘫期
1632,膝及小腿部有广...
1633,神经性头痛
1634,精囊增大
1635,小腿内侧感觉丧失
1636,脱髓
1637,失血过多后贫血
1638,精子不液化
1639,输尿管囊肿
1640,心包缩窄
1641,下肢外展
1642,臭汗
1643,胃内有异物
1644,腋区疼痛
1645,身痛
1646,表皮全层坏死及...
1647,夜间盗汗
1648,旅行者水肿
1649,假牙疼痛
1650,酒精成瘾
1651,绿色弱
1652,脑白质稀疏
1653,传导性耳聋
1654,小儿臀部瘙痒
1655,四肢屈侧出现橘...
1656,胃嵌顿
1657,鼻翼长痘
1658,阴唇肥大
1659,灼痛
1660,呕血
1661,脊髓出血
1662,尾骶部疼痛
1663,性兴趣减退感
1664,手下垂时皮肤呈灰蓝色
1665,先天性弓形体
1666,痱疹样皮疹
1667,中毒严重
1668,肛门病变
1669,幽门狭窄
1670,晕厥
1671,脐周疼痛
1672,继发性视神经萎缩
1673,睑结膜充血露出...
1674,盆腔脊膜膨出
1675,舞蹈样手足徐动
1676,晨起时颈背部弥...
1677,手足皲裂
1678,喂食困难
1679,进行性痴呆
1680,脉搏细弱甚至不...
1681,胸腔出口综合征
1682,颈部疼痛
1683,腹肌严重发育不良
1684,岳国斌
1685,胀痛
1686,黏膜出现出血点
1687,心排血量增多
1688,被迫体位
1689,非玻璃体的病变...
1690,神经失用
1691,头晕耳鸣
1692,腓肠肌拉伤
1693,瞳孔放大
1694,伸指无力
1695,交替使用双眼
1696,血管内凝血
1697,太阳穴胀痛
1698,耳垂小
1699,排便困难
1700,上肢周围性瘫痪
1701,肝外胆管结石
1702,胶冻状便
1703,蛙形腹
1704,糖激素依赖
1705,裂腭
1706,开放性神经管缺陷
1707,儿童抽动症
1708,胎动频繁
1709,婴幼儿抽风
1710,颌骨膨隆
1711,脑脊液蛋白量增高
1712,尿后滴沥
1713,膝关节不能完全伸直
1714,良性假肥大型肌...
1715,腹泻与便秘交替
1716,烦渴多饮
1717,产后便秘
1718,久不消退的红色皮肤疤
1719,腋毛和阴毛脱落
1720,牙疼
1721,无助感
1722,网球肘
1723,鲜红色乳头状赘...
1724,老年人腿抽筋
1725,子宫前位
1726,产后手指痛
1727,腮腺无痛性肿块
1728,肝糖异生增加
1729,肾区叩击痛
1730,运动或情绪激动...
1731,无宫缩间歇
1732,耳根部疼痛
1733,细胞外液减少
1734,抽筋
1735,肺泡出血
1736,先天性虹膜缺乏
1737,牙齿臭
1738,浆液脓性分泌物
1739,面部皮肤油腻
1740,对铋盐过敏
1741,女性不孕
1742,半年或1岁以后...
1743,脾胃不和
1744,眼神异常
1745,苔黄腻
1746,婴儿脸色发黄
1747,类似荨麻疹的皮...
1748,夜惊
1749,进行性肌麻痹
1750,线状骨折
1751,辗转体位
1752,肾脏破裂
1753,特发性水肿
1754,寂静腹
1755,大腿内侧红斑
1756,黏稠或脓性痰伴...
1757,声带老化
1758,嘴唇干裂
1759,脑血管痉挛
1760,嘴唇肿
1761,无菌性赘生物
1762,下肢浅静脉曲张
1763,岳素荣
1764,血管神经性水肿
1765,阴唇发黑
1766,喉弥漫性黏膜肥...
1767,厌奶
1768,鳞屑
1769,思维奔逸
1770,虚火上炎
1771,梦幻觉
1772,尿中雌激素增高
1773,血清HDL-C...
1774,脂肪痢
1775,吸气时胸口痛
1776,男性型肥胖
1777,指趾端干性坏死
1778,淋巴结结核
1779,咽鼓管堵塞
1780,睾丸下垂
1781,咽喉部充血
1782,女性乳房表浅质...
1783,下腹部钝痛和酸胀感
1784,子宫高度低于妊娠周数
1785,微炎症状态
1786,母婴ABO血型不合
1787,起点
1788,门诊高血压
1789,尿急
1790,饮酒性面红
1791,Howship...
1792,咳血
1793,异性蛋白反应
1794,中枢性呼吸暂停
1795,卵巢性闭经
1796,绿色尿
1797,大便色深
1798,大腿内侧瘙痒
1799,右下腹痛
1800,心脏杂音
1801,心脏震颤
1802,仝超
1803,脑实质深部出血
1804,眼部烧伤感
1805,增殖腺肥大
1806,胆囊积水
1807,视近不能持久
1808,骨核出现迟，发育小
1809,钙离子内流
1810,虎眼征
1811,腹部伤口流出粪便样物
1812,肘关节畸形
1813,睾丸微小
1814,碱烧伤
1815,拇指三节
1816,脑细胞脱水
1817,发作间精神障碍
1818,深痱
1819,衰老加快
1820,声门短而窄
1821,虚火
1822,心肌冬眠现象
1823,运动失调
1824,上腹弥漫性压痛
1825,阴茎短
1826,尿流变细或中断
1827,阴道后穹窿触痛
1828,肾外梗阻
1829,胸痛伴呼吸困难
1830,舌骨区有肿胀压痛
1831,瞳孔异常
1832,小肠细菌过度生长
1833,眼裂细小
1834,鼻唇沟发红皲裂
1835,耳流脓
1836,对光反射迟钝
1837,心源性呼吸困难
1838,混合型酸碱平衡紊乱
1839,桶状胸
1840,肌红蛋白偏高
1841,脑动脉痉挛
1842,胎儿单臂先露
1843,夜间肩痛
1844,视网膜静脉纡曲怒张
1845,腹部逐渐胀大
1846,颈部可前屈，怕仰伸
1847,锁骨上及前斜角...
1848,一侧乳头萎缩，...
1849,鼻裂
1850,巨输尿管症
1851,不规则热
1852,阴道持续流血不停
1853,肌腱扭伤
1854,脑电波的改变
1855,骨缝分开
1856,眶周青紫
1857,上额窦囊肿
1858,乳头肌断裂
1859,口、眼、生殖器损害
1860,结膜出血
1861,环咽部运动障碍
1862,足趾痛
1863,痤疮样皮疹
1864,沮丧
1865,指（趾）麻木
1866,阴囊肿大
1867,心悸伴乏力、面色苍白
1868,脑白质萎缩
1869,汗闭现象
1870,角膜大小不等的...
1871,盘状红斑
1872,持续性腰痛伴有晨僵
1873,肺泡灌洗液可见...
1874,心理老化
1875,失用性综合征
1876,尿糖
1877,钩回发作
1878,纤毛结构缺陷
1879,WUJ
1880,小儿鼻塞
1881,肾病综合征
1882,唇水疱
1883,意识丧失
1884,舌震颤
1885,粪便中见到褐红...
1886,气管间隙形成肿块
1887,尿道瓣
1888,脑实质出血
1889,腹肌肌肉抽搐
1890,下半身无汗或少汗
1891,角膜中央后部典...
1892,肛门瘙痒
1893,扁桃体肥大
1894,烧伤创面焦痂提...
1895,性腺发育不良
1896,黑便
1897,腹痛伴便血
1898,痛觉与温度觉减...
1899,巨胃窦症
1900,颅外头痛
1901,耳垂粘连
1902,舌炎
1903,癔症步态
1904,过强反向性鼻炎
1905,绝经过渡期及绝...
1906,右室肥厚
1907,小血管纤维性坏死
1908,胀坠感
1909,睑黄瘤
1910,表演型人格障碍
1911,幻听
1912,豆瑞克
1913,排钾过多
1914,夕阳综合征
1915,精神运动性活动变坏
1916,肝细胞坏死
1917,鼻尖上翘呈马鞍状
1918,脱症
1919,经期浮肿
1920,妊娠期的生理变化
1921,紫绀和血缺氧
1922,喘息
1923,内收型骨折
1924,视空间功能受损
1925,慢性贫血
1926,泡样水肿
1927,耳廓耳道撕裂伤
1928,阴虚胃痛
1929,心慌
1930,经期延长
1931,急性下肢缺血
1932,甲状旁腺机能减退
1933,儿童偏食
1934,粘膜有粘着性白斑
1935,手热
1936,主动脉和肺动脉影偏小
1937,声音异常
1938,复聪现象
1939,脚冻伤
1940,惧站立，喜依托
1941,指甲上起小细粒
1942,新生儿少哭
1943,书写痉挛
1944,胸大肌痛
1945,咽部粘膜弥漫充血
1946,巨指(趾)
1947,肝气不足
1948,先天性骨发育不良
1949,内脏梗阻
1950,末梢神经炎
1951,膝后肿胀疼痛，...
1952,虚脉
1953,梦游症
1954,不能伸展拇指
1955,发作后精神障碍
1956,起搏频率增高
1957,瞳孔出现黄白色反光
1958,持续发烧
1959,头颅增大
1960,小便恐惧
1961,闫宇邱
1962,新生儿全身水肿
1963,室间隔缺损
1964,骨髓抑制
1965,酒悖
1966,心境不良
1967,睡行症
1968,结膜充血
1969,格子样变性
1970,睾丸一大一小
1971,心跳过速
1972,声门以上的损伤
1973,头晕
1974,乳腺隐痛
1975,吞咽痛
1976,上腹部包块
1977,思维紊乱
1978,耳内闭塞感
1979,颅内钙化
1980,指尖边缘指甲有凹陷
1981,烧伤后脉搏增速
1982,胎心不规则
1983,小儿干咳
1984,男性性早熟
1985,酒精依赖
1986,脖子扭痛
1987,颌骨内似牙的硬组织
1988,乳腺囊性增生
1989,睡觉后全身大汗淋漓
1990,电机械分离现象
1991,手足脱皮
1992,打呼噜
1993,胎儿宫内窒息
1994,睾丸发育不全
1995,腹肌强直
1996,耳鼓膜穿孔
1997,浑身酸痛
1998,内毒素血症
1999,下背部酸痛
2000,深感觉障碍
2001,蜘蛛痣
2002,噩梦
2003,癌性发热
2004,侵蚀性水疱
2005,湿疣
2006,指甲呈筒形
2007,粘膜萎缩
2008,骨无菌性坏死
2009,胸壁塌陷
2010,大腿局部肿胀变形
2011,阴囊水肿
2012,婴儿湿疹结痂
2013,手术创伤
2014,血性耳漏
2015,软组织感染
2016,小便刺痛
2017,面部多毛
2018,亓红菲
2019,小儿疳积
2020,药疹
2021,苑长青
2022,胎儿酒精综合征
2023,牙齿呈棕黑色
2024,低血磷
2025,病理性脱发
2026,下肢负重障碍
2027,睁眼昏迷
2028,血疱
2029,浅眠
2030,烦热
2031,心理年龄小于生理年龄
2032,持续的肌肉收缩
2033,牙周袋形成
2034,牙缝增宽
2035,甲状腺激素偏高
2036,血管壁及周围有...
2037,痉挛性斜颈
2038,婴儿脊柱侧凸
2039,化脓结痂
2040,药物过敏反应
2041,无尿
2042,外眼源性眩晕
2043,外阴痛
2044,南建广
2045,尿道刺痒
2046,前庭反射消失
2047,肌肉疼痛
2048,怪异步态
2049,短缩舌
2050,突发的右侧心衰
2051,伤寒面容
2052,脸部肌肉酸痛
2053,肾性骨质软化
2054,难免早产
2055,额叶癫痫岛盖发作
2056,咳嗽伴呼吸困难
2057,足跟后凸
2058,头昏脑胀四肢无力
2059,局部游走性红斑
2060,胎动改变
2061,右心衰竭
2062,剧烈运动后呕吐
2063,微血栓形成
2064,足跟淤血
2065,产妇颈背酸痛
2066,痰检或可找到丝状蚴
2067,月经时多时少且...
2068,退离休综合症
2069,大疱（含脓性液体）
2070,扁桃体发炎
2071,小腿肚抽筋
2072,消化道穿孔
2073,隐性产后出血
2074,手术后破伤风
2075,体循环淤血
2076,腹膜后纤维化
2077,蝶鞍变形
2078,腹满
2079,肾小管重吸收障碍
2080,血液粘度增高
2081,肺容量减小
2082,乳房肥大
2083,青春期甲亢
2084,牙列稀疏
2085,椎间盘脱出
2086,产后出血
2087,溶血性贫血
2088,粉碎性骨折
2089,视盘倾斜
2090,神经衰弱综合症
2091,肾脏受累
2092,鼻粘膜干燥发痒
2093,耳源性眩晕
2094,剧烈运动后腰痛
2095,眼外转移
2096,脊髓休克
2097,肠道转运障碍
2098,前臂旋后功能受限
2099,挛缩性疤痕
2100,腕部肿胀压痛
2101,阴道流出黄色或...
2102,鼻唇沟加深
2103,大便失禁
2104,前期妊娠反应
2105,烧心
2106,骨膜炎
2107,弥漫性下腰痛
2108,手的搓丸样动作
2109,肺部啰音
2110,两下肺纹理增粗
2111,二氧化碳潴留
2112,阴道不规则出血
2113,一过性昏厥
2114,舌头溃疡
2115,牙龈肿胀
2116,痔块脱垂
2117,足穿孔
2118,闫锋
2119,读小字和辨色困难
2120,胆囊壁毛糙
2121,大腿长红疙瘩
2122,两肺满布粟粒状阴影
2123,眼干涩酸胀，易疲劳
2124,心境高涨
2125,胃肠道功能不好
2126,处女膜无孔
2127,异位妊娠
2128,指骨节肥大
2129,心肌细胞的浊肿
2130,脸色发黄
2131,血性恶露持续时间延长
2132,神志淡漠
2133,肌肉砸伤
2134,发音障碍
2135,肌纤维颤搐
2136,儿童大便失禁
2137,浑身发冷
2138,前列腺素合成减少
2139,骨盆痛
2140,脊髓前角病变
2141,乳房胀痛
2142,一侧性下腹剧烈疼痛
2143,脐周明显红肿变硬
2144,失声
2145,舌口及咽部烧灼感
2146,病理性神经损伤
2147,葡萄膜炎
2148,婴儿睡觉前哭闹
2149,肠麻痹
2150,右下腹压痛
2151,嗓音粗
2152,颈椎间盘突出
2153,筋膜疼痛
2154,眼球震颤
2155,胫骨结节处的酸...
2156,幽门瘢痕性狭窄
2157,晕机
2158,精虚血弱
2159,血糖值升高
2160,过早衰老
2161,鼻翼扇动
2162,血压波动大
2163,湿脚气
2164,踝部凹陷性水肿
2165,血丝痰
2166,手足长水泡
2167,药物中毒
2168,胰酶分泌或排出量降低
2169,脉速而无力
2170,阵发性鼻塞
2171,低钠血症
2172,精液少
2173,肝内管梗阻
2174,头皮坏死
2175,角膜混浊
2176,肺部或支气管周...
2177,男性不育
2178,抑郁
2179,婴儿喂养困难
2180,婴幼儿脐部有肿物突出
2181,蛔虫性肠梗阻
2182,胆囊触痛征
2183,口唇渗液
2184,小儿长牙发烧
2185,发热伴尿频、尿...
2186,鼻翼上方缺损
2187,肠粘膜有坏死溃疡
2188,伤口结疤
2189,肝大而硬
2190,栓塞性肾炎
2191,咳嗽
2192,立毛反射减弱
2193,腕骨发育不全变...
2194,病态欣快感
2195,剧烈运动或强体...
2196,眼面痛
2197,短头畸形
2198,月经稀少
2199,间歇性鼻阻塞
2200,趾远端呈球形
2201,镇静药中毒
2202,声门运动障碍
2203,疱疹后神经痛
2204,胃肠动力差
2205,上肢半屈状
2206,腱或腱止点处增...
2207,鼻子黄色或棕色
2208,肠麻痹软瘫
2209,脊神经根受损
2210,肾上腺增生
2211,肝脂肪变
2212,脐带感染
2213,溢乳
2214,假菊形团结构
2215,说话时字词不能连续
2216,上肢水肿
2217,晶状体移位
2218,尿无力
2219,反复生殖器溃疡
2220,喉部痉挛
2221,上半身肥胖型
2222,肢体运动不协调
2223,孕妇耻骨痛
2224,腓肠肌撕裂
2225,动静脉短路现象
2226,直立性尿蛋白
2227,颈性高血压
2228,乳头肥大
2229,吞咽干食物时胸...
2230,肠套叠
2231,颈动脉痛
2232,眼前冒紫烟
2233,食管梗阻
2234,瘤体坚硬
2235,悬雍垂松弛细长
2236,肛腺分泌减少
2237,性早熟
2238,口痛
2239,胆囊的超敏反应
2240,肌阵挛
2241,胆管断裂
2242,肛区为皮肤覆盖
2243,肌肉纤维震颤
2244,龟头瘙痒
2245,食管痉挛
2246,体型异常
2247,进行性肉芽性溃疡坏死
2248,阴道口局部红肿热痛
2249,不自主运动
2250,气道陷闭
2251,食管闭锁
2252,瘀斑
2253,来鑫
2254,泪腺脱垂
2255,发作性睡眠
2256,核分裂象增多
2257,限局性巩膜膨隆肿物
2258,乳腺小叶增生
2259,喉结增大
2260,甲状腺机能亢进
2261,食物过敏
2262,风寒湿痹
2263,腰部酸胀及无力
2264,食欲下降
2265,肛门夜间奇痒
2266,近迫性心肌梗塞
2267,伤口形成一个搏...
2268,脾胃虚弱
2269,风丘疹
2270,静脉栓塞
2271,新生儿低血磷
2272,手无力不自觉的...
2273,阴道异味
2274,横膈低平
2275,颅神经麻痹
2276,两眼上视障碍
2277,耳鼓膜破裂
2278,烫伤
2279,脾阳虚
2280,术后腹胀
2281,复合性溃疡
2282,真菌感染
2283,耳、鼻、软骨变成蓝色
2284,喉咙溃疡
2285,糖尿病足部病变
2286,免疫缺陷
2287,面肌强直
2288,肺动脉杂音
2289,颈椎肥大
2290,下腰部疼痛
2291,细胞感染增大
2292,虚寒体质
2293,面肌及颈肌紧张
2294,十二指肠狭窄
2295,胃酸减少
2296,乳头侵蚀
2297,胚胎停止发育
2298,疤痕形成
2299,气管阻塞
2300,月经周期改变
2301,一过性意识蒙眬
2302,骨软化症
2303,风湿性血管炎
2304,慢性腹痛
2305,胃排空过快
2306,乳房疼痛
2307,鼻粘膜出血
2308,点状出血
2309,佟靓
2310,对声音敏感
2311,腰背部窦道
2312,耳屎多
2313,出现毒性颗粒
2314,肝功能不全
2315,大转子叩痛
2316,甲状软骨下可触...
2317,抗-HCVAg阳性
2318,胃肠功能不良
2319,性受虐癖
2320,视物变形
2321,尿淀粉酶升高
2322,胰腺纤维化
2323,脂肪泻
2324,出冷汗
2325,微血管心绞痛
2326,心窝部隐痛
2327,情绪性头痛
2328,食管溃疡
2329,少儿脊柱侧凸
2330,腱鞘变干
2331,睑结膜沙粒外观
2332,肺泡破裂
2333,无动性缄默
2334,耐热力降低
2335,前胸压迫性疼痛
2336,子宫移位
2337,髓质海绵肾
2338,青光眼斑
2339,第3腰椎横突的...
2340,创伤性宫腔粘连
2341,紫癜
2342,肩周区弥散的钝...
2343,发炎
2344,手指歪斜
2345,脐带过短
2346,带血粘脓鼻涕
2347,唇圆或椭圆形红斑
2348,气虚体质
2349,脓肿破入胸腔
2350,选择性缄默症
2351,肛旁脓肿
2352,噎痛感
2353,牙关紧闭
2354,血热
2355,血睾酮降低
2356,婴儿说话晚
2357,喉头发紧
2358,类彦超
2359,妊娠晚期或临产...
2360,腱反射消失
2361,前斜角肌肥厚痉挛
2362,尿中磷酸盐排出增多
2363,骨髓的发育异常
2364,阴囊下坠
2365,工作倦怠
2366,前臂旋转痛
2367,脑白质脱髓鞘
2368,痉笑面容
2369,阻塞性黄疸
2370,肝内HDAg仅...
2371,先天性无虹膜
2372,前庭神经受损
2373,灰白大便
2374,卵泡刺激素(F...
2375,拳状手畸形
2376,隐球菌囊膜多糖堆积
2377,情绪性高血压
2378,夜间头痛
2379,涎瘘
2380,膨胀性萎缩纹
2381,恋毛巾被癖
2382,免疫性肾炎
2383,肝淤血
2384,多发性神经炎
2385,粪柱变形变细
2386,右下腹痛伴呕吐
2387,生理性萎缩
2388,腰大肌阴影消失
2389,蛔虫感染
2390,非血性腹水
2391,牙脱位
2392,脑炎样改变
2393,运动后尿血
2394,核黄疸
2395,蔷薇疹样皮疹
2396,腰椎膨出
2397,指端及指(趾)...
2398,头痛为搏动性
2399,烟酸缺乏
2400,盆腔积液
2401,意向性震颤
2402,腹痛伴黄疸
2403,牙齿小而稀疏
2404,妊娠纹
2405,肾结石
2406,脉沉缓或沉细
2407,咽喉部干燥刺痒
2408,下巴长痘
2409,萌牙延迟
2410,产后全身酸痛
2411,骨囊肿
2412,颈椎关节的根性疼痛
2413,情绪性哮喘
2414,软腭疼痛
2415,三尖瓣下移
2416,涂明
2417,四边孔处的局限压痛
2418,侧脑室增宽
2419,痰呈白色黏稠胶冻状
2420,背脊痛
2421,肌束震颤
2422,轻度烧伤
2423,食管下括约肌张力下降
2424,拇外翻
2425,子宫内膜脱落
2426,肝内胆管结石
2427,黏液囊肿
2428,指甲呈现黑色
2429,分裂型人格障碍
2430,喉部堵塞感
2431,自觉汗臭
2432,鼻黏膜溃疡
2433,脊髓缺血
2434,上腹及腰背部有...
2435,腹壁反射减弱或消失
2436,尿闭
2437,眼球浮动现象
2438,缺碘
2439,眼-头反射消失
2440,膝内翻膝外翻或髋内翻
2441,心排血量减少
2442,眼眶内持续性、...
2443,不能眨眼
2444,肢体增长、增粗过度
2445,瓣膜小叶增厚
2446,苦笑面容
2447,疤痕体质
2448,触觉失调
2449,盆腔坠痛
2450,乳白色尿
2451,胸膜粘连
2452,血清免疫球蛋白可升高
2453,血虚
2454,乳糜泻
2455,日常生活能力减...
2456,子宫直肠窝积液
2457,面部闪电疼痛
2458,铁锈色痰
2459,慢性胃痛
2460,耳围凹陷
2461,低血糖性昏迷
2462,产后脱发
2463,肛裂
2464,晕车
2465,阴盛阳虚
2466,嗅觉过敏
2467,小腿水肿
2468,阴茎样尿道
2469,情感麻痹
2470,幻肢痛
2471,直立性低血压晕厥
2472,卵巢囊肿
2473,四肢无力
2474,脚趾发麻
2475,胸腰椎损伤
2476,颈背疼痛
2477,脑干损害体征
2478,脚趾关节痛
2479,输卵管肿块
2480,胃窦动力低下
2481,乳汁淤积
2482,过劳
2483,耳郭突出
2484,虹膜缺损
2485,骨质疏松
2486,二尖瓣脱垂
2487,咯血伴有皮肤粘膜出血
2488,肝肾综合征
2489,骶骨裂
2490,膈穹窿变为扁平
2491,扁平骨盆
2492,三凹征
2493,产后极度虚弱
2494,肛门出血
2495,蛋氨酸吸收不良综合征
2496,阴茎瘙痒
2497,中心静脉压偏高
2498,脑灰质移位
2499,昼盲
2500,大腿疼痛
2501,先兆流产
2502,额头皱纹突然增加
2503,腋部肿块
2504,嗜盐
2505,肝病容
2506,鼻小柱缺损
2507,酸烧伤
2508,消耗性体重下降
2509,粪便嵌塞
2510,剧烈头痛
2511,反射性腰痛
2512,与脉搏相一致的...
2513,舌肌萎缩
2514,肌腱粘连
2515,下腹坠胀
2516,腺性或囊性膀胱炎
2517,肾衰竭
2518,结痂
2519,胆汁性肝硬化
2520,龟头发黑
2521,小腿瘙痒干燥
2522,X型腿
2523,女性小腹疼痛
2524,岳晗
2525,新生儿眼屎多
2526,腹膜刺激征
2527,小指单一褶纹
2528,胆心综合征
2529,四肢血压脉搏不对称
2530,鼻孔外露
2531,肩部运动受限
2532,睑内翻
2533,髋外侧酸胀
2534,舌质红绛
2535,胎位不正
2536,龟头潮红
2537,疖肿
2538,紫绀
2539,肝部疼痛
2540,眼前冒火花或眼前闪光
2541,膈膨升
2542,视神经萎缩
2543,脐轮红肿
2544,湿性体质
2545,维生素缺乏
2546,以偷窥为快感源...
2547,肝气郁节
2548,甲亢面容
2549,活动后气促
2550,头昏想睡觉
2551,生化妊娠
2552,腹内压升高
2553,脑疝
2554,小脑性共济失调
2555,产后便血
2556,复杂性醉酒
2557,喉咙冒黏液
2558,匙状指（趾）
2559,晨起前额疼，午后减轻
2560,先天性心脏传导
2561,胆管梗阻
2562,反拗危象
2563,胃区包块
2564,感觉性共济失调步态
2565,尿道的条索状肿块
2566,鼻泪管阻塞
2567,假性前房积脓
2568,深黄色或带绿色...
2569,角质化
2570,内出血
2571,腕关节结节样的突起
2572,丹毒
2573,中度精神发育迟滞
2574,闫维
2575,结膜干燥斑
2576,痰湿体质
2577,肛门反射减弱或消失
2578,中心静脉压偏低
2579,行为动作幼稚愚蠢
2580,自我残伤行为
2581,子痫症状
2582,子宫收缩不良
2583,疤痕奇痒
2584,耳鸣
2585,眼底黄斑部的樱...
2586,头摇
2587,脑发育缓慢
2588,动脉血氧饱和度降低
2589,妊娠期急性脂肪肝
2590,子宫小
2591,溃疡分泌物恶臭
2592,缓脉
2593,津亏血燥
2594,鼓膜充血
2595,脉压增宽
2596,腘动脉搏动减弱或消失
2597,指甲易碎
2598,免疫损害
2599,流鼻涕
2600,驼背
2601,韧带扭伤
2602,反复呕血
2603,脂质沉积症
2604,口角下垂
2605,中耳和耳咽管纤毛异常
2606,手掌及足趾皮肤...
2607,血性耳分泌物
2608,咳出带臭味的干痂
2609,肺功能失常
2610,胆囊增大
2611,胸前区疼痛
2612,记忆力障碍
2613,哭泣样尖叫
2614,腰部的不稳交锁现象
2615,急性病容
2616,偏身麻木
2617,玻璃体有血迹
2618,哭笑失常
2619,食管左壁形成压足跡
2620,乳腺癌的远处转移
2621,近视
2622,肢端易发生不易...
2623,间歇性头晕
2624,浅棕色斑点
2625,眼睑闭合不全
2626,颅压增高
2627,鼻中隔或鼻腔内...
2628,言语凌乱
2629,匐行疹
2630,新生儿发绀
2631,抬肩以助呼吸
2632,锁合畸形
2633,进食异常
2634,打喷嚏时胸口疼
2635,阴部溃疡
2636,复杂性尿路感染
2637,外周静脉充勇
2638,眨眼不止
2639,狭窄骨盆
2640,心动过速
2641,类人猿型骨盆
2642,一咳嗽胸口就疼
2643,乳房红肿热痛
2644,尿钠排出量极低
2645,癫痫发作
2646,手抽筋
2647,老人行动迟缓
2648,阴茎硬结
2649,手部急性化脓性感染
2650,巨登伟
2651,思维不连贯
2652,生理性厌食
2653,第1跖趾关节疼...
2654,肝质地硬
2655,眼白蓝灰色或黑色斑点
2656,间歇性跛行
2657,颈动脉窦性晕厥
2658,继发性失眠
2659,口臭
2660,绝汗
2661,味觉异常
2662,歪鼻
2663,胸窝疼痛
2664,食欲减退
2665,拒食
2666,手背部皮肤发红肿胀
2667,眶周瘀斑
2668,神志恍惚
2669,Irl
2670,X-现象
2671,大便变细形似铅笔
2672,腕关节扭挫伤
2673,过早丧失咀嚼功能
2674,眼睑肿胀且呈淡绿色
2675,脊柱生理弯曲消失
2676,呃逆
2677,QRS波宽大畸形
2678,面色潮红
2679,咳巧克力色痰
2680,胎盘母体面上有...
2681,巨脾症
2682,肋膜腔积水
2683,弥漫性出血
2684,声门水肿
2685,芤脉
2686,餐后血糖过低
2687,颌下淋巴结肿大压痛
2688,反复发作抑郁症
2689,胎心率改变
2690,鲜红斑痣
2691,尿流中断
2692,伸舌样痴呆
2693,面部半球形蓝黑色结节
2694,组织细胞增生
2695,肝淀粉样变性
2696,青春期胸部发育缓慢
2697,颈交感链受累
2698,蜂窝肺
2699,眼球上翻并固定
2700,医生
2701,输乳管阻塞
2702,腓肠肌痉挛性疼痛
2703,爪甲和甲床表现...
2704,圆形或卵圆形丘...
2705,闫肇良
2706,食管下段静脉曲张
2707,日光照射引起皮肤过敏
2708,产褥期躁狂状态
2709,肝被膜紧张
2710,便鲜红血呈点滴...
2711,言语中断
2712,下腹部反跳痛
2713,盆腔脓肿
2714,女性腰骶生理性...
2715,迟明华
2716,代脉
2717,癌细胞逆行播散
2718,手指尖痛或触痛
2719,投掷动作(颤搐)
2720,骨髓巨核细胞成熟障碍
2721,老年妇女乳房增大
2722,不稳定性心绞痛
2723,心脏肥大
2724,骨痒
2725,手握物无力
2726,心脏扩大
2727,颅内头痛
2728,外貌苍老
2729,眼球不同轴
2730,甲状腺功能低下
2731,倾倒综合征
2732,臀部疼痛
2733,胸椎侧弯
2734,手势性自动症
2735,神经根损伤
2736,盆腔下垂感
2737,急性肾衰竭
2738,进食样自动症
2739,乳腺组织肥厚
2740,睡眠呼吸暂停
2741,肺实变
2742,四肢对称性软瘫
2743,颌骨关节痛
2744,指甲宽而短(宽...
2745,口酸
2746,眼球不能随意动
2747,吟诗样语言
2748,虹膜发炎
2749,胸部丘疹
2750,角弓反张位
2751,凝视麻痹
2752,甲状腺肿大
2753,阑尾腔闭塞
2754,一过性红斑狼疮样
2755,迎风流泪
2756,腰椎椎管狭窄
2757,先天性铜代谢障碍
2758,前列腺快感
2759,肢体栓塞
2760,黑色鼻涕
2761,巨阴症
2762,呼吸暂停样现象
2763,色觉异常
2764,精子质量差
2765,老来瘦
2766,排尿过程中发生晕厥
2767,间歇性失忆
2768,术后发热
2769,手震颤
2770,闫志才
2771,产道扁平型狭窄
2772,情绪性疲劳
2773,实火
2774,勃起时间短
2775,排便感
2776,性欲减退
2777,脉搏脱漏
2778,恐惧
2779,眩晕
2780,脉络膜凹陷
2781,呼吸气为尿臭味
2782,尿胆红素阴性
2783,无胡须腋毛和阴毛
2784,静脉血氧饱和度...
2785,回声阴影
2786,乳糜尿
2787,触诊无肺动脉关闭感
2788,腰背酸痛
2789,膀胱膨隆
2790,控制能力丧失
2791,髌骨劳损
2792,头皮瘙痒剧烈并有血痂
2793,小脑-视网膜综合征
2794,软腭有疤痕
2795,舌咽神经损伤
2796,胃容纳性减弱
2797,交替性暴食厌食
2798,睡眠猝死
2799,肠壅积
2800,乙肝e抗原（H...
2801,骨膜反应
2802,尿意窘迫
2803,产后乳房萎缩
2804,颈性头痛
2805,眼睑异物
2806,发热伴有腹痛、...
2807,进食过硬的食物...
2808,心口灼热痛
2809,脚后跟长骨刺
2810,膝关节积液
2811,老年人小腿浮肿
2812,额部白斑
2813,口中有金属甜味
2814,眼球内积脓而失明
2815,脉压缩小
2816,肛管括约肌横断
2817,疼痛弧征
2818,粪内或直肠乙状...
2819,血小板增多
2820,经期前后小腹坠痛
2821,骨骼肿块
2822,发烧
2823,粘膜疹
2824,咽喉干燥及灼热感
2825,雾视
2826,尿常规异常
2827,非依赖性物质所...
2828,情志内伤
2829,言语功能的部分丧失
2830,肢体麻痛
2831,胃肠道症状
2832,新生儿便秘
2833,鼻孔闭锁
2834,脐带绕颈
2835,咽反射亢进
2836,咳嗽性晕厥
2837,鳞状上皮
2838,肌性肌无力
2839,XA-现象
2840,乳头破碎
2841,阵发性夜间呼吸困难
2842,腰椎骶化
2843,面色青紫
2844,停止排气
2845,哭泣晕厥
2846,耳垂缺损
2847,骶骨处持续性疼痛
2848,分离性恍惚状态...
2849,小儿面部皮疹
2850,大便干燥
2851,颈部淋巴结肿大
2852,青红丘疹
2853,啤酒肚
2854,掌颏反射
2855,淋巴结肿大
2856,角栓
2857,反复鼻出血
2858,下肢无力
2859,肝气犯胃
2860,丛伊可
2861,脑室出血
2862,脊髓病变
2863,“5P”征
2864,神志模糊
2865,耻骨上痛
2866,生理性肥胖
2867,吐弄舌
2868,硬腭呈半圆形隆起
2869,产后小腹坠痛
2870,尿酸化异常
2871,粉红色泡沫痰
2872,里急后重
2873,唇厚舌大
2874,心脏结构异常
2875,视网膜脱离
2876,角膜晶状体粘连
2877,眼结膜黑变
2878,排卵期头晕
2879,长脉
2880,肾血管畸形
2881,核上性垂直性眼肌瘫痪
2882,外耳道狭窄
2883,浮脉
2884,恶息、多泡味的...
2885,手内肌萎缩
2886,小头
2887,官爵银
2888,神经干断裂
2889,面部蝶形红斑
2890,糖尿
2891,四肢震颤
2892,脾大
2893,迫害妄想
2894,雄激素依赖
2895,脾功能亢进
2896,粒细胞增多
2897,肺气压伤
2898,胸口紧绷
2899,恶食酸物
2900,肝纤维化
2901,腓肠肌压痛
2902,呛奶
2903,肝脾肿大
2904,躁狂
2905,囟门闭合晚
2906,主动脉硬化
2907,足踝部光滑圆形的包块
2908,伸舌偏斜
2909,肾部积水现象
2910,烧灼性疼痛
2911,雀斑
2912,阵挛
2913,黑色素沉淀
2914,脊柱后突
2915,龟头溃疡
2916,骨蒸潮热
2917,脑脊液鼻漏
2918,血运障碍
2919,指(趾)甲横断
2920,膀胱排空不全
2921,注射针眼和手术...
2922,五志化火
2923,猩红热面容
2924,粪便硬结如羊粪状
2925,年轻女性心悸胸闷
2926,上腹壁的中央线缺损
2927,喉结痛
2928,前列腺分泌物含...
2929,扁桃体变小而坚韧
2930,虹膜新生血管与...
2931,肢体忽冷忽热，...
2932,头痛
2933,侧支循环发育不充
2934,鼻子红血丝
2935,胸闷气短
2936,逼尿肌反射亢进
2937,躯体化障碍
2938,反复发作的带状疱疹
2939,胆红素钙结石
2940,胆囊结石
2941,手与手指胀满感
2942,肌肉挛缩
2943,肥胖并痛性结节...
2944,闫新慈
2945,妊娠时皮肤皱褶...
2946,微脉
2947,心瓣膜病变
2948,遗传性出血性毛...
2949,阴道内出现粪质...
2950,远视屈光度数增加
2951,咳出黄色痰液
2952,口腔粘膜色素沉着
2953,右心室流出道
2954,呼吸中可有烂苹果味
2955,眼睑下垂
2956,腋窝痛
2957,小儿发热
2958,阿罗瞳孔
2959,头部偏向一侧做...
2960,一侧腰腹突发“...
2961,子宫压痛
2962,唇皱褶增多畸形
2963,急性腹痛
2964,持物不稳
2965,黑头粉刺
2966,咳铁锈色痰
2967,南晓
2968,脚趾甲内长
2969,睑结膜出现灰白色膜
2970,内分泌功能亢进
2971,凝血因子功能的障碍
2972,鼻部结核
2973,幻味
2974,气血不足
2975,排尿不畅
2976,便秘伴剧烈腹痛
2977,下颌后缩
2978,悬雍垂下垂
2979,炎性外痔
2980,自发性流产
2981,碰撞后皮肤容易青紫
2982,卧床不起
2983,铺路石样变性
2984,鼻根部水肿
2985,肝肾亏虚
2986,组胺性面红
2987,气喘
2988,鼓腮和吹口哨漏气
2989,菱形-现象
2990,脐血
2991,神经肌肉症状
2992,持续性头晕
2993,异型网织细胞
2994,汗出如油
2995,淋巴增生
2996,血流动力学障碍
2997,长骨肿胀疼痛
2998,月经不调
2999,寒气重
3000,胸片示肺内孤立结节
3001,覃初丹
3002,大便频繁
3003,眼张不开
3004,脓性分泌物
3005,脆性X综合征
3006,肝内淤胆
3007,髋关节脱位
3008,头皮触痛
3009,器质性弱视
3010,尿酸结晶
3011,脸上黑斑
3012,乙肝表面抗原（...
3013,子痫
3014,脑穿通畸形
3015,动脉粥样硬化
3016,吞咽时胸痛
3017,舌体大且表面有沟纹
3018,黏膜损害
3019,痴笑
3020,腹部不适
3021,牙龈深红或暗红色
3022,肢体僵硬感
3023,绝经后子宫内膜增厚
3024,低钙血症
3025,腺样体面容
3026,骨髓浆细胞增多
3027,腰椎不稳
3028,智力减低
3029,会阴溃疡
3030,晶状体皱缩
3031,食道病变
3032,目光呆滞
3033,昏睡
3034,老年男性乳房无...
3035,眉弓囊肿
3036,肾小管萎陷
3037,牙齿咬合无力
3038,凹甲
3039,咽部慢性充血
3040,胰腺内钙化
3041,鼻端出火
3042,膀胱刺激征
3043,小儿遗尿
3044,脑灰质异常
3045,胸椎疼痛
3046,乳汁分泌减少
3047,经期便血
3048,股骨近侧端变宽
3049,下鼻甲或中鼻甲肥大
3050,小支气管平滑肌挛缩
3051,增殖体肥大
3052,营养不良性水肿
3053,出血性梗死
3054,失水
3055,上肺纤维化明显
3056,结肠血管发育不良
3057,神经性呕吐
3058,表情迟钝
3059,歪斜指
3060,肺弥散功能障碍
3061,抱癖
3062,眼花
3063,脊髓受压
3064,头昏
3065,恶病质
3066,胸部沉重感
3067,脉压差低
3068,搏动性肿块
3069,产后抑郁
3070,梳头或洗头时头...
3071,色素性皮损
3072,软腭运动不对称
3073,慢性腰痛伴下肢麻痛
3074,脐疮
3075,低位小肠梗阻
3076,模糊不定，情绪性面痛
3077,腰酸
3078,发热伴有皮疹
3079,锥体外系损害
3080,中骨盆狭窄
3081,消化道憩室
3082,睾丸触痛
3083,咳痰
3084,下肢湿性坏疽
3085,思维贫乏
3086,多饮
3087,肢端缺血
3088,迟强强
3089,肺部出血
3090,上唇附近，鼻旁...
3091,上列牙痛
3092,盗汗
3093,注视快速运动的...
3094,四肢湿冷
3095,继发感染
3096,颞部疼痛
3097,脑膜刺激征
3098,小颌
3099,呼气时两颊鼓起和缩唇
3100,足底凸起
3101,小腿和踝关节周...
3102,表情恐惧症
3103,极速型心率
3104,阑尾周围脓肿
3105,紧脉
3106,眼球移位
3107,酮尿
3108,脚趾皮肤黄泡后紫黑
3109,学习困难
3110,肠梗死
3111,不排卵
3112,胃扩张
3113,结肠袋半月襞消失
3114,反向搏动
3115,尿液呈黑色
3116,猥亵行为
3117,继发性闭经
3118,肩胛带和上肢疼痛
3119,外阴瘙痒
3120,维生素C缺乏
3121,眼裂歪斜
3122,多汗症
3123,假性近视
3124,小腹冷痛
3125,痰呈粘液脓性
3126,露阴癖
3127,经期前乳房痛
3128,额横纹增深
3129,血糖升高
3130,病理性黄疸
3131,巨痕症
3132,逆向型房室折返...
3133,齿龈出血
3134,脊柱骨质改变
3135,“蝴蝶状”阴影
3136,咽部苹果酱样结节
3137,意识障碍
3138,血液改变
3139,脱水
3140,输精管变粗
3141,胆囊运动障碍
3142,肥胖
3143,升主动脉根部环状缩窄
3144,中毒性巨结肠
3145,摇头转颈
3146,鼻尖或鼻翼出现...
3147,心肌梗死
3148,糖代谢紊乱
3149,头跳痛
3150,溃疡疼痛
3151,腰背痛
3152,腰大肌肿胀
3153,肠道功能紊乱
3154,中指指甲凹陷
3155,目痛
3156,老人剧烈咳嗽
3157,心脏畸形
3158,神经伤
3159,鼻端形态不佳
3160,毒蕈碱样症状
3161,阴茎损伤
3162,愚型样睑裂歪曲
3163,出汗减少
3164,先天性无阴道
3165,放屁过臭
3166,坐骨大小孔区出现压痛
3167,乳头发炎
3168,食管蠕动功能减弱
3169,胯骨痛
3170,骨盆损伤
3171,眼前发黑
3172,内向性思维
3173,代谢性低钾
3174,尿道口出现结节...
3175,血压偏低
3176,耳道划伤
3177,听骨畸形
3178,无汗腺导管角质...
3179,鳞屑样痂皮
3180,牙齿发黑
3181,泌尿道破裂
3182,直肠疼痛
3183,病理性发笑和哭喊
3184,尿道黏膜外翻
3185,脑干梗塞
3186,椎动脉迂曲痉挛
3187,肺淤血
3188,肩痛
3189,入球小动脉玻璃样变
3190,模仿言语
3191,违拗症
3192,小腿肿胀疼痛
3193,心音低钝
3194,腰臀部广泛性疼...
3195,岔气
3196,立卧心率差数
3197,口甜
3198,肌肉肥大
3199,口腔念珠菌感染
3200,精神运动性兴奋
3201,脑沟变宽
3202,酮症酸中毒
3203,食管壁纤维化
3204,淋巴阻塞
3205,颈髓完全性损伤
3206,阵发性子宫收缩
3207,抗卵巢抗体阳性
3208,产后无乳汁分泌
3209,静脉内持续性血流
3210,胆汁淤滞
3211,腋毛变稀少
3212,尿滴白
3213,手指冻肿
3214,脑转移
3215,颌骨错位
3216,抽搐
3217,下肢水肿
3218,大便酸臭
3219,中枢神经抑制药...
3220,指(趾)甲点状凹陷
3221,溃疡穿孔或出血
3222,谵妄
3223,伴皮膜粘膜出血
3224,膝盖砸伤肿痛
3225,肩部或肩胛区持...
3226,精囊缩小
3227,新生儿脓漏眼
3228,牙移位
3229,测试
3230,网络依赖
3231,剧痒的疣状结节
3232,杯状耳
3233,临产后胎头衔接较晚
3234,心跳加快
3235,尿胆原排泻增加
3236,老年性眩晕
3237,瞳孔缘色素外翻
3238,掌跖发红
3239,眼压升高
3240,黏液尿
3241,经前出血
3242,胃肠道出血
3243,女性性器官反应缺乏
3244,足畸形
3245,目垢增多
3246,肾盏结石
3247,气短
3248,部位不定的疼痛
3249,盆腔沉重感
3250,血管痉挛
3251,唾液分泌增多
3252,开放性损伤
3253,多指（趾）畸形
3254,肝脏肿大
3255,乳头溢液
3256,前臂短缩
3257,肝窦扩张
3258,变应性鼻炎
3259,口角向外的放射性皱纹
3260,脾栓塞
3261,阵挛-强直型
3262,胸闷
3263,角膜异物
3264,小脑畸形
3265,下睑外翻
3266,弥漫性脂肪变性
3267,败血症
3268,病理性纵火
3269,休克性神经受累
3270,腹腔积液
3271,食积口臭
3272,手机依赖症
3273,胃寒疼痛
3274,婴儿厌食
3275,感觉过敏
3276,眼内有异物感
3277,烧伤后恶心与呕吐
3278,迷走神经张力增高
3279,手掌软硬度异常
3280,中度或轻度头痛
3281,商建磊
3282,胃酸缺乏
3283,呕吐
3284,口及咽部烧灼感
3285,突发、无痛的局部水肿
3286,呼吸气为蒜臭味
3287,胚胎发育供血不足
3288,骨增粗
3289,肌肉酸痛
3290,腹股沟处或闭孔处肿胀
3291,呼吸异常
3292,主动脉弓右位
3293,捕蝇舌征
3294,眦部缺损或眦缺损
3295,发热伴出血
3296,胃酸过多
3297,腹腔出血
3298,瘀血性痛经
3299,肝星状细胞增生
3300,颌骨囊肿
3301,三尖瓣脱垂
3302,无名指指甲凹陷
3303,牙齿松动和脱落
3304,气血不通
3305,体肺循环栓塞
3306,肛门外翻
3307,咀嚼肌肥大
3308,额叶癫痫的眶额区发作
3309,失音
3310,手指或手臂部刺...
3311,闪电样痛
3312,孕早期腹痛
3313,交感神经高度紧张
3314,逼尿肌不稳定
3315,胰源性腹痛
3316,灌肠癖
3317,口唇刺痛
3318,卵巢萎缩
3319,频吐白沫
3320,断续的肌收缩
3321,维生素D缺乏
3322,舌咬伤
3323,脑脊液白细胞增加
3324,背部痉挛
3325,失盐
3326,肝气犯肺
3327,精神过敏
3328,低血糖惊厥
3329,指节增粗
3330,阴道持续少量流血
3331,妙存帅
3332,眼缺陷
3333,胆囊壁纤维化
3334,一时性便秘
3335,骨髓损害
3336,舌头震颤
3337,带血性分泌物
3338,青紫舌
3339,手指甲有白色斑点
3340,口唇疱疹
3341,两臂不能上举而成垂肩
3342,构音不良-手笨...
3343,口淡无味
3344,炎性肉芽肿
3345,畏光
3346,食指和中指僵硬痛麻
3347,齿龈炎
3348,面容呈灰色
3349,尿隐血
3350,思维控制异常
3351,日晒斑
3352,深部性头痛
3353,神经束内神经纤维损伤
3354,情绪性癌症
3355,垂体功能紊乱
3356,龟头出血
3357,闪回
3358,盆腔包块
3359,经前综合症
3360,锥虫性“下疳”
3361,持续性咳嗽
3362,输尿管扩张
3363,足背部肿胀
3364,结核杆菌血行播散
3365,小儿腿抽筋
3366,血清甲胎蛋白升高
3367,眼底出血和渗出
3368,粘膜增生性炎症
3369,顽固性肥胖
3370,血管杂音
3371,不典型胸痛
3372,鼻前庭皮肤红肿疼痛
3373,中心暗点以及屈...
3374,Korsako...
3375,肝脏病变弥漫
3376,妊娠时伴有腹痛...
3377,腹泻
3378,瞳孔中能见到白色反光
3379,重听
3380,情感高涨
3381,发作性咳嗽
3382,肛门剧痛
3383,膀胱残余尿量增多
3384,阴道黏膜膨胀
3385,鼻腔中后部出血
3386,指甲、耳软骨出...
3387,颈椎变形
3388,肾包膜过度膨胀
3389,TOM
3390,肝腹水
3391,失水多于失钠且...
3392,睡眠-觉醒时间...
3393,阴道分泌物增多
3394,抽动障碍
3395,感觉过度
3396,膝、踝反射减退
3397,鼻和喉部灼热感
3398,胃脘饱胀
3399,椎节分裂
3400,青春前期闭经
3401,耳后淋巴结肿大
3402,反酸
3403,螺旋形骨折
3404,头发枯黄稀疏
3405,寰枢关节不稳定
3406,排便不尽感
3407,闭症
3408,心包积液
3409,波动性听力减退
3410,婴儿黑头粉刺
3411,清晨或上午头痛
3412,踝膝关节积液
3413,面色青灰
3414,肾病性浮肿面容
3415,腹壁不自主轴动
3416,腕关节内积血及...
3417,病理性醉酒
3418,脐周脓性分泌物较多
3419,鼻孔朝天或鼻孔前倾
3420,淋巴液流出
3421,囊肿性痤疮
3422,大写症
3423,系统性血管炎
3424,鼻臭症
3425,腹痛伴腹泻
3426,异常子宫出血
3427,脚后跟裂
3428,仪平
3429,三叉神经分布区麻木感
3430,婴儿步行晚
3431,四肢远端麻木、...
3432,精液稀
3433,夜间磨牙
3434,肾脏缩小
3435,脑膜炎
3436,蚁走感
3437,骨软化症骨盆
3438,血液粘滞度增高
3439,拇指征
3440,发作性傻笑
3441,酒后四肢酸痛
3442,掌纹atd角大...
3443,中指不明原因痛
3444,椎间隙变化
3445,指甲呈扇形
3446,老年大便失禁
3447,胫前指压性水肿
3448,小腿以下缺血
3449,颈静脉充盈
3450,痰有恶臭味
3451,结肠内形成坚硬的粪石
3452,潮红潮热
3453,情绪性厌食
3454,挑剔嘴
3455,躯体性疾病所致...
3456,尿液中有稠厚胶样物
3457,颅骨连续性中断
3458,脊髓性间歇破行
3459,囊肿
3460,早搏
3461,纵隔淋巴结增生
3462,股二头肌损伤
3463,间歇性寒颤
3464,孕妇非妊娠原因的腹痛
3465,脉搏短绌
3466,身体变形障碍
3467,尿道口有白膜形成
3468,青枝骨折
3469,异性装扮癖
3470,败血症的征象
3471,鼻内似有擤不出的鼻涕
3472,儿童精神运动发育异常
3473,眼皮下垂
3474,乳头瘙痒
3475,闫会星
3476,智力发育迟缓
3477,大阴唇或肛门大...
3478,胀感
3479,手掌呈黑色
3480,醒后不解乏
3481,桡骨茎突部局限性疼痛
3482,餐后发作性腹痛
3483,反复不愈的感染
3484,四肢肌张力增强
3485,肝细胞索支架塌陷
3486,排痰无力
3487,表皮角化
3488,Doc
3489,甲下出血
3490,踝关节疼痛
3491,肢体或躯干麻木
3492,乏力
3493,XYW
3494,视近困难
3495,涂友宝
3496,大便不成形
3497,低热
3498,细小黄色瘤状皮疹
3499,睑结膜的巨大乳头
3500,心音微弱
3501,串珠肋
3502,延髓出血
3503,腹部有局部或广...
3504,器质性早泄
3505,行为无计划性
3506,局限性肌张力障碍
3507,胃灼热
3508,缩瞳、眼睑下垂...
3509,眼睑部有明显的...
3510,情绪起伏大
3511,肛门括约肌松弛
3512,阴茎萎缩
3513,血性胸水
3514,颞骨隆起
3515,室颤阈值降低
3516,惊跳
3517,血压为零
3518,近视弧
3519,肺下叶周围呈节...
3520,肾小球硬化
3521,眶周水肿
3522,黏膜稍苍白
3523,总胆红素高
3524,蛛网膜粘连
3525,背痛
3526,呼吸不规则
3527,口咸
3528,脸部疼痛
3529,消瘦
3530,小腿外侧及足背...
3531,摸空症
3532,低血压
3533,痛风结节
3534,不全流产
3535,胎儿水肿
3536,股三角区压痛
3537,前臂有旋前畸形
3538,胎盘植入
3539,非感染性发热
3540,鼻外部膨胀隆起
3541,围产期心肌病变
3542,颅底畸形
3543,讷吃
3544,手足多汗
3545,直肠脱垂
3546,中心性钙化
3547,依赖公式化
3548,先天性乳糖酶缺乏
3549,恶食凉物
3550,眼底点状或火焰状出血
3551,鼻腔不能关闭引...
3552,占思乔
3553,逯长平
3554,绳攀
3555,懒胆囊
3556,运动传导束受累
3557,右腿酸痛
3558,纵行骨折
3559,颈后及肩部皮肤发硬
3560,两条腿不一样长
3561,脑白质变性
3562,腕关节向尺侧偏...
3563,神经束损伤断裂
3564,口辣
3565,面部浮肿
3566,耳溢液
3567,紧张性头晕
3568,鼻黏膜和鼻甲萎缩
3569,桥脑出血
3570,种植播散
3571,肝大
3572,板状腹
3573,氮负平衡
3574,泛发性红色斑块
3575,小儿剧烈咳嗽
3576,胸骨隆凸
3577,产褥感染
3578,死精子过多
3579,右侧束支传导阻滞
3580,咽异感症
3581,烫伤后汗腺受损
3582,心音遥远
3583,面下部头痛
3584,初生婴儿即出现...
3585,嗳气
3586,不能向尺侧屈腕...
3587,盆腔内有较广泛浸润
3588,巨乳
3589,手腕肿痛及掌屈...
3590,乳头内陷
3591,心脏功能突然失代偿
3592,视神经乳头苍白
3593,腰椎退化
3594,状颅皮
3595,纵沟短
3596,蛙状鼻
3597,太阳穴痛
3598,良性反应性改变
3599,便秘伴腹部包块
3600,肝肿大
3601,肾上腺皮质激素不足
3602,胆囊收缩功能不良
3603,精子稀少
3604,头大畸形
3605,新生儿喉喘鸣
3606,腹部皮肤出现白...
3607,扳机指的弹响
3608,发热伴咳嗽、咯...
3609,肛门短时间阵发性钝痛
3610,外阴溃疡
3611,黏膜干燥
3612,指甲干瘪
3613,肾小管酸化功能障碍
3614,脉搏细速
3615,网状色素沉着斑
3616,信息成瘾
3617,啰音
3618,孕妇肚子痒
3619,言语紊乱
3620,凝肩
3621,手冻伤
3622,夜间咳嗽
3623,海藻糖酶缺乏
3624,脑软化
3625,闫鹏辉
3626,口咽部水疱状损害
3627,情绪性胃痛
3628,吮乳困难
3629,颈部酸痛
3630,电脑失写症
3631,尿频
3632,耳内发胀
3633,外斜V征
3634,视野向心性缩小
3635,眉下垂或位置低
3636,心脏重量增加
3637,足跟痛
3638,妊娠后期水肿
3639,自主神经反射
3640,臀部放射痛
3641,四肢近端肌肉和...
3642,电生理异常
3643,拇、食、中三指...
3644,肾缺血
3645,咽喉干燥充血
3646,睫毛掉落
3647,饭后心跳加快
3648,上尿路结构和功能损害
3649,鼻子上火
3650,胸骨裂
3651,岳嗣凤
3652,中枢性耳聋
3653,背部长痘
3654,足的放射性疼痛
3655,肾盏变钝
3656,阴囊坠胀痛
3657,脉氧合不足
3658,椎间盘退行性变
3659,胃热疼痛
3660,口角肌肉的抽搐
3661,甲状腺扪及光滑...
3662,龟头珍珠疹
3663,腿外侧质软、半...
3664,舌苔厚腻
3665,表情淡漠
3666,同向偏盲
3667,经常口渴
3668,眼充血
3669,衣雪源
3670,肌痛
3671,情感倒错
3672,肾火旺
3673,虚脱
3674,四肢发冷
3675,男性小便刺痛
3676,牙有伸长感及触痛
3677,喉痒咳嗽
3678,频繁性惊醒
3679,鼻粘膜肿胀
3680,角膜表面三角形胬肉
3681,腕关节圆形的软包块
3682,耳廓痛
3683,肢体的非凹性水肿
3684,情景性晕厥
3685,上眼睑增厚松弛
3686,骨骼变形缩短
3687,扁平足
3688,中度痛
3689,无胆汁粪便
3690,粪类圆线虫病
3691,过度换气引起晕厥
3692,抗Jo-1抗体阳性
3693,肠管变形
3694,失用步态
3695,抗内膜抗体阳性
3696,震水音
3697,神经痛
3698,促脉
3699,外周血管减少
3700,腹壁广泛性钙质沉着
3701,精液发黄
3702,阵发性或强直性惊厥
3703,头皮松垂
3704,突发性绞痛
3705,髓样癌变
3706,猝死
3707,耳冻伤
3708,粘液腺体肥大
3709,唇角脱屑
3710,长时间或剧烈运...
3711,阴道血性分泌物
3712,尿蛋白
3713,鳞状细胞癌
3714,颅内出血
3715,肺性肥大
3716,肢体发凉
3717,发热伴关节肿痛
3718,大便黑绿色
3719,胫前和足部坚硬...
3720,角膜色膜环
3721,网眼样痴呆
3722,肝功检查胆红素...
3723,癫痫性人格改变
3724,子宫增大明显（...
3725,内斜A征
3726,新月状溶骨性缺损
3727,脚气
3728,冻结肩
3729,肥胖纹
3730,耳后红斑
3731,库欣综合征
3732,衰弱
3733,咬痛
3734,肩部牵涉痛
3735,近视散光
3736,腰酸背痛
3737,胃痛
3738,小腿溃疡
3739,热衰竭
3740,呈马蜂螫型游走性水肿
3741,凹陷性疤痕
3742,咯血伴黄疸
3743,外阴压痛
3744,脓痰
3745,手脱皮
3746,肢体远侧常有麻痛
3747,视网膜动脉阻塞
3748,骨产道异常
3749,柠檬色痰
3750,涂春银
3751,气血虚弱
3752,喉咙痛
3753,乳痛症
3754,胸腰驼背
3755,组织坏死
3756,外寒内热
3757,晕厥反复发作
3758,主动脉瓣上膈膜型狭窄
3759,硬肿症
3760,月经量多
3761,烫伤水泡破了
3762,髋关节发育不良
3763,胃粘膜脱垂
3764,晶状体混浊
3765,压迫瘘口试验
3766,血离脉络
3767,心悸伴消瘦、腹泻
3768,指甲有红色或黑色斑点
3769,数目较多的咖啡牛奶斑
3770,胃石形成
3771,脐窝内有肉芽组织增生
3772,偏执状态
3773,小儿嘴角溃疡
3774,正弦胎心率
3775,结肠黑变
3776,粪便中发现白色节片
3777,呼吸功能衰竭
3778,上睑下垂
3779,脾紫癜
3780,口腔难愈的白色片状物
3781,肝臭
3782,舌轻度外吐
3783,热结节
3784,眼睑松弛和上唇增厚
3785,髋关节积液
3786,鼻旁窦发育不良
3787,分娩后甲状腺肿大
3788,行走时发生腓肠肌麻木
3789,无瘙痒，无肝胆...
3790,横纹肌溶解
3791,霰粒肿
3792,肛门松弛
3793,小管间质性肾炎
3794,心脏转移
3795,氰化物烧伤及合并中毒
3796,持续性发热
3797,咽喉炎
3798,脊椎僵直
3799,胃纳减退
3800,病毒性腹泻
3801,舌背中后部黑色丛毛
3802,精神依赖性
3803,婴儿头皮有黄色结痂
3804,妊娠期血糖高
3805,肌腱拉伤
3806,自杀行为
3807,脐湿
3808,耻区肿块
3809,口角生疮
3810,视网膜Roth斑
3811,疥疮结节
3812,甲状旁腺功能亢进
3813,膝前疼痛
3814,生理性震颤
3815,痛性溃疡和渗出...
3816,唇部发绀
3817,眼底改变
3818,运动损伤
3819,慢性盆腔疼痛
3820,下肢弥漫性水肿
3821,心跳很乱
3822,乳房早发育
3823,残株型骨折
3824,口唇发绀
3825,小腿下部色素沉...
3826,脐带脱落后伤口...
3827,视野缺损
3828,新生儿呕血和便血
3829,角弓反张
3830,静脉侧支循环建立
3831,舌头出血
3832,间歇性头痛
3833,短颈
3834,不良建筑综合征
3835,眼前黑影
3836,睫状充血
3837,尿酸代谢亢进
3838,性感不快
3839,瘤细胞浸润
3840,酒精过敏
3841,代偿作用
3842,牙列拥挤
3843,咬肌肥大
3844,上颌窦囊肿
3845,肠囊性积气
3846,口唇和甲床略带青紫
3847,吐酸
3848,眉毛外侧脱落稀疏而细
3849,滤泡增大
3850,口角歪斜，无法说话
3851,额部肿块
3852,上呼吸道和口腔...
3853,黏膜白斑
3854,期外收缩
3855,毓卓
3856,外阴损伤
3857,夜盲
3858,子宫破裂征象
3859,意识朦胧状态
3860,耳顶线以下至发...
3861,泛恶欲吐
3862,呈开口状态而不能闭合
3863,口干
3864,无用感
3865,腰背刺痛
3866,婴儿睡觉摇头
3867,肢端硬化
3868,腹部“气串样”肿块
3869,胸腺缺如
3870,超雌
3871,恋尸型性变态
3872,肾动脉阻塞
3873,牙龈长脓包
3874,咯血
3875,血性恶露
3876,口干舌燥
3877,溃疡外观呈虫蚀样
3878,女性第二性征消失
3879,黏液性水肿
3880,弥漫性脐周疼痛
3881,回肠重复畸形
3882,长期使用皮质类...
3883,肺内病变
3884,局部头痛
3885,上肢外展上举困难
3886,气腹征
3887,阴道裂伤
3888,低位腰痛
3889,特别容易饿
3890,子宫内膜增生性病变
3891,鼻前庭囊肿
3892,烧伤创面甜腥气...
3893,手脚痒
3894,拇指仅存软组织...
3895,酒精性幻觉症
3896,阴囊起疙瘩
3897,腰部包块
3898,兰瑞
3899,尿路结石
3900,烧伤创面粪臭味分泌物
3901,输精管疼痛
3902,自发性球内出血
3903,泪液、唾液及汗...
3904,大腿外侧痛
3905,腱反射异常
3906,入睡幻觉
3907,阑尾脓肿
3908,脾肿大
3909,口酸伴有口苦烧心
3910,偏侧空间忽略症
3911,肩节后脱位
3912,血清酶学改变
3913,肝肾阴虚
3914,鼻窦气压伤
3915,第二性征改变
3916,Y-现象和菱形现象
3917,输尿管间脊肥大
3918,肛内分泌物多
3919,先天性X因子缺乏
3920,纸样胎儿
3921,下肢神经性疼痛
3922,舌体肥大
3923,腠理不固
3924,肾钙化
3925,鼻子发黑
3926,角膜灼伤刮伤
3927,子宫颈有举痛
3928,感觉性共济失调
3929,耳廓变大
3930,心血管造影见双球征
3931,腰脊椎疼痛
3932,癫痫的植物神经性发作
3933,低血容量休克
3934,阴道持续中量流血
3935,交叉腿
3936,过荣华
3937,看东西有小黑点
3938,生命体征改变
3939,儿童期过度生长
3940,气滞湿阻
3941,一氧化碳中毒
3942,横结肠移位
3943,眼肌麻痹
3944,产前征兆
3945,内脏痛
3946,肾间质纤维化
3947,指或趾甲下裂片状出血
3948,流涎
3949,脊柱裂
3950,泪腺肿大
3951,指甲床发绀
3952,震荡性神经受累
3953,腮腺区肿大
3954,小腹刺痛
3955,痘疮
3956,脸颊发灰
3957,呼吸速率减慢且规则
3958,骨软化
3959,牙的咀嚼磨损
3960,嗅觉障碍
3961,胸腰椎压缩性骨折
3962,角回受损
3963,腰软不能直起
3964,鼻咽腔狭窄
3965,难入睡或易惊醒
3966,息肉
3967,心瓣膜穿孔
3968,下肢放射痛
3969,乳房巨大
3970,脑功能不全
3971,十二指肠高度扩张
3972,肠狭窄
3973,去质状态
3974,一侧胸廓塌陷
3975,均小型狭窄
3976,眼角膜反射消失
3977,囊性坏死
3978,胃壁增厚
3979,淀粉样变性
3980,手腕长骨刺
3981,婴幼儿外阴疼痛
3982,舌运动受限
3983,手指撞伤
3984,两眼干涩
3985,肠出血
3986,鼻中隔穿孔
3987,足底溃疡
3988,小腿腓部肌肉疼...
3989,凝血功能障碍
3990,手指扭伤
3991,外阴幼稚
3992,肚脐痒
3993,肠胀气
3994,外周围血淋巴细...
3995,脸冻伤
3996,食物下咽时颈部...
3997,喉管阻塞
3998,上颚疼
3999,牙龈痛
4000,酒精性胃黏膜损伤
4001,粪便量多
4002,β-氨基酸尿
4003,面部麻木
4004,气血失和
4005,肝静脉病变
4006,疤痕萎缩凹陷
4007,脂肪浸润
4008,腹部凹陷呈舟状
4009,反复发作性头痛
4010,挖鼻孔
4011,口吐白沫
4012,心悸伴心率异常
4013,冠状动脉供血不足
4014,臀沟下垂状跛行步态
4015,薄建国
4016,颈椎增生
4017,括约肌功能障碍
4018,血小板聚集增强
4019,臀部可触及上移...
4020,脱皮
4021,泌尿道狭窄
4022,食欲不振
4023,散脉
4024,胎位异常
4025,男性小腹坠痛
4026,脊髓的浸润
4027,增生性骨膜炎
4028,下腹胀痛
4029,扁平苔癣
4030,胸背痛
4031,肩胛骨酸痛
4032,肌腱端炎
4033,急性呼吸窘迫综合征
4034,心胃的奇怪感觉
4035,脑干病变
4036,尿潴留
4037,子宫呈葫芦状
4038,脑白质偏少
4039,核心抗体（抗H...
4040,肾上腺转移
4041,指甲冻伤
4042,克汀病面容
4043,上肢及肩向下牵...
4044,完全性遗忘症
4045,声带肥厚
4046,禚炬
4047,寒战
4048,栓状齿
4049,脸上长斑
4050,腰痛伴尿频、尿...
4051,股前内侧及小腿...
4052,睾丸增大和变硬
4053,味觉减退
4054,四肢瘫痪
4055,呼吸音低
4056,突发性右上腹绞痛
4057,鼻唇沟变浅
4058,代谢性酸中毒
4059,血胸
4060,新生儿少吃
4061,无腋毛
4062,小儿生理性贫血
4063,胃壁肌层缺损
4064,顽固性高血压
4065,阑尾穿孔
4066,脘痞
4067,电击样痛或刺痛的头痛
4068,牙龈萎缩
4069,淋巴发育不全
4070,呼吸气为酒味
4071,间歇性血尿
4072,门体侧支循环的形成
4073,网状青斑和坏疽
4074,脊柱弯曲
4075,股神经损害
4076,细胞酶活性异常
4077,声音变低
4078,新生儿皮肤薄
4079,缴健菲
4080,畏光及流泪
4081,腰膝酸软
4082,汗腺分泌体味
4083,抗感染能力下降
4084,胸膜钙化
4085,肝病面容
4086,咽部充血
4087,指甲可见横沟纺
4088,指甲呈半圆形
4089,营养障碍
4090,大咯血
4091,锑性皮炎
4092,阑尾感染
4093,骨外团块
4094,碘伏过敏
4095,“三偏”症
4096,吸气时鼻腔阻塞
4097,觉醒状态丧失
4098,失血过多
4099,一侧下腹坠痛
4100,癫痫伴发的神经症
4101,手脚冰凉
4102,低氧血症
4103,持续性弛张热
4104,咽炎、舌炎、龈炎
4105,受伤后易产生瘢痕
4106,心火
4107,气体弥散障碍
4108,鼻头长痘
4109,前臂和腕部的疼痛
4110,乳突炎
4111,呼吸困难
4112,八字脚步态
4113,糖尿病酮症酸中毒
4114,生理性闭经
4115,新生儿震颤
4116,喉头增大
4117,排粪时肛门灼痛
4118,胎心音消失（无...
4119,脾肾阳虚
4120,考试综合症
4121,胸骨后烧灼样痛
4122,轻度中毒
4123,心房游走性节律
4124,联合瓣膜脱垂
4125,生殖泌尿道危象
4126,异位钙化
4127,颌下腺疼痛、压痛
4128,睡眠节律紊乱
4129,产后下腹坠痛或...
4130,泪溢
4131,隋静
4132,畏寒
4133,胆绞痛
4134,头枕部慢性疼痛
4135,肺部转移
4136,角膜干燥斑
4137,珍珠丘疹
4138,淋巴管破裂
4139,眼前冒金花
4140,臀部闪电疼痛
4141,角膜脱落
4142,口腔黏膜呈现青紫色
4143,大动脉供血障碍
4144,两侧颊部及颞部凹入
4145,急性胃痛
4146,腰部钝痛
4147,面颊及上胸部充血
4148,持续高烧
4149,性欲亢进
4150,鼻中隔向一侧或...
4151,胃窦狭窄
4152,小儿痒疹
4153,脂溶性维生素缺乏
4154,手腕在大拇指侧的疼痛
4155,颈肩疲劳和软组织疼痛
4156,血沉增速
4157,逐渐加重的右侧...
4158,小儿脸上有白斑
4159,鼻衂
4160,下肢肌肉瘫痪
4161,分离性遗忘
4162,头部撞伤
4163,椎前旁软组织肿...
4164,婴儿热痱
4165,面部脱皮
4166,脓血便
4167,癌性输尿管狭窄
4168,溃疡外观呈火山口样
4169,蜂窝组织炎
4170,儿童型肌张力障碍
4171,肌肉萎缩
4172,牙齿较小呈半透明状
4173,口唇周围有炎性...
4174,卵泡黄素化
4175,呼吸急促
4176,分离性漫游症
4177,下颌角外翻
4178,脾胃虚寒
4179,盆腔瘀血
4180,结石
4181,阴蒂肥大
4182,侧卧时位于下侧...
4183,情绪低落
4184,口腔黏膜脱落
4185,缺血性挛缩
4186,晚上睡觉出冷汗
4187,无脉症
4188,胸椎腰化
4189,肾浓缩功能障碍
4190,膀胱结核
4191,植物血凝素的淋...
4192,口炎
4193,肝豆状核变性
4194,眼部胀痛
4195,耳道异物
4196,子宫内膜异位
4197,阵发性狂笑
4198,三角头畸形
4199,股动脉枪击音
4200,心脏主动脉瓣返流
4201,异常矮小
4202,腹部血管杂音
4203,紫斑
4204,手唇震颤
4205,鸡眼
4206,视物模糊
4207,心室肥大
4208,齿龈增生
4209,脓疱
4210,对生活丧失兴趣
4211,药物性肥胖
4212,胸廓畸形
4213,醉酒
4214,反复舔吮口唇
4215,肌腱断裂
4216,脑血管动静脉畸形
4217,摇摆步态
4218,脑缺血灶
4219,粪便中排出的粪...
4220,眼睑呈紫红色
4221,滴状角膜
4222,脊柱和四肢畸形
4223,骨髓象改变
4224,实脉
4225,尾部疼痛而拒坐
4226,腋窝多汗
4227,腿痛
4228,革脉
4229,晶状体铁质沉着
4230,纵隔囊肿
4231,凹陷瘢痕
4232,棘突压痛
4233,女性性早熟
4234,尿道内虫咬感或...
4235,腰椎间盘突出
4236,小腿发胀
4237,大小便失禁
4238,烧伤后口渴
4239,腰部缓慢增大的软肿块
4240,机械性压迫
4241,酪氨酸血症
4242,始于眼部，扩张...
4243,绝经年龄过早
4244,横结肠下垂
4245,骨刺形成
4246,伤口感染
4247,痴呆
4248,酒后便血
4249,右上腹痛
4250,捻发音
4251,化妆品的毛发损害
4252,恶臭便
4253,病理性赘述
4254,兰彪
4255,股前外侧麻木、蚁行感
4256,隋海燕
4257,小脑体征
4258,静脉曲张
4259,一侧颜面肥大
4260,招风耳
4261,口鼻生疮
4262,肢体短缩畸形
4263,消瘦严重者呈”...
4264,细菌性心内膜炎
4265,贪食
4266,窒息
4267,婴儿出牙延迟
4268,精液带血
4269,气机不畅
4270,“E”字征
4271,胃移位
4272,胆道梗阻
4273,闫丽
4274,齿龈有蓝线
4275,肾性尿崩
4276,臀沟展平和下垂
4277,沥青烧伤
4278,阴道流血过多
4279,突眼症
4280,脓包型痘痘
4281,营养不良
4282,慢性面容
4283,颈髓脱髓鞘性病变
4284,胸膜增厚粘连
4285,脚上血泡
4286,舌痛
4287,无月经来潮
4288,背部酸痛
4289,肌肉假肥大
4290,肋骨痛
4291,肝叶萎缩
4292,乳腺退化不全
4293,角质增厚
4294,SM累积量升高
4295,剧痒
4296,发热伴淋巴结肿...
4297,头晕目眩
4298,三峰热型
4299,交叉注视
4300,心音异常
4301,长头巨脑
4302,口唇泛红
4303,胫骨干骨不连
4304,流鼻血
4305,肺动脉瓣区可听...
4306,肝掌
4307,泪腺发炎
4308,肾皮质坏死
4309,大便呈青黑色
4310,角膜树枝状改变
4311,脾气变坏
4312,下腹部压痛
4313,对女性物品的非...
4314,咬伤愈合的伤口...
4315,色素沉着与色素减退
4316,穿凿样改变颅骨破坏
4317,牙痛
4318,眼底无红光反射
4319,尿道结石
4320,脑缺氧
4321,枕大神经痛
4322,急性溶血性尿毒综合征
4323,放屁频频
4324,数脉
4325,脏腑功能失调
4326,手部功能完全丧失
4327,非对称性紧张性颈反射
4328,眼肌瘫痪
4329,头皮屑多
4330,蝶鞍空泡
4331,产后垂体坏死
4332,桥脑梗塞
4333,小指不明原因痛
4334,阴雨天颈肩背部酸痛
4335,肝郁脾虚
4336,恐水症
4337,球后视神经炎
4338,喉咙痒
4339,孕妇小腿痒
4340,鼻子糜烂
4341,短暂性眩晕
4342,食管腔狭窄
4343,倒地笑
4344,肘部的肿胀压痛
4345,咽反射消失
4346,决断困难感
4347,浅表淋巴结肿大
4348,肾功能衰竭
4349,光过敏
4350,肛门外括约肌断裂
4351,瘤体牵拉
4352,脓性分泌物增多
4353,鼻溢液
4354,唾液臭
4355,膀胱功能障碍
4356,心脏骤停
4357,肢体疼痛
4358,牙齿小且无光泽
4359,下唇肿胀外翻
4360,脐带过短或相对过短
4361,面部皮肤皱纹增多
4362,虹膜节段性萎缩
4363,吡咯烷及呱啶尿
4364,下肢呈剪刀步态
4365,深昏迷
4366,病理性Q波
4367,斑疹
4368,代偿性腰椎前凸
4369,食管恶性病变
4370,儿童髋部疼痛
4371,口腔黏膜溃疡
4372,乳头脱皮
4373,酩酊感
4374,胃糜烂
4375,过度换气综合征
4376,痉挛性偏瘫步态
4377,视乳头水肿
4378,耳后长包
4379,夜尿增多
4380,视神经的原发性萎缩
4381,咽部有异物感
4382,腹痛，发热及黄疸
4383,动眼神经麻痹
4384,精神变态
4385,小脑出血
4386,颅骨骨折
4387,睡瘫症
4388,醛固酮分泌增多
4389,指、趾甲显现苍...
4390,胆道蛔虫症
4391,妊娠痒疹
4392,尿暗黑色
4393,肠易激综合征
4394,子宫呈横椭圆形
4395,“多音律”心音
4396,烦躁不安
4397,掌跖角化过度
4398,孕妇胸闷气短
4399,颅内感染
4400,接触性出血
4401,虹膜根部离断
4402,局部压痛
4403,眼球内斜
4404,下腹绞痛
4405,无名指不明原因疼痛
4406,血小板减少
4407,胃部隐痛
4408,日轻夜重的瘙痒
4409,小胃综合征
4410,大便黑色粘稠
4411,夸大狂
4412,前列腺钙化
4413,室上性心律失常
4414,中心暗点扩大
4415,生长缓慢
4416,吸气困难
4417,闭眼站立不能
4418,局灶症状
4419,肾区压痛
4420,结肠憩室
4421,晶状体突出
4422,肾阴阳两虚
4423,脓苔
4424,肘管综合征
4425,扁平型骨盆
4426,外阴干涩
4427,气阴两虚
4428,假孕
4429,大便呈褐色
4430,小步态
4431,口唇皲裂
4432,痰中或可找到蛔...
4433,胎盘血液灌注不良
4434,玫瑰疹
4435,尿渗透压下降
4436,雄激素过少
4437,肝气郁结
4438,跖反射伸性
4439,尿中组织胺排泄增加
4440,血管萎缩性白斑
4441,粘膜充血
4442,排气多
4443,视网膜水肿
4444,胸大肌外侧缘处...
4445,产后肥胖
4446,推髌抗阻痛
4447,品行障碍
4448,手臂肌肉拉伤
4449,多梦
4450,胸膈间烧灼嘈杂感
4451,新生儿抽搐
4452,胁部肿胀
4453,心脑供血不足
4454,体重增加
4455,两肺弥漫或散在...
4456,神经性尿频
4457,燥狂相
4458,视网膜出血
4459,糖类皮质激素分泌过多
4460,钙化灶
4461,糖类皮质激素分泌过少
4462,三角肌疼痛
4463,趾蹼间隙麻木
4464,超雄
4465,尿内出现蛋白及管型
4466,掌骨指数及指骨...
4467,四肢电击感
4468,上睑黄白色小点
4469,肛周软瘊
4470,小阴唇及前庭也...
4471,下腹坠痛
4472,血管堵塞
4473,眼球内陷
4474,胎心率异常
4475,并指（趾）畸形
4476,撤退性出血
4477,青春危险期
4478,舌咽神经痛或其...
4479,假性宫缩
4480,体温调节紊乱
4481,舌齿龈疼痛性粟...
4482,粥样泻
4483,食管蠕动差扩张...
4484,脓鼻涕增多且不易擤尽
4485,口腔粘膜上白色...
4486,场所恐惧
4487,腊肠趾
4488,外阴呈幼稚型无阴毛
4489,耀光感
4490,肢体局部的皮肤...
4491,乳晕深部可扪及肿块
4492,足部肿胀压痛
4493,晕动症
4494,下腹局部疼痛
4495,肾间质受损
4496,痰黏稠或脓性可...
4497,展峰
4498,心音及脉搏消失
4499,颧骨额骨下陷
4500,尾骨压痛及异常活动
4501,讲话频率小，不...
4502,肩臂外侧的感觉...
4503,脸部汗毛明显
4504,撞击征
4505,青春期功血
4506,无活动性结核病灶
4507,牙齿黑斑
4508,运动性失语
4509,外阴烧灼刺激感
4510,肛门有黑色肿块脱出
4511,腭舌咽呼吸肌呈...
4512,儿童退缩行为
4513,大块肝细胞坏死
4514,十二指肠有切迹或狭窄
4515,小儿湿疹
4516,儿童反复骨折
4517,背部出现小水泡
4518,髌后疼痛
4519,鼓膜瘢痕化
4520,骨髓造血细胞再生障碍
4521,经前期膝痛
4522,扁桃体上有灰色膜
4523,胎动过频
4524,神经症性反应
4525,尿钙增多
4526,乳头状肿物
4527,面部一侧出汗另...
4528,大腿以下或膝以...
4529,帅冬怡
4530,下腹部包块
4531,肺部感染
4532,腕关节囊状的突起
4533,颈部有擦伤痕迹或肿胀
4534,运动性兴奋或抑制
4535,面部脂肪粒
4536,新生儿反应低下
4537,睡觉时小腿抽筋
4538,肝转移
4539,社交敏感性障碍
4540,被动体位
4541,眼晶体前房棕色光反射
4542,睾丸静脉曲张
4543,耳痒
4544,肢体过度肥大
4545,交替脉
4546,腰骶部酸痛
4547,坏疽
4548,咽部和喉部危象
4549,背部有隐约麻痛不适
4550,爆发性水泻
4551,会阴痒
4552,肢端角化
4553,慢性头痛
4554,肘外侧夜间痛
4555,出生后即有持续青紫
4556,肩关节活动受限
4557,新生儿皮肤褶皱
4558,多形红斑样皮疹
4559,弥漫性头痛
4560,坐立不安
4561,恐风
4562,交感神经代偿性亢进
4563,经期小腹坠痛
4564,腹痛伴血尿
4565,细菌感染
4566,尿道流出分泌物
4567,青少年脊柱侧凸
4568,凝血障碍
4569,压力和体位性多汗
4570,站立久后的浮肿
4571,纤毛清除功能障碍
4572,假笑
4573,尿道烧灼感
4574,直肠危象
4575,寰枢脱位
4576,膝关节间隙弹响和疼痛
4577,胸膜休克
4578,肿瘤性脱发
4579,眼眶异物
4580,间歇性胃痛
4581,胎盘大
4582,小儿便秘
4583,胎儿不完全臀先露
4584,脐周围褪色
4585,踝关节屈曲挛缩畸形
4586,韧带骨化
4587,恶性胸水
4588,肾气虚
4589,饭后心悸
4590,胆囊壁厚
4591,冬春季的慢性咳...
4592,氮质血症
4593,鼻煽
4594,阴毛脱落
4595,精液稠
4596,乳腺肥大
4597,小儿尿血
4598,齿龈铅线
4599,颈椎椎节已有明...
4600,阴道排出碎块组织
4601,沟裂增宽
4602,外伤性出血
4603,收缩期震颤
4604,前额针刺样痛或烧灼感
4605,骶部可有皮赘，...
4606,肘关节伸直位内...
4607,行为及情绪异常
4608,反射性呕吐
4609,软组织肿胀
4610,脊柱的成角畸形
4611,肢端发绀
4612,呼吸道阻塞
4613,骶骨发育不良
4614,不排胎便
4615,体位性眩晕
4616,呼正江
4617,看不到脚尖步行困难
4618,喉部刺痛
4619,胃肠感冒
4620,迟脉
4621,偏盲
4622,一侧阴囊内逐渐...
4623,粪便带绿色
4624,外伤性低位截瘫
4625,脊柱退变
4626,钙沉积
4627,胃肠气胀
4628,舌体深裂
4629,五心烦热
4630,窥淫癖
4631,假临产
4632,“鸡盲”或“雀盲”
4633,反复高热
4634,肩关节痛
4635,心脏增大
4636,痉挛性的肌张力增高
4637,斜头畸形
4638,不良睡眠卫生
4639,肋骨及胸骨下吸...
4640,代开明
4641,上吐下泻
4642,结节
4643,先兆子宫破裂
4644,药物性水肿
4645,淋巴滤泡增生
4646,望诊无明显心前区搏动
4647,血骨髓或痰涂片...
4648,癫痫持续发作
4649,碘甲亢
4650,睑结膜泪阜区灰...
4651,颧面部塌陷
4652,牙龈上发生黑线
4653,对侧肢体偏瘫
4654,中度吸入性损伤
4655,前列腺肥大
4656,心率不齐
4657,膝关节疼痛
4658,腓肠肌痉挛
4659,基因融合
4660,食欲异常
4661,指甲-骨四联征
4662,舌无力且不能随...
4663,闭经
4664,阴道入口粘膜撕裂
4665,技术狂躁症
4666,脑痉挛
4667,肾盂积水
4668,低血糖性低温症
4669,腹胀
4670,面部血管纤维瘤
4671,膀胱容量的减少
4672,难治性腹水
4673,角膜后胚胎环
4674,舌苔黄
4675,孤立肾
4676,玻璃体经瞳孔向...
4677,乳晕发黑
4678,看东西有重影
4679,青春期肥胖
4680,眉毛变白
4681,尿液臭味
4682,婴儿体重增长过快
4683,脐周阵发性绞痛
4684,感染诱发昏迷
4685,新生儿手足徐动
4686,髌前空虚感
4687,营养师
4688,脓胸
4689,产后胸部下垂
4690,不可克制的饮酒冲动
4691,刷牙出血
4692,意识模糊
4693,脊髓内空洞形成
4694,乳腺内无痛单发...
4695,保持睡眠障碍性失眠
4696,血尿伴蛋白尿
4697,扁桃体充血肥大
4698,咯血伴发热
4699,指甲有黄色细点
4700,久病亏损
4701,眼底樱桃红斑
4702,虚胖
4703,囊肿壁薄且内含...
4704,恶露不净
4705,唇干裂
4706,灰白色结节
4707,晋波
4708,睡眠障碍
4709,呼吸浅慢
4710,颅内占位性病变
4711,粪便黑色并带有血液
4712,局部肢体抽动
4713,帅海林
4714,碱性磷酸酶增高
4715,舌头上有长时间...
4716,攻击行为
4717,精子凝集
4718,脐周皮肤青紫色斑
4719,瞳子高
4720,小腿乏力
4721,阵发性腹痛
4722,脑实质的浸润
4723,趾(指)环状缩窄带
4724,下腔静脉血栓形成
4725,头皮不规则裂口
4726,溶骨性损害
4727,胆囊积脓
4728,看东西变远
4729,颈肩痛
4730,口涩
4731,前列腺结石
4732,牙龈痒胀
4733,肝下垂
4734,疤痕增生
4735,不能持续睁眼
4736,尿等待
4737,饭后困倦
4738,耳内疼痛
4739,排卵期腹痛
4740,反应迟钝
4741,子宫穿孔
4742,运动性疲劳
4743,吸吮反射消失
4744,髋内翻
4745,手腕部米粒大小...
4746,眼干
4747,吞酸
4748,颊部脂肪消失呈...
4749,输尿管狭窄
4750,煤尘或胆固醇结...
4751,轩存旺
4752,肋间神经痛
4753,血痂
4754,浅静脉有一发红...
4755,脑水肿
4756,念珠菌感染
4757,生理盲点扩大
4758,面部白斑
4759,血道播散
4760,胱氨酸储积症
4761,永久性秃发
4762,阴囊潮湿有异味
4763,软骨内骨化
4764,眼球运动偏斜扭转
4765,类癌面红
4766,逆行性遗忘
4767,先天性无子宫
4768,胎儿酒精影响
4769,耸肩喘息
4770,对光反应消失
4771,脉搏快而弱
4772,胰腺功能不足
4773,牙齿数目不足
4774,掌趾皮肤黄色角化物
4775,脓液为巧克力色...
4776,脸颊潮红
4777,大角膜
4778,立毛反射亢进
4779,精液量多
4780,视力下降
4781,冬季皮肤瘙痒
4782,肛门区红肿及痛性硬块
4783,肝火
4784,蝶形骨折
4785,骨斑点
4786,喝酒后胃疼
4787,斜视
4788,股部内侧靠近阴...
4789,胆道运动功能障碍
4790,肺部疼痛
4791,阴道排液呈黑水样
4792,颈背部肌肉痉挛
4793,营养代谢缺乏
4794,扭转动作
4795,肘部扭伤
4796,革兰阴性杆菌感染
4797,巨大的结肠
4798,静止性震颤
4799,球后溃疡
4800,精神萎靡
4801,风寒咳嗽
4802,星迹步态
4803,胫骨粗隆肿胀
4804,神经质性格
4805,小支气管粘膜水肿
4806,下垂乳房
4807,继发性不孕
4808,背心冷
4809,大量皮肤脱屑
4810,髌后捻发音
4811,女性型肥胖
4812,耳轮发育不全
4813,眶底爆折
4814,动脉呈多处伸长扭曲状
4815,肛门坠胀
4816,认知功能障碍
4817,新生儿心力衰竭
4818,晕眩
4819,小儿流口水
4820,气管纵隔和心脏...
4821,重度痛
4822,粪便量少
4823,浮肿
4824,下腹痛
4825,腰痛
4826,指(趾)甲缺失
4827,乳房肿块
4828,肾区钝痛
4829,慢性溃疡
4830,尿痛
4831,进行性消瘦
4832,轻压指甲，指头...
4833,肛门会阴区潮湿不洁
4834,风盛血燥
4835,鼻咽异物
4836,脊髓梗死
4837,卵圆孔闭合不全
4838,写字或拿小物品困难
4839,肾性糖尿
4840,脸色发黑
4841,胃肠扩张与脱肛
4842,指甲营养障碍
4843,特殊面痣
4844,肺纹理减少
4845,息子龙
4846,腰大肌脓肿
4847,甲亢危象
4848,经期肿胀
4849,产后血晕
4850,顽固性心功能不全
4851,舌苔发黑
4852,扁桃体小或缺如
4853,饥饿时上腹痛
4854,泪腺囊肿
4855,植物神经功能障碍
4856,额区感觉减退
4857,遗尿
4858,镜面舌
4859,腹壁静脉怒张
4860,去大脑强直
4861,移行病变
4862,压缩型骨折
4863,体重减轻
4864,癫痫的全身强直...
4865,继发性肥胖
4866,动脉导管未闭
4867,扑翼样震颤
4868,膝后疼痛
4869,种宗雷
4870,不完全性房内阻滞
4871,手变短
4872,肾盂扩张
4873,排气障碍
4874,肘痛
4875,小儿进食易呕吐
4876,呼吸性酸中毒
4877,特征性趾端大片状脱皮
4878,尿色酱红或呈酱油色
4879,结节性硬化
4880,门静脉积气
4881,颈部呈僵直状
4882,老年性震颤
4883,乳腺外上象限腺体增厚
4884,颌下腺导管口有...
4885,牙齿呈黄色浅灰...
4886,青红肤色
4887,真性菌尿
4888,巨肠症
4889,肥厚瘢痕
4890,食物误入气道
4891,块状痰
4892,肌肉坏死
4893,震颤
4894,臀中肌麻痹步态
4895,点状痤疮
4896,疲劳
4897,第5指短小弯曲
4898,性发育慢
4899,肾动脉狭窄
4900,面肌无力
4901,组织液渗出
4902,脐带血流
4903,肌腱囊肿
4904,酒精性震颤
4905,健忘
4906,腓肠肌强直收缩...
4907,便秘
4908,注意障碍
4909,视力视野改变
4910,肩背部肌肉痛
4911,婴儿睡觉打鼾
4912,疝区的疼痛或坠胀感
4913,无法数清每分钟...
4914,口唇严重充血呈红色
4915,锁骨上的搏动性肿块
4916,超量饮酒后两下...
4917,甲皱毛细血管袢数减少
4918,结核中毒
4919,孕妇小腿浮肿
4920,新生儿中性粒细胞增多
4921,流清涕
4922,功能性头痛
4923,色情行为
4924,眼白发红
4925,气息异常
4926,音调韵律的异常
4927,胎痣
4928,嗜酒
4929,乳腺发育不良
4930,指鼻不准
4931,食管扩张
4932,吸吮反射阳性
4933,细网状到斑片状...
4934,眼胀
4935,精子活力低
4936,颌小
4937,胸部大片斑块
4938,发音改变
4939,幻想失去时间和...
4940,睡眠麻痹
4941,耳漏
4942,环状肉芽肿
4943,尿道变粗变硬
4944,逸搏出现
4945,泪腺汗腺及涎腺...
4946,呈泡沫样有腥臭味稀便
4947,脉缓
4948,咽部溃疡
4949,喉头水肿
4950,肾阳虚
4951,口角皲裂
4952,腹部可触及巨大...
4953,小儿前囟凹陷
4954,囊肿样改变
4955,足趾伸屈时足部疼痛
4956,血管性水肿
4957,喉头痉挛
4958,胸痛伴胸闷、心悸
4959,肝虚
4960,腿外侧质软半球形包块
4961,外阴鳞状上皮疣状增生
4962,腹壁红斑
4963,进食呕吐
4964,佟新竹
4965,胸廓塌陷畸形
4966,胸腹部畸形
4967,基底节出血
4968,下肢红斑结节
4969,扭伤
4970,眼疲劳
4971,斑丘疹
4972,胆结石
4973,口腔溃疡
4974,角形甲弧影
4975,恶心
4976,拇指不明原因疼痛
4977,言语增多
4978,乳房组织大块坏死
4979,闫敏
4980,膝腱反射消失
4981,脊柱侧弯
4982,静脉回流障碍
4983,搓手顿足
4984,晕轮效应
4985,小腿肌肉萎缩
4986,指甲失去光泽和...
4987,顽固性便秘
4988,贫血貌
4989,促甲状腺激素偏高
4990,缺智齿
4991,便稀时经阴道排出
4992,胃肠道淤血
4993,尺动脉或桡动脉...
4994,静脉逗
4995,骨龄延迟
4996,胸骨下端压痛
4997,下肢皮肤营养性改变
4998,脊柱前突变直局部叩痛
4999,视觉识别障碍性眩晕
5000,冬雪峰
5001,手指小关节痛肿
5002,酒精中毒性幻觉症
5003,内分泌功能减退
5004,智能障碍
5005,节段性分离性感觉障碍
5006,四叠体受压
5007,泌乳障碍
5008,腋部掌心出汗
5009,闫芹
5010,肋间隙变窄
5011,胃重复畸形
5012,颈椎分节异常
5013,头颈部剧痛
5014,发育性骨盆异常
5015,上行性皮肤麻木
5016,骨内损害
5017,月经发黑
5018,趾短小
5019,肝结节
5020,重力休克
5021,淋巴结充血
5022,垂直性忽略症
5023,癫痫的复杂部分性发作
5024,心室纤颤
5025,肢体障碍
5026,鼻内痛
5027,人格改变
5028,社交恐惧
5029,出现喉结
5030,血管性痴呆
5031,神经性耳鸣
5032,四肢畸形
5033,持续性疼痛
5034,抬举性搏动
5035,饮水呛咳
5036,心包填塞
5037,近事遗忘现象
5038,泻药性便秘
5039,齿痕舌
5040,小肠扩张充气
5041,前臂外伤后疼痛
5042,外踝呈现凹陷
5043,脐窝内有樱红色...
5044,脾湿
5045,腋毛毛干上有微小结节
5046,胃黏膜充血水肿
5047,胃内压增加
5048,肾上腺危象
5049,头发分叉
5050,反射弧中断
5051,便血且血与粪便混合
5052,维生素B族缺乏
5053,眼白过白
5054,消化管蠕动不协调
5055,餐后血糖高
5056,冻疮
5057,小儿声带损伤
5058,直立性脱虚
5059,足背动脉搏动消失
5060,考试焦虑
5061,肩膀酸疼
5062,手肌肉萎缩
5063,孕妇腿抽筋
5064,肝功能衰竭
5065,腹部型肥胖
5066,心率过缓
5067,妊娠性黄褐斑
5068,精索静脉曲张
5069,突然出现剧烈的腰痛
5070,小肠内的低pH
5071,角膜反射迟钝
5072,大肠黑变
5073,舌型骨折
5074,足部坏疽
5075,妊娠期间小便不通
5076,脊髓内胶质增生
5077,员如玲
5078,足踝捩伤
5079,溃疡龛影
5080,偏斜骨盆
5081,声调似小孩
5082,体内湿热
5083,视力常呈雾状模糊感
5084,孤独症
5085,腭部穿孔
5086,脊髓半切综合征
5087,椎管大小变化
5088,手臂发麻
5089,口唇苍白
5090,川字纹
5091,子宫内膜梗阻
5092,牵涉痛
5093,胎盘前置
5094,吞咽困难
5095,气管受压
5096,重度肥胖
5097,虹膜异色
5098,脸裂
5099,无目的咀嚼舐唇
5100,尿液有油
5101,前列腺缩小变硬
5102,头颈分离感
5103,急性呼吸困难
5104,斜形骨折
5105,紧张性手抖
5106,口腔唇系带粗大
5107,腹腔感染
5108,嗜酸细胞增加
5109,坐骨神经痛
5110,心房对心室收缩...
5111,低血糖症
5112,髂骨角增大
5113,所淑芳
5114,胃肠道胀气
5115,收缩期反流性杂音
5116,自主神经危象
5117,稀便
5118,胸口闪电疼痛
5119,T波低平或倒置
5120,聚合性痤疮
5121,传导性耳鸣
5122,婴儿含吮时乳头...
5123,骨硬化
5124,阔韧带内形成血肿
5125,咽喉疼痛
5126,骨髓象左移现象
5127,咳嗽伴体重减轻
5128,抽风
5129,渗出性胸水
5130,偏头痛
5131,排尿前后膀胱区痛
5132,指甲很短
5133,腕征
5134,骨质磨损有骨赘增生
5135,妊娠期高血压
5136,肺火
5137,癫痫和癫痫样发作
5138,落枕
5139,阿司匹林过敏
5140,出血倾向
5141,胃粘膜充血
5142,髌骨疼痛
5143,口腔出血
5144,心脏性猝死
5145,产后月经不再来潮
5146,指(趾)和小腿...
5147,夹层血肿
5148,舞蹈样步态
5149,巨痣症
5150,气急
5151,虹膜表面形成灰...
5152,胫骨压痛
5153,代超
5154,尿液氨水味
5155,舌干苔厚
5156,创伤
5157,股四头肌损伤
5158,尿黑酸
5159,弥漫性血管角化
5160,胸膜摩擦音
5161,月经血块过多
5162,一过性肉眼血尿
5163,指（趾）甲颜色改变
5164,二羧基氨基酸尿
5165,扭转痉挛
5166,折刀现象
5167,前房下方有红色血平面
5168,突肤挺胸
5169,多汗且臭味较浓
5170,骨间肌和鱼际肌萎缩
5171,下肢的感觉，肌...
5172,湿气重
5173,三叉神经一二支...
5174,颈部肿瘤
5175,Moro反应迟钝
5176,粘膜乳突状生长
5177,腕部疼痛
5178,眼前异常闪光，...
5179,胃粘膜增粗
5180,唇外翻
5181,跌倒发作
5182,幽门肿块
5183,阴虚火亢症
5184,尿中持续性排钠
5185,怪笑
5186,反复发烧
5187,睑裂狭小
5188,骨骼停止发育
5189,灾难反应
5190,毒物致肝损害
5191,纵隔病变
5192,肤色赤红
5193,深侧鼻塞
5194,泪膜消失
5195,脏器变小
5196,眼外肌运动无力
5197,尿胆原增加
5198,面颊明显内陷
5199,热痛
5200,蚊虫刺咬炎症
5201,穿透性皮肤变性
5202,嗜酒性幻觉性精神错乱
5203,肢端凉
5204,手臂肌肉萎缩
5205,点头征
5206,维生素D中毒
5207,胃纳差症状
5208,右心功能不全
5209,兰甜甜
5210,记忆力消失
5211,颈椎痛
5212,臀部酸痛
5213,胎儿窘迫
5214,腹腔积血
5215,脊髓性肌萎缩
5216,手指发僵疼痛
5217,口齿不清
5218,腹壁外侧包块...
5219,无羞惭感
5220,儿童骨缺损
5221,不偏向一侧，无...
5222,无睾丸
5223,瞳孔固定
5224,婴儿需要较大量...
5225,耳前庭听觉失衡
5226,外伤性遗忘症
5227,位置觉、震动觉减退
5228,反复出血
5229,咽颊部烧伤
5230,眼痛
5231,湿性坏疽
5232,瓣膜增厚
5233,眼睑畸形
5234,纵膈淋巴结肿大
5235,低颅压综合征
5236,头颅向上生长呈塔形
5237,软腭浅表溃疡
5238,手脚发热
5239,尿磷
5240,髋外侧肿胀压痛
5241,伴高血压
5242,搏动性头痛
5243,脐带血循环障碍
5244,身体“福态”
5245,非怀孕的下腹增大
5246,绿视
5247,要利琴
5248,腕下垂
5249,呆滞
5250,进行性肝缩小
5251,脊髓丘脑束受压
5252,氨基酸尿症
5253,髌骨软化
5254,痛性脸抽搐
5255,软产道异常
5256,骶尾椎融合
5257,唾液粘稠
5258,胸部挫伤
5259,心脏失代偿
5260,精索增粗肿胀
5261,胎粪污染
5262,造血功能障碍
5263,外踝前下方肿胀和疼痛
5264,长段升主动脉发育不全
5265,心理性性功能障碍
5266,色素性胆结石
5267,对称性肌无力
5268,潮式呼吸
5269,体癣
5270,眼白出现红点
5271,放射性疼痛
5272,盖迎男
5273,上腹部疼痛
5274,传导性腹痛
5275,脑桥小脑角综合征
5276,剑突压痛
5277,坏死性筋膜炎
5278,鼻子长痘
5279,软产道裂伤
5280,神经官能症状
5281,鼻孔干疼
5282,尿中有特殊鼠臭味
5283,膀胱憩室...
5284,Asperge...
5285,气滞血瘀
5286,叹气后舒服
5287,HIV感染
5288,亢丽芳
5289,排出结石
5290,胸部隐痛
5291,气管隆突以上的损伤
5292,不典型增生
5293,结肠膨胀
5294,多血质
5295,臀中肌损伤
5296,感染性发热
5297,情绪性失眠
5298,足不能跖屈和内翻
5299,犬吠样咳嗽
5300,直肠与肛门狭窄
5301,躯体或颜面某一...
5302,骨气臌
5303,弥漫性骨膜增厚
5304,胳膊疼痛
5305,肛门畸形
5306,骨皮质变薄
5307,腰肌痉挛
5308,心室扑动
5309,迁徙性浅静脉血栓形成
5310,大便色浅
5311,闫铁
5312,发作性眩晕
5313,过度通气
5314,拔牙后伤口经久不愈
5315,晨起肥皮肿
5316,淋巴结疼痛
5317,十二指肠扩张
5318,血偏酸
5319,颈软不能抬头
5320,口腔黏膜黄豆大...
5321,耳前淋巴结肿大
5322,摩擦型性变态
5323,指、拇、脘的伸...
5324,浅表淋巴结进行性肿大
5325,走动性自动症
5326,腿脚抽筋
5327,足趾发凉怕冷，...
5328,肌肉拉伤
5329,定向力障碍
5330,蜕膜反应
5331,脂肪过多
5332,掌骨和跖骨短
5333,咳嗽伴杵状指
5334,尿泡沫
5335,心前区隆起
5336,蛛网膜腔内囊肿
5337,耳孔处长出的肿物
5338,嗅觉倒错
5339,眼球压痛
5340,急性面容
5341,继发性高血压
5342,食量增加
5343,便血
5344,呼吸窘迫综合症
5345,上颈髓区病变
5346,视野缩小
5347,鼻端弥漫性潮红
5348,气压伤
5349,盲肠阿米巴肉芽肿
5350,骨骼表面向外突出
5351,长骨粗大
5352,咳出棕色痰栓
5353,面部水肿
5354,肾寒
5355,蹒跚步态
5356,眼发胀、发干
5357,吸气时有蝉鸣音
5358,液体平衡失调
5359,脐周腹壁缺损
5360,指甲厚脆且多裂纹
5361,发绀
5362,尿道口痒
5363,心脏毒性作用
5364,莦锵新
5365,心尖部第1心音亢进
5366,食管反流症状
5367,腹部中线处肿块
5368,颈椎反弓
5369,露出骨头的骨折
5370,粒细胞减少
5371,颈动脉硬化
5372,心前区隐痛
5373,早孕反应重
5374,额叶癫痫的扣带回发作
5375,指甲与肉分离
5376,产后血气痛
5377,儿童期消化性溃疡
5378,经期提前
5379,面部叩击征
5380,心力衰竭
5381,异嗜酸癖
5382,新生儿两眼上翻凝视
5383,晶状体蛋白逸出
5384,右上腹持续性剧...
5385,猿手畸形
5386,濡脉
5387,频繁吐黏液
5388,乙肝表面抗体（...
5389,尿失禁
5390,创伤性湿肺
5391,产后腰痛
5392,胎儿生长发育迟缓
5393,新生儿低体温
5394,输尿管疼痛
5395,腕枪刺状畸形
5396,前列腺增生
5397,产后大便失禁
5398,中指半月甲呈粉红色
5399,胃丢失蛋白
5400,咬合关系错乱
5401,网络综合症
5402,眼球穿孔
5403,口鼻周围发绀
5404,面部畸形
5405,排尿时外阴灼热...
5406,病理性听觉适应
5407,胚胎发育障碍
5408,颈椎生理曲度变直
5409,颈部扭伤
5410,瘀斑性环
5411,胃肠粘膜的通透性增高
5412,胃阳虚
5413,晶状体囊壁破裂
5414,距骨坏死
5415,凸甲
5416,鼻甲肥大
5417,侵蚀性骨破坏
5418,乳头湿疹
5419,前房色素沉积
5420,憩室出血
5421,腕管综合征
5422,增生性瘢痕
5423,附睾结石
5424,腱反射亢进
5425,囊样斑块
5426,小儿睡眠不好
5427,代谢性碱中毒
5428,副耳
5429,情感暴发
5430,门齿间距增宽
5431,头昏眼花
5432,胎膜破裂
5433,流泪
5434,发热伴眼睛充血
5435,类偏狂
5436,肺纹理增粗
5437,病理性偷窃
5438,新生儿气促
5439,肠系膜囊肿
5440,竹节脊柱
5441,口鼻血性分泌物
5442,肺纹理增多
5443,身体下部短于上部
5444,鼻甲肿胀
5445,发作性不自主运动
5446,卵巢缺如或发育不全
5447,鼻孔流脓
5448,指甲倒刺
5449,用药过程中出现...
5450,PAS染色阳性
5451,控制不住的联想
5452,呼吸衰竭
5453,静脉出血
5454,鼻端肥大
5455,偏身萎缩
5456,腹肌紧张
5457,蠕动感
5458,胸壁疼痛
5459,放射后的臂丛神...
5460,肾上腺皮质良性...
5461,骨赘大量增生
5462,手小形方
5463,鼻干燥
5464,钩骨附近的压痛
5465,心内分流为右向左
5466,虹视
5467,急性阴道感染
5468,顽固性疼痛
5469,鼻前庭部发痒
5470,乳头皲裂
5471,油腻性鳞屑
5472,颈内动脉创伤性血栓
5473,肝区血管杂音
5474,心脏排血受阻
5475,郅书芬
5476,视觉失认
5477,色汗
5478,性交困难
5479,血脑屏障通透性高
5480,以头昏为主的眩晕
5481,转肽酶偏高
5482,昏迷
5483,反胃
5484,中上腹痛
5485,良性溃疡改变
5486,涂锐
5487,血压下降
5488,韧带断裂
5489,浅筋膜炎
5490,类戒断反应
5491,体毛脱落
5492,腓骨肌对称萎缩...
5493,上唇疖肿
5494,唾液及汗液减少
5495,臀肌萎缩
5496,一过性的流感样症状
5497,呛咳
5498,鼻粘膜溃疡和萎缩
5499,“鸭步”步态
5500,间歇性尿蛋白
5501,眼睑松弛
5502,口唇干燥
5503,小儿发烧后身上起红点
5504,脉数
5505,南慧
5506,硬脊膜膨出
5507,髋关节痛
5508,神经元移行异常
5509,疲乏
5510,剧烈运动后头晕
5511,喃喃重复自语
5512,胎盘早剥
5513,身体的低垂部位水肿
5514,耳道流血
5515,低钾血症
5516,枕部和颈后疼痛
5517,胸腹呈矛盾运动
5518,弥漫性腹部骨化
5519,多疑
5520,阴部皮肤潮红
5521,颈部缺血性跳痛
5522,阑尾缺血充血
5523,紧张
5524,产褥期恶露
5525,光反射消失
5526,肾小球滤过率下降
5527,小儿咳嗽
5528,腘窝囊肿
5529,血尿伴排尿不畅
5530,菌尿
5531,藏毛窦
5532,维生素E缺乏
5533,被窃或疑病妄想
5534,心脏复苏
5535,坏疽脓皮
5536,不真实感
5537,指甲特大有纵纹...
5538,眼压突然迅速升高
5539,血管伤
5540,瞳孔变白
5541,骨髓水肿
5542,难治性贫血
5543,忧郁
5544,面部斑点
5545,乳头溢出血性或...
5546,中性粒细胞增高
5547,晨僵
5548,大腿肌肉萎缩
5549,声带麻痹
5550,弥漫性骨质疏松
5551,脑缺血
5552,出血性丘疹
5553,驻站医
5554,产后腹痛
5555,手麻
5556,血肿形成
5557,下肢中枢性瘫痪
5558,学习障碍
5559,心肌坏死广泛
5560,外斐氏试验阴性
5561,腋窝有异味
5562,肺通气一血流比例失调
5563,婴儿睡觉惊跳
5564,恶病质面容
5565,动脉出血
5566,耳垂过大
5567,男子性功能障碍
5568,间歇热
5569,垂体危象
5570,咽部肌肉运动障碍
5571,婴儿头皮结血痂
5572,认知功能损害
5573,镇静、麻醉剂所致昏迷
5574,尿道内口呈漏斗样改变
5575,膀胱纤维化
5576,指甲嵌入肉
5577,运动性闭经
5578,睡眠中周期性腿动
5579,肌张力降低
5580,尿道局部肿胀
5581,收缩早期喀喇音
5582,骨溶解
5583,溃疡
5584,象限性偏盲
5585,胸肌萎缩
5586,角膜上点状暗灰色混浊
5587,肺栓塞
5588,粪便排出过程异常
5589,异常粗大的舞蹈样动作
5590,假性延髓性麻痹
5591,面具脸
5592,唇干舌燥
5593,反复感染
5594,肌肉发育不良
5595,食管体平滑肌部...
5596,鼻甲萎缩
5597,脚臭
5598,豆纹动脉闭塞
5599,口腔粘膜有形似...
5600,颈部潮红
5601,右胸痛
5602,耳廓放射性痛
5603,搭肩试验阳性
5604,老化松弛性眼袋
5605,胸部长痘
5606,耳堵
5607,甲状腺结节
5608,妊高征
5609,肾上腺中毒
5610,肺泡炎症
5611,凝视征
5612,普秃
5613,腰背部有皮毛窦
5614,指甲细长
5615,尿道分泌粘液或...
5616,女阴会阴出现红...
5617,上肢及面部血管...
5618,小支气管痉挛
5619,腰长骨刺
5620,情感依赖
5621,局部皮肤变紧
5622,自动Babin...
5623,蹲下起来后眼前发黑
5624,睑结膜硬而扁平的乳头
5625,气郁体质
5626,节律性刻板重复...
5627,多发性结节
5628,婴儿过胖
5629,体温过低
5630,腹股沟淋巴结肿大
5631,两肺毛玻璃样粟...
5632,尿道口粘连
5633,淋巴结穿刺有草...
5634,髌周指压痛
5635,纵隔纤维化
5636,性交疼痛
5637,眼睛发红
5638,颈部皱纹多
5639,眼结膜上出现瘀点
5640,痰饮
5641,感觉分离
5642,听阈上升
5643,阴茎表浅性溃疡
5644,脊柱破坏
5645,肥达反应阳性
5646,体象障碍
5647,肝肾阳虚
5648,逼尿肌无反射
5649,肺积水
5650,瘀血积聚
5651,拔牙后出血不止
5652,手指甲周围起皮
5653,病理性REM睡眠
5654,慢性肾损害
5655,眼距宽阔
5656,尿道痒感
5657,大便成颗粒
5658,肛周皮肤有湿疹
5659,胆汁排泄受阻
5660,嗳气时有腐败鸡...
5661,毫无情感反应
5662,口唇麻木
5663,颈椎骨折脱位
5664,齿龈肿胀
5665,小梁网色素沉着
5666,磨牙后垫红肿
5667,腰骶部皮肤多毛...
5668,器质性精神障碍
5669,孕晚期腹痛
5670,反复上呼吸道感染
5671,闫利霞
5672,指甲翘起
5673,黏液脓性痰
5674,血清铜氧化酶吸...
5675,口腔痛
5676,下肢血压偏低
5677,痢疾
5678,肢体内翻
5679,睾丸受浸润
5680,眶上裂综合征
5681,足掌痛
5682,钝痛
5683,指甲呈扁平形
5684,酒精性心肌
5685,发热伴寒战
5686,固定于一侧眼及...
5687,两性畸形
5688,戒断反应
5689,肝浊音界缩小或消失
5690,血清中高水平的...
5691,情绪性进食
5692,掌跖多汗
5693,乳头样增生变化
5694,冠状动脉痉挛
5695,牙齿结构异常
5696,口腔起泡
5697,食指半月甲呈粉红色
5698,肝功能异常
5699,耳廓擦伤
5700,三尖瓣狭窄
5701,肾间质水肿
5702,肺门增宽
5703,绝经年龄过迟
5704,肾前性肾功能不全
5705,电击样剧痛
5706,血崩
5707,胃扭转梗阻症状
5708,结膜变浅或变苍白
5709,胸部瘙痒
5710,睾丸胀痛
5711,牟连芳
5712,手上有小水泡
5713,胸膜增厚
5714,月经量少
5715,脊肋角膨隆
5716,重度黄疸
5717,抗利尿激素(A...
5718,绝经期面红
5719,前庭性共济失调
5720,钙化
5721,急性房颤
5722,肾小管坏死
5723,胸段或腰段脊髓伤
5724,髂窝部疼痛
5725,猜疑
5726,椎体结核
5727,一过性全面性遗忘
5728,下唇麻木
5729,上呼吸道卡他症状
5730,旋转性眩晕
5731,肛周皮肤潮红
5732,肝被膜血肿破裂
5733,慢性咳嗽
5734,低烧
5735,婴儿臀部红
5736,精神创伤
5737,隐睾
5738,下垂肩
5739,心包炎
5740,维生素B12吸收不良
5741,儿童尿床
5742,胫骨假关节形成
5743,不协调性兴奋
5744,阴唇融合
5745,弦脉
5746,苯丙氨酸代谢障碍
5747,肌肉神经痛
5748,嗜红细胞综合征
5749,胃排空延缓
5750,角膜烧伤
5751,弥漫性鼓音
5752,下蹲困难
5753,膈麻痹
5754,频繁遗精
5755,跨阈步态
5756,膈下感染
5757,呼气音延长
5758,指甲突然变白
5759,生长激素分泌过少
5760,伤口愈合发痒
5761,惊厥
5762,心率增快
5763,免疫力下降
5764,蹲踞现象
5765,震颤性肌强直，...
5766,眶静脉回流障碍
5767,胫骨疼痛
5768,手腕骨折
5769,瘫痪
5770,口眼歪斜
5771,尿频伴尿急和尿痛
5772,尿道结节
5773,丹毒样外观
5774,瘀血斑
5775,脚趾痛风
5776,继发性癫痫
5777,卵巢积液
5778,新生儿青紫
5779,肾小球基底膜蛾噬现象
5780,过分地惊跳反应
5781,分泌性腹泻
5782,肥胖前期
5783,半乳糖血症
5784,低镁血症
5785,胃镜下表现出广...
5786,淋巴结退化
5787,足跟的后上方疼...
5788,共济失调
5789,微循环障碍
5790,趾端干枯发黑
5791,传导阻滞
5792,低血钾
5793,食管出血
5794,男性小腹痛
5795,肠管出血
5796,耳源性破伤风
5797,卵泡囊肿
5798,愉快感缺乏
5799,老人髋部疼痛
5800,胰腺外分泌功能不良
5801,早晨上下眼睑粘连
5802,腿前内侧出现感觉异常
5803,埋藏齿
5804,绝经后白带增多
5805,腰部僵直感
5806,发作时精神障碍
5807,阴道脓性分泌物
5808,足趾皮肤发黑
5809,耳骨外翻
5810,无痛性口腔溃疡
5811,孕妇胃痛
5812,子宫颈扩张
5813,腹壁切口处有肿物突出
5814,假声现象
5815,脑膜增厚
5816,带状疱疹样外观
5817,上臂短于前臂，...
5818,肥胖性水肿
5819,剧烈运动后哮喘
5820,手足肿胀
5821,癌症晚期胃肠道症状
5822,心肌灰白而松弛
5823,肺含水量增加
5824,等渗尿
5825,舌肌麻痹
5826,头部震颤
5827,栗东
5828,运动性忽略症
5829,腋下淋巴肿大
5830,运动功能障碍
5831,瘙痒
5832,猩红热样皮疹
5833,吞咽时发生晕厥
5834,心源性晕厥
5835,肝郁气滞
5836,肌肉出血
5837,射精疼
5838,神经根刺激
5839,诉讼狂
5840,多发性针尖样瘀点
5841,体内水钠潴留
5842,膀胱结石
5843,下肢麻木
5844,大脑发育障碍
5845,青年白内障
5846,毒品依赖
5847,肺受累
5848,脓疱性痤疮
5849,频繁发笑
5850,岳加峰
5851,孕产妇腰痛
5852,侧腹壁或后腰部有压痛
5853,手指淤血
5854,肌肉撞伤
5855,口唇泛黑
5856,鼠疫样皮损
5857,手、足部厚壁水疱
5858,儿童恐怖症
5859,溃疡外观呈菜花样
5860,口唇周围麻木感刺痛
5861,孕妇气喘
5862,出脚汗
5863,脱肛
5864,血管畸形
5865,泪道阻塞
5866,精神活性物质所...
5867,对听、视、触觉...
5868,上焦火
5869,肾源性水肿
5870,阴道溃疡
5871,急性贫血
5872,齿轮样强直
5873,面色灰暗
5874,髌骨缺失或发育不良
5875,舌苔薄白
5876,胃火口臭
5877,蓖麻子便中常见...
5878,脑叶出血
5879,轴性遗忘症
5880,大量饮酒后突然...
5881,额叶癫痫的“击...
5882,乳房硬化
5883,颈根部斜方肌及...
5884,牙齿萌出异常
5885,反复发作右肺感染
5886,尿外渗
5887,下肢拖曳步态
5888,肠道吸收水分增加
5889,耳后乳突水肿
5890,头皮平直裂口
5891,意志丧失性格
5892,肾内动脉变细或阻塞
5893,收缩压下降
5894,痰多
5895,右腿麻木
5896,听力缺陷
5897,盲袋阴道
5898,耳闷
5899,骨骺提前闭合
5900,肛管狭窄
5901,绝经
5902,胸部有过度回响
5903,四肢抽搐
5904,言语自动症
5905,人中圆凸
5906,淋巴结节
5907,奇脉
5908,内脏性肥胖
5909,冠状动脉窃血现象
5910,骨质破坏
5911,紧箍咒一样头紧
5912,精子存活率低
5913,持续性剧烈的肩痛
5914,斜视性弱视
5915,肋痛
5916,心包积液体征
5917,定位神经体征
5918,小儿青盲
5919,血脂异常
5920,毒血症
5921,胸腔积液
5922,急性尿潴留
5923,胎儿肾盂分离
5924,色素脱失
5925,收缩期杂音
5926,同向性偏盲
5927,肛门直肠畸形
5928,恋兽型性变态
5929,肺动脉闭锁
5930,回盲部结核
5931,内踝下区域疼痛肿胀
5932,巨舌
5933,女性腰痛
5934,保密
5935,胸口痛
5936,心肌营养障碍
5937,口唇出血
5938,小眼球
5939,下体异味
5940,豆菊香
5941,痉挛性便秘
5942,饱食后胸痛
5943,儿童胸廓变形
5944,生理性腹泻
5945,脊髓横贯损害
5946,肌肉的失用性萎缩
5947,鼻子颜色苍白
5948,睾丸疼痛
5949,颈心综合症
5950,黑蒙
5951,斑秃
5952,浅昏迷
5953,指甲上有直线
5954,致死性上呼吸道出血
5955,心包纤维增厚
5956,胸骨后异物阻塞...
5957,小指指甲有凹陷
5958,身体摇晃征
5959,骨及软组织肥大
5960,“淡漠型”甲亢
5961,甲状腺过氧化物...
5962,头颈部活动受限
5963,小腿或前臂间隙综合征
5964,乳溢一高泌乳素血症
5965,胆囊体积缩小
5966,输精管堵塞
5967,运动不足综合征
5968,骨密度增加
5969,闫红梅
5970,盆腔肿块
5971,脓痱
5972,骶髂关节疼痛
5973,髓质增生
5974,进食后出现弥漫...
5975,眼睛上火
5976,眼睑肥厚
5977,排水样血性大便
5978,脑细胞出现营养...
5979,鼻衄
5980,心搏漏跳
5981,眼球斑点
5982,指(趾)甲脆软萎缩
5983,急性宫颈炎
5984,拇食指捏物功能障碍
5985,赫晓
5986,口唇常无力而不能鼓气
5987,蛋白尿
5988,龟头红点
5989,情绪性感冒
5990,孕中期腹痛
5991,剧烈眩晕，站立不稳
5992,胸壁血管充盈
5993,小儿的异嗜症状
5994,臂痛
5995,囊性肿块
5996,摸索反射
5997,稽留热
