foodId,foodName
0,酱五花肉
1,萝卜火腿粥
2,炒素鸡丝
3,牛鞭壮阳汤
4,巧克力核桃糕
5,菠菜煎豆腐
6,菠菜蛋花汤
7,清茶豆腐羹
8,马齿苋槟榔粥
9,圆肉腐竹红枣白菜汤
10,杏仁糯米粥
11,猕猴桃西芹汁
12,淮杞煲羊脑
13,冬虫夏草鸡
14,黄瓜拌鸡丝
15,青油菜炒银鱼丝
16,松子玉米
17,干烧杞麦冬笋
18,双皮奶
19,田鸡发菜猪腱汤
20,山药烧甲鱼
21,当归炖甲鱼
22,酱爆海蟹
23,双丝银鱼羹
24,蜜枣猪肺汤
25,酸奶
26,桂圆草莓炒山药
27,海带黄花蛋汤
28,胡萝卜蛋糕
29,茄汁菊花鱼
30,砂仁蒸鲫鱼
31,炖酥香海带
32,五香酱色豆腐干
33,辣椒粥
34,枸杞海参煮鸽蛋
35,荠菜汤
36,黑芝麻山药何首乌粉
37,河虾
38,竹荪玉笋粥
39,熘炒黄花猪腰
40,咖喱牛肉蒸饺
41,苦瓜炒猪肝
42,菇笋萝卜豆腐汤
43,海米浇菜花
44,小豆节瓜汤
45,番茄奶油汤
46,炸鸭肝两样
47,排骨煨藕汤
48,火夹冬瓜汤
49,菠菜水饺
50,酱南瓜
51,荠菜水饺
52,萝卜干炒饭
53,肉松
54,芡实白果猪肚汤
55,红萝卜
56,眉豆鲤鱼煲
57,薄菊粥
58,鳗鱼粥
59,乌梅蚕茧红枣方
60,白菜清汤
61,夏果炒西芹
62,油菜苹果牛奶汁
63,红枣羊骨糯米粥
64,清炖牛尾汤
65,炖五香牛肉
66,胡萝卜苹果汁
67,蒲公英粥
68,菠菜虾米汤
69,苡仁冬瓜汤
70,鸡蛋米汤粥
71,三米红枣桂圆粥
72,肉末四季豆
73,鸡蛋酿苹果
74,青豆炒丝瓜
75,芹菜炒土豆丝
76,豌豆
77,芋头萝卜菜
78,清炖猪蹄膀
79,花雕鸡爪
80,茯苓清蒸桂鱼
81,丝瓜毛豆
82,三鲜冬瓜卷
83,太子参烧羊肉
84,海虾白菜鸡蛋煲
85,牡蛎虾皮粥
86,果汁豆腐
87,莲藕红豆煲羊肉
88,山楂海带丝
89,冬菇油菜心
90,山药芡实粥
91,清蒸鲤鱼
92,开洋大白菜
93,凤梨果仁松糕
94,蛋花空心菜汤
95,薄荷茶
96,槐花茶
97,姜
98,香菇冬瓜汤
99,韭菜包
100,小米面甜沫
101,胡萝卜浆汤
102,奶油白菜
103,花生（炒）
104,芹菜牛肝汤
105,芝麻大饼
106,木瓜鲤鱼煲
107,三鲜蘑菇
108,茄子拌芦荟酱
109,红豆粽子
110,肉末蒸蛋羹
111,大枣粥
112,苹果色拉
113,干煸青椒苦瓜
114,花菜饺
115,腐竹汤
116,鸡蓉玉米羹
117,焐酥豆糖粥
118,萝卜干饺
119,淮山枸杞子炖猪脑
120,生菜豆皮汤
121,清炒嫩黄瓜
122,胡萝卜炒肉丝粉
123,酱黄瓜
124,酥香鲫鱼
125,炝苋菜
126,西式牛奶粥
127,白果（鲜）
128,鲫鱼砂仁羹
129,松子豌豆
130,清爽西兰花
131,肉末梨花豆腐汤
132,野菊花烧草鱼
133,小麦豆角粥
134,鹿角胶粥
135,牛肉铁锅
136,羊骨大米粥
137,南瓜子仁
138,黑米党参山楂粥
139,烫面牛肉烧卖
140,素三鲜豆腐汤
141,牛柳红木瓜
142,雪耳炖木瓜
143,桂圆枸杞粥
144,羊腩萝卜丝粥
145,青菜包
146,软熘鲤鱼扇
147,鱼腥草蒸鸡
148,鲜草菇丝瓜鱼片汤
149,西芹烧腐竹
150,荠菜饮
151,青椒鸡丁
152,土豆泥牛奶粥
153,白果奶羹
154,香菇油菜包
155,猪腰子
156,紫菜瘦肉粥
157,鲤鱼首乌汤
158,鲫鱼川贝汤
159,黄豆粥
160,小麦生地百合羹
161,酥炸鸭肉卷
162,银耳羹
163,砂锅鱼头豆腐
164,牛奶麦片粥
165,百合荸荠雪梨羹
166,木瓜
167,土豆浆汤
168,参芪归姜羊肉羹
169,百合银耳粥
170,竹荪莲子汤
171,麻仁羊肉
172,牛乳红茶
173,荸荠豆腐汤
174,甲鱼烧冬瓜
175,烧竹笋
176,清炒蘑菇
177,荠菜根
178,乌药羊肉汤
179,贝菜炖蟹肉
180,糯米红枣炖鲤鱼
181,冬笋炖鸡
182,发菜煲瘦肉汤
183,冬菜鸭
184,猪肝豌豆苗汤
185,拌海蜇头
186,肉片粥
187,蜜饯白果
188,绿豆包
189,荠菜粥
190,百合芦笋汤
191,茼蒿粥
192,肉末烧海参
193,土豆汤
194,眉豆猪舌汤
195,枸杞子炖牛肉（二）
196,韭菜花饺
197,炒面
198,酱萝卜拌豆芽
199,鸭肫
200,黄芪羊肉汤
201,菠菜猪肝肉片汤
202,天麻脑花
203,天麻鱼头汤
204,普洱冬菜粥
205,银耳莲子羹
206,羊肉烩面
207,肉桂米饭
208,三鲜酿黄瓜
209,香梨沙拉
210,红花糯米粥
211,枸杞黄精炖白鸽
212,白糖莲心粥
213,蛋茸牛肉羹
214,鱼肉糊
215,人参汤圆
216,牛奶蛋清炒章鱼
217,清牛肉汤
218,核桃仁粥
219,莲子鸡丁
220,西瓜皮丁粥
221,醋溜白菜(二)
222,番茄草菇
223,龙井鲶鱼清汤
224,油菜丝炒面
225,白芷茯苓薏苡仁粥
226,清蒸红汤鸡翅
227,干贝玉米羹
228,酱汁鸡肉丸子串
229,双豆羹
230,鸭肉冬瓜海参汤
231,菜花炒素虾仁
232,白术猪肚粥
233,番茄牛肉汤
234,蜂蜜橘糊
235,百合粳米鸡
236,菠菜粉皮
237,姜汁奶(姜撞奶)
238,菊花鱿鱼
239,花生牛筋粥
240,红豆花生红枣粥
241,萝卜粥
242,老鸭绿豆汤
243,鳜鱼柠檬羹
244,黄瓜紫菜汤
245,酸奶油芝麻茄泥
246,杏仁蛋花糊
247,冬虫夏草羊肉汤
248,香菇豆腐笋
249,梅子蒸排骨
250,银耳杏仁鹌鹑汤
251,黄花菜炒黄瓜
252,荠菜鲈鱼羹
253,紫菜豆腐肉片汤
254,当归炖乌鸡
255,鳗鱼羹
256,蒜蓉苋菜牛肉汤
257,香蕉拌桃片
258,黄瓜海带泡菜汤
259,青椒魔芋丝
260,鲍鱼芦笋汤
261,白果莲子粥
262,凤梨饭
263,慈姑粥
264,樱桃百合
265,红扁豆粥
266,鱿鱼豆腐羹
267,海带丝汤
268,蜜奶芝麻羹
269,姜丝萝卜汤
270,炸番茄蛋饺
271,黄豆芽猪血汤
272,香蕉土豆泥
273,丝瓜蘑菇肉片汤
274,菊花黄鱼羹
275,山药茯苓果仁包
276,海带炖豆腐
277,奶油南瓜粥
278,柠檬鸡片
279,桂圆粥
280,柳橙风味白鱼肉
281,香蕉炒虾仁
282,荔枝汁
283,鲮鱼罐头
284,鸭肝浓香粥
285,荸荠炒冬菇
286,枣（鲜）
287,天麻鱼头粥
288,鸡血
289,使君子蒸猪瘦肉
290,杏仁白肺汤
291,冬瓜蒸饺
292,干豆腐拌黄瓜
293,牛肚粥
294,绿豆芽
295,拔丝空心小枣
296,炝冬笋油菜
297,子姜鸭脯
298,黑白木耳炖猪心
299,带鱼
300,莼菜羹
301,银耳芦笋
302,糖醋鲈鱼
303,百合鸡蛋黄汤
304,银耳甜蛋汤
305,煎藕饼
306,腊鸭肝(豉鸭肝)
307,鹌鹑红豆粥
308,海带粳米粥
309,强健骨骼豆腐丝瓜汤
310,豆浆南瓜汤
311,黄瓜饺
312,鸡肉蛋花木耳汤
313,油菜拌猪肝
314,果汁冻
315,龙眼莲藕汤
316,花芋烧猪蹄
317,荔枝带鱼
318,凉拌猪肝
319,菊花核桃粥
320,豆蔻牛奶饮
321,冬瓜汤
322,番茄焖青豆
323,绿豆茶叶冰糖汤
324,糖醋蛋酪
325,鸭梨粥
326,金针菇油菜猪心汤
327,人参石膏鸡肉汤
328,桃仁炒香菇
329,牛奶麦片蜜枣粥
330,菠菜汤
331,砂仁鲫鱼
332,葱油胡萝卜丝
333,清蒸酸梅鱼
334,鸡蛋木耳粥
335,蘑菇鸡丝蛋花汤
336,香菇炖甲鱼
337,高粱米糕
338,附子粥
339,芡实米（鲜）
340,香椿鲐鱼
341,猪腰薏仁粥
342,牡蛎豆腐汤
343,芪杞鸽
344,板栗焖鸡腿
345,蘑菇玉兰片汤
346,冬菇菱角
347,瑶柱生菜白菜汤
348,胡萝卜泥汤
349,银花薄荷饮
350,小米面蜂糕
351,虾仁生菜
352,莼菜虾羹汤
353,盐渍油菜薹
354,雪菜黄豆炖鲈鱼
355,洋葱牛肉卷
356,山药牛蒡汁
357,烩鸡翅
358,芹菜炒鸡蛋
359,山楂决明荷叶瘦肉汤
360,炖猪腰
361,香椿
362,生菜包肉
363,茄子沙拉
364,小黄瓜凉拌面
365,茉莉花茶鸡片汤
366,马蹄鸡肉饺
367,冬瓜肉末羹
368,蒜子山瑞煲
369,豆腐
370,薄荷莲子羹
371,百合虾片
372,羊肉粥
373,番茄蕨菜绣球
374,桂圆肉蒸蛋
375,冬虫草米粥
376,荸荠萝卜粥
377,肉丁黄豆汤
378,韭菜老豆腐
379,驴肉粥
380,鲜柠檬汁
381,大白菜(白梗)
382,绿豆薏仁海带汤
383,椰子饺
384,水煮魔芋
385,丝瓜毛豆子
386,黄瓜盅
387,鲜菇炒菜花
388,猕猴桃香蕉奶酪汁
389,灵芝银耳茶
390,制首乌黑豆粥
391,冰糖绿豆苋菜粥
392,牛奶花椰菜泥
393,木耳排骨白菜
394,茄汁鲢鱼
395,小龙虾
396,杞子南枣煲鸡蛋
397,凉拌野菊花
398,一品南乳肉
399,猪肚
400,黄豆排骨汤
401,瓜条拌藕片
402,冬瓜炖鲤鱼
403,苦瓜芡实羹
404,黑木耳大枣汤
405,水萝卜拌菠菜
406,胡萝卜干贝羹
407,溜炒白萝卜
408,鲫鱼平菇汤
409,猪蹄当归粥
410,山楂煮鸡翅
411,麦冬山楂炖甲鱼
412,油菜粥
413,莼菜粥
414,豆腐皮春卷
415,鸡
416,菜煎饼
417,西米苹果粥
418,豆芽海带炖鲫鱼
419,清汤香菇甲鱼
420,咸蛋苦瓜
421,淡菜（干）
422,蚝豉
423,红薯粥
424,银耳拌山楂
425,油辣菜花
426,黄豆芽烧豆泡
427,煎猪肝
428,灌汤包子
429,百合二仁红枣蜜
430,泡打粉
431,芝麻炸鸡肝
432,菊花藕羹
433,豌豆菜饭
434,清田鸡腿
435,黑豆黄芪红枣牛肉汤
436,白灼基围虾
437,柠檬醋煎南瓜饼
438,柠檬炖乳鸽
439,西芹洋葱黄豆番茄汤
440,香菜拌水萝卜
441,菠菜蛋皮
442,荸荠蒸肉饼
443,肉丁烫面饼
444,长生果粥
445,柴胡白术炖乌龟
446,蜂蜜香油汤
447,黄花鱼瘦肉汤
448,鸭梨西米露
449,桂圆阿胶红枣粥
450,虫草人参炖乌鸡
451,小麦粥
452,糖拌菜花
453,木瓜生姜蜂蜜粥
454,豆腐干拌荠菜
455,紫菜猴头清汤
456,圆白菜炒粉丝
457,萝卜粳米粥
458,萝卜牛肉蒸饺
459,荠菜荸荠汤
460,奶汤干贝菜花
461,豆仁饭
462,素烧白萝卜
463,肉炖芸豆粉条
464,西瓜
465,干烧四季豆
466,桂圆栗子粥
467,肉末南瓜
468,胡萝卜烧羊肉
469,鲫鱼炖羊肉
470,芥蓝牛肉
471,豆豉鲮鱼油麦菜
472,荠菜萝卜汁
473,红枣煲栗子
474,牛筋花生汤
475,干烧加吉鱼
476,鸡肉烩鱼丝
477,炖白鲢鱼
478,冬瓜薏米煲鸭
479,凤尾明虾
480,肉粒萝卜干粥
481,黄豆芽拌海带
482,猪肝白菜汤
483,荔枝虾仁
484,墨鱼鸡肉饮
485,香菇素包
486,菠菜松
487,酸菜炖鲫鱼
488,竹笋焖肉
489,赤豆鹌鹑羹
490,清烩虾仁
491,鲜冬笋拌鸡丝
492,水晶鹌鹑蛋
493,虾仁青豆炒饭
494,雪花银鱼
495,花生萝卜干
496,海蟹
497,肉苁蓉羹
498,竹笋香菇汤
499,雪梨仙人掌
500,番茄菠萝汁
501,虾米冬瓜火腿鸭汤
502,腊八粥
503,绿豆薏仁汤
504,花生仁（炸）
505,黄鳝焖饭
506,银耳乌龙汤
507,芙蓉鸡蛋
508,蘑菇猪瘦肉汤
509,海米木耳烧冬瓜
510,毛豆炒豆干
511,蛇蜕炒鸡蛋
512,紫菜鸡蛋莲草汤
513,冰糖玉米羹
514,猪心莲子汤
515,冬瓜赤豆汤
516,肉末蛋羹
517,芥菜鸡蛋汤
518,黑豆酿梨
519,奶油腐竹香菇
520,拔丝白果
521,红豆花生粥
522,蛏子炒鸡蛋
523,茉莉花粥
524,莲藕发菜红豆汤
525,三丝瓜羹
526,核桃芡实粥
527,山药炖猪蹄
528,素烧茄子
529,川贝炖雪梨
530,鲜肉锅贴
531,蛋炒菜花
532,蔬香牛肉羹
533,凉拌海米芹菜
534,花生菠菜粥
535,鱼香荷兰豆
536,海鱼汤
537,牛肉芹菜包
538,番茄牛肉
539,萝卜虾汤
540,川贝酿梨
541,莲子猪心汤
542,哈密瓜香蕉汁
543,芥菜(小叶)
544,黄芪蒸鹌鹑
545,清炒红菜苔
546,百合绿豆粥
547,鲜菠菜水
548,发菜瘦肉粥
549,西芹牛肉羹
550,鸡肉蘑菇汤
551,灵芝三七瘦肉汤
552,八宝莲子粥
553,砂锅白菜猪肉丸子
554,黄花木耳猪蹄汤
555,山楂肉干
556,附片羊肉汤
557,牛肉(肥瘦)
558,冬笋海参羹
559,冰花鸡蛋球
560,白术陈皮鲈鱼汤
561,夜明砂蒸猪肝
562,地黄鸡
563,烩豆腐三白
564,椒盐白菜
565,山药乳鸽
566,鲫鱼陈皮枸杞菜
567,番茄芹菜汁
568,鸡蛋布丁
569,槐花饮
570,菜花沙拉
571,荠菜黑豆粥
572,鸡翅
573,车前叶苋菜粥
574,芋头糕
575,红枣银耳粥
576,猪心
577,猪血粥
578,红烧牛肉面
579,油炸菜花
580,芹菜拌腐竹
581,枸杞山药蛋煲瘦肉
582,地瓜牛奶
583,竹笋
584,土豆粥
585,酱西瓜皮
586,黄瓜粳米粥
587,蟹柳豆腐粥
588,清明菜糯米饭
589,胡萝卜荸荠汤
590,栗子山楂羹
591,雏鸽
592,肉丝茭白
593,黄瓜拌猪肝
594,莲藕煲猪腿肉
595,清蒸大龙虾
596,面包托煎蛋
597,西米银耳羹
598,鲢鱼丝瓜汤
599,核桃鸽蛋
600,干贝萝卜汤
601,豆沙晶饼
602,枸杞叶猪肝汤
603,海带炒肉
604,桔梗花生米
605,茄子
606,虾皮
607,番茄马铃薯汤
608,咸肉
609,干拌牛肚
610,荷兰豆饺
611,西红柿莴笋
612,羊肥肠(大肠)
613,羊肉枸杞汤
614,鲜虾芦笋
615,金银花黄瓜肉片汤
616,卤汁豆腐
617,红烧鳕鱼
618,蘑菇瘦肉汤
619,雪梨豆腐蛋花汤
620,香菇桃仁
621,阿胶糯米粥
622,鸭心
623,酿羊肚菌
624,桑葚饮
625,辣油黄瓜
626,菠菜鸡蛋肉丝汤
627,拌虾皮豆腐
628,排骨头莲子芡实汤
629,菜花肉饼
630,冬瓜荷叶瘦肉汤
631,蚝豉煲猪腱汤
632,大麦羊肉汤
633,红枣黑豆炖鲤鱼
634,红油竹笋
635,枇杷粥
636,素烧四季豆
637,豆苗炒鸡丝
638,猪肋条肉（五花肉）
639,百合双耳鸡蛋羹
640,苦瓜排骨汤
641,三鲜鳝鱼汤
642,何首乌粥
643,鸡肉炖肉丸
644,猪肺
645,豌豆苗
646,鳝鱼竹笋汤
647,鹿茸炖鸡
648,拌麻辣黄瓜
649,桑葚（紫、红）
650,泡黄瓜
651,椒麻白肉
652,豆豉薤白粥
653,薏米
654,拉面
655,鲜乳粥
656,杏仁瘦肉汤
657,素炒西兰花
658,新藕肉汤
659,腐竹银杏西米露
660,香椿炒鸡蛋
661,淡菜汤
662,黑米埋珍珠
663,猴头菇炒菜心
664,蜂蜜萝卜汁
665,芝麻豆腐块
666,薄荷绿豆汤
667,可乐鸡翅
668,拌小白菜
669,马兰炖猪肉
670,青豌豆浆汤
671,双菇番茄黄瓜紫菜汤
672,芹菜拌烤鸭丝
673,八珍豆腐盒
674,猪肉枸杞汤
675,鲫鱼豆腐汤
676,蛋黄泥
677,五香麦片粥
678,番茄羊肉汤
679,炒芙蓉大虾
680,绿豆南瓜盅
681,大麦薏仁茯苓粥
682,回锅鲫鱼
683,蚝油扇贝
684,青豆虾仁
685,饭豇豆粥
686,山药汤
687,墨鱼陈皮瘦肉粥
688,拌丝瓜
689,素炒菠菜
690,蒸猪蹄筋
691,炝花生米
692,猪肚粥
693,猪排骨炖洋葱
694,金针苋菜
695,栗子鸡翅
696,龙须面
697,茴香
698,鸡蛋羊肉面
699,木耳莴苣
700,野菊炒肉片
701,土豆拌海带丝
702,菠菜拌豆干
703,芦笋玉米番茄汤
704,南瓜壳
705,滋补鲫鱼煲
706,酸菜芋头汤
707,荞麦面条
708,酱甜黄瓜
709,百合白果牛肉羹
710,云耳枸杞蘑菇夜香花汤
711,扁豆瘦肉汤
712,香蕉海鲜卷
713,培根
714,金针泡蛋汤
715,猫肉
716,菊花茄子
717,扒栗子白菜
718,牛排盖饭
719,糖醋菜花
720,丝瓜豆腐瘦肉汤
721,桑枝鸡内金瘦肉汤
722,鹿肉
723,海带卷
724,首乌百合粥
725,木耳大枣粥
726,椰菜花生鸡脚汤
727,菊楂决明饮
728,红枣山药粥
729,番茄三素
730,蛋丝烧肉炒饭
731,冬瓜滚田鸡汤
732,香瓜菜
733,白菜炖猪骨汤
734,蚌肉冬瓜汤
735,小麦面粉
736,荔枝粥
737,枸杞甲鱼
738,玫瑰花茶
739,绿豆薏苡仁汤
740,咸鸭蛋
741,腌韭菜花
742,猪骨腐竹粥
743,干煸豇豆
744,红豆沙
745,火腿冬笋鳝鱼汤
746,猪脾
747,紫菜虾皮汤
748,蘑菇冬瓜汤
749,花豆腐生菜瘦肉汤
750,杞子叶炒猪心
751,烧四季豆
752,小枣窝头
753,茅根竹蔗薏米水
754,奶油胡萝卜
755,拌肚丝白菜
756,白果烧鸡
757,五香猪肉干
758,啤酒
759,沙丁鱼煲
760,熟地瑶柱牛骨汤
761,鸭骨玉兰片汤
762,鲜莲西瓜盅
763,菠萝水果冻
764,金华火腿
765,鸡血藤煲鸡蛋
766,水晶猕猴桃
767,奶酪干
768,椒油芦笋
769,芦笋蛋黄羹
770,枸杞蒸甲鱼
771,芝麻杞子乌鸡汤
772,萝卜枸杞玉米粥
773,山药桂圆粥
774,花生杏仁粥
775,苹果生菜酸奶汁
776,萝卜糕
777,五豆补益糙米粥
778,马兰头菜粥
779,酥皮香蕉
780,橘子凉拌蔬菜
781,腊肉(生)
782,猪脑鱼云羹
783,炒香干菠菜
784,鱼蓉菠菜粥
785,胡萝卜炒猪肝
786,枸杞核桃粥
787,甘薯藕粉羹
788,柏子仁鸡心
789,清炖水鱼
790,芝麻南瓜饼
791,芦荟苹果汁
792,清甜莲子
793,豌豆瘦肉粥
794,蘑菇木耳饺
795,烧菠菜
796,黄豆芽炖豆腐
797,鲜香菇煮豆腐
798,鸡蛋煎茄子
799,蘑烧冬瓜
800,甜杏仁
801,大豆芽冬菇脚腐皮汤
802,海蜇羹
803,羊肉(瘦)
804,滋补乌骨鸡
805,红枣银耳木耳猪腱汤
806,猪肝泥
807,番茄西米粥
808,西葫芦盅
809,青豆鱼头汤
810,什菜面
811,清蒸合页鱼
812,杞子炖羊脑
813,飘香四季豆
814,蟹肉虾仁羹
815,紫米薏仁粥
816,牛奶菠菜粥
817,脆爆海带
818,茄子海米汤
819,南瓜团子
820,耙子萝卜鹌鹑汤
821,铁排青鱼
822,煎猪腰子串
823,土茯苓猪骨汤
824,凉拌苦瓜丝
825,虾米芋头粥
826,萝卜拌菜花
827,青鱼甩水
828,山药茶
829,蘑菇木耳西兰花腐竹汤
830,莲子红豆沙
831,鸡肝
832,葡萄干粥
833,奶油菜花
834,红焖螃蟹
835,莲子桂圆汤
836,草莓柚奶汁
837,鹌鹑蛋汤
838,雪梨莲藕汁
839,酿冬瓜
840,芦笋三素
841,黄芪桂皮鲈鱼汤
842,栗子鸽肉煲
843,莲藕黄豆排骨汤
844,木耳肉片汤
845,鱼香油菜心
846,羊肉炖柿子
847,橘味海带丝
848,开水白菜
849,椒盐腌白菜
850,海参火锅
851,何首乌红枣粥
852,香蕉葡萄干牛奶
853,豆腐紫菜兔肉汤
854,栀子粥
855,胡桃龙眼鸡丁
856,香炒苋菜
857,苹果玉米豆粉羹
858,凤梨墨鱼
859,糯米粉粥
860,阿胶麦冬粥
861,花卷鱿鱼
862,贵妃鸡翅
863,蘑菇鸡
864,黄瓜炒猪肝
865,西湖牛肉羹
866,参芪鲤鱼
867,油麦菜
868,凤梨山楂汤
869,杏仁苹果豆腐羹
870,红烧菜花
871,芪蒸鹌鹑
872,香肥带鱼
873,鸭蛋豆腐
874,芝麻酱菜
875,猪肉鸭蛋汤
876,生枣花生红糖汤
877,素炒苦瓜
878,冬瓜鲤鱼汤
879,蟹黄豆腐
880,当归沙参乌鸡汤
881,烧肉蛋包饭
882,当归首乌鸡肉汤
883,腐竹拌菠菜
884,油菜金针菇
885,茄子腐竹汤
886,香汁茄子
887,紫菜色拉卷
888,芹菜益母汤
889,辣椒(青、尖)
890,火腿海参木耳排骨汤
891,砂仁鳝鱼丝
892,黄瓜拌白肉
893,干腌菜
894,栗子大枣炖母鸡
895,黑豆莲藕鸡汤
896,青椒绿豆芽
897,番茄大豆芽草菇豆腐汤
898,蜜饯山楂
899,煮豆泡
900,白萝卜浓汤
901,山药萝卜粥
902,荷叶软蒸鱼
903,益母草红枣瘦肉汤
904,香菇肉圆
905,枣莲三宝粥
906,当归花草汤
907,芹菜蜜汁
908,白果麦片粥
909,西红柿炖鲅鱼
910,红萝卜紫菜合掌瓜汤
911,猪心当归汤
912,口袋豆腐汤
913,白果百合炒桂圆
914,糯米花生麦粥
915,苦参鸡蛋
916,熏猪肉
917,松花蛋拌青椒
918,葱油苦瓜
919,菠萝麻茸鸽蛋
920,五味花生
921,绿豆芽拌海带
922,海蜇猪骨汤
923,鹌鹑粥
924,白扁豆粳米粥
925,豆薯小米粥
926,红白豆腐羹
927,冬菇云耳丝瓜豆腐汤
928,醋梨
929,蘑菇烩蛋白
930,鸽蛋圆子
931,菠菜双蛋羹
932,草菇汤
933,茉莉竹荪汤
934,清炒绿菜花
935,白果包
936,山药羊肉粥
937,蟹汁蒸鲈鱼
938,烧豆腐丸汤
939,鸡蛋银耳羹
940,奶香蘑菇
941,干丝黄豆芽汤
942,墨鱼炖桃仁
943,清蒸山药炉鸭
944,鱼粥
945,白菜心拌海蜇皮
946,炒麦芽肉片汤
947,莴苣叶煎蛋汤
948,宫爆墨鱼仔
949,夹沙香蕉
950,香菇（干）
951,桂圆牛肉汤
952,芥茉拌菜花
953,猪肺杏仁白菜汤
954,清蒸鸡蛋羹
955,杭式牛肉羹
956,芝麻蒜苔
957,香菜拌豆芽
958,菜花泥子汤
959,番茄苹果芝麻蜜
960,芝麻酱拌粉丝
961,鸭骨
962,丝瓜饺
963,鸡肉白薯粥
964,香拌菜花
965,海蜇马蹄汤
966,五香芹菜豆
967,琉璃山药
968,滑熘平菇
969,冬瓜粥
970,酸甜菜花
971,菠萝明虾片
972,黑豆
973,猪肉炖茄子
974,蘑菇鸭块汤
975,菜心烧牛蹄筋
976,木耳菜
977,丝瓜银耳虾羹
978,珧柱冬瓜炖田鸡
979,山药扁豆粥
980,菊花白菜
981,乌梅茵陈蜜露
982,雪菜炒黄豆芽
983,健胃大豆芽肉片汤
984,车前草炖猪小肚
985,桂圆童子鸡
986,糟蒸鸭肝
987,奶香蘑菇汤
988,桂花馒头
989,海带炖排骨
990,鸽蛋粥
991,荠菜家常饼
992,炖鸡蛋蹄子
993,茼蒿
994,紫沙果美肤汁
995,麻油拌菠菜芹菜
996,黄瓜拌鱿鱼
997,小米枣仁粥
998,紫菜豆腐羹
999,仙枣赤豆粥
1000,洋参鸡肉汤
1001,羊肝胡萝卜粥
1002,护国菜
1003,松子全鱼
1004,三色白菜卷
1005,卷心菜菠萝汁
1006,当归猪心汤
1007,苹果银耳煲鸭肾汤
1008,白扁豆
1009,蜜汁糯米藕
1010,豆腐熬海带
1011,桂圆糯米粥
1012,酱汁茭白
1013,青葱
1014,黄芪煲鹌鹑
1015,柠檬乳鸽汤
1016,冰糖五彩玉米羹
1017,海参炖鲍鱼
1018,麻酱白菜心
1019,西红柿萝卜汤
1020,猪脾粥
1021,鲤鱼阿胶粥
1022,蜜饯胡萝卜粥
1023,糖水百合汤
1024,卤汁黄豆
1025,香菇（鲜）
1026,蒜茸野菊花
1027,杭州白切羊肉
1028,猕猴桃苡仁粥
1029,绿菜花金针菇
1030,葱香菱角
1031,豆腐素蒸包
1032,茯苓包子
1033,红烧鱼肉
1034,参枣炖蘑菇
1035,腌雪里蕻
1036,淡菜(鲜)
1037,小米蛋奶粥
1038,萝卜香菇豆苗汤
1039,酸菜豌豆汤
1040,清蒸茄子
1041,人参杞子粥
1042,莲子茶
1043,韭菜杂烩粥
1044,芝麻贡菜
1045,海参煲鸡汤
1046,番茄羊排粥
1047,油菜腐丝
1048,半边莲鲫鱼汤
1049,海狗
1050,海虾豆腐
1051,番茄草莓汁
1052,松子粥
1053,木耳黄瓜
1054,当归益母草蛋
1055,软酥鸡爪
1056,川芎白芷炖鱼头
1057,木耳炒豆腐皮
1058,蛏子
1059,山药炖羊肚
1060,砂锅甲鱼汤
1061,归芪蒸鸡
1062,海带炖鲫鱼
1063,枣（干）
1064,猪血
1065,黑木耳炒猪肝片
1066,菊花茶粥
1067,首乌粥
1068,豆腐脑素三鲜
1069,莲藕山药汤
1070,黄豆芽豆腐汤
1071,罗汉果
1072,鳕鱼拌腐皮丝
1073,银耳杏仁汤
1074,冬瓜鳢鱼汤
1075,猪肚鸡脯羹
1076,五香蒜苔
1077,羊肉萝卜粥
1078,白醋鸡蛋
1079,胡萝卜炒青笋
1080,香菇洋白菜
1081,番茄荸荠饮
1082,砂锅鸡肉莲藕汤
1083,滑蛋牛肉
1084,金针木耳猪肝汤
1085,芹菜炒蛋
1086,嫩豇豆汤
1087,花生芝麻糊
1088,葱香豌豆汤
1089,北芪参枣生鱼汤
1090,毛豆炒豆腐
1091,鸡肝粥
1092,清煨玉米笋
1093,荷叶粉蒸牛肉
1094,生菜大明虾
1095,海米拌圆白菜
1096,干炒牛肉丝
1097,香菇扒菜心
1098,猪网油
1099,竹笋沙拉
1100,菠菜洋葱牛奶羹
1101,燕窝瘦肉汤
1102,香菇茯苓粥
1103,番茄玫瑰汁
1104,盐水大葱
1105,油焖茄子
1106,泡椒
1107,珊瑚菜花
1108,炝炒西兰花
1109,百合花鸡蛋羹
1110,豆腐香菇蛋花汤
1111,枸杞炖乌骨鸡
1112,浇汁苹果豆腐
1113,松子仁烧香菇
1114,紫苏粥
1115,薏米汤
1116,丝瓜蛋汤
1117,羊肝
1118,西米甜瓜粥
1119,砂仁粥
1120,香菇豆苗
1121,什锦果冻
1122,发菜鱼片芫荽汤
1123,明珠甲鱼
1124,玫瑰香粥
1125,青豆
1126,扁豆糕
1127,芸豆
1128,栗子布丁
1129,绵茵陈粥
1130,西米
1131,冬菜苦瓜
1132,佛手白菜
1133,芥末拌白菜
1134,豆腐菜远牛肉汤
1135,薏仁党参粥
1136,糖醋草鱼
1137,百合绿豆沙羹
1138,黄豆小米粥
1139,鲜虾肉泥
1140,麦冬小麦粥
1141,虾米拌圆白菜
1142,粟米香菇排骨汤
1143,木耳(水发)
1144,黄芽白蚝豉豆腐瘦肉汤
1145,羊血
1146,酸白菜
1147,糯米莲藕
1148,火鸡肝
1149,小米面
1150,甜石榴西米粥
1151,卤味鲜海带
1152,香菇苦瓜
1153,豆腐皮粥
1154,黄瓜海蜇
1155,茶叶
1156,鸡胸肉拌菠菜
1157,鸡油菌豆腐
1158,章鱼
1159,绿豆海带粥
1160,鲜菇烧豆腐
1161,五彩藕丁
1162,乌鱼木瓜汤
1163,青豌豆拌土豆泥
1164,鳕鱼花生猪骨汤
1165,荠菜黄豆粥
1166,清汤白菜卷
1167,天麻甲鱼汤
1168,西兰花素鸡马蹄冬菇汤
1169,归参鳝鱼羹
1170,卤汁香菇
1171,豆腐烧油菜
1172,百合糖粥
1173,塘葛菜马齿苋汤
1174,凉拌芦笋
1175,鲜百合冬菇西兰花汤
1176,清明菜炒鸡蛋
1177,山药饼
1178,红烧鲶鱼段
1179,干焖对虾
1180,果酱蛋卷
1181,干贝米饭
1182,冬菇苋菜汤
1183,鸭
1184,西汁素鸡腿
1185,甲鱼粥
1186,鸭肉
1187,冬瓜白饭鱼瘦肉蚝豉汤
1188,香干炒芹菜
1189,银耳炖鸽蛋
1190,玉米酱番茄羹
1191,炒苋菜
1192,春笋鸡片
1193,香甜玉米饼
1194,红烧狗肉
1195,荠菜
1196,茄子肉丁
1197,猕猴桃
1198,豆皮饭
1199,清蒸石斑鱼
1200,肉末煎茄子
1201,红花
1202,凤尾菇扒蛋
1203,虾皮豆腐炒蛋
1204,绿豆芽炒菠菜
1205,打碗花豆腐海米汤
1206,鸭翅
1207,苡米鸡汤
1208,虾仁馄饨
1209,花生牛排
1210,醋溜黄瓜
1211,银耳参枣羹
1212,干贝番茄汤
1213,金针菇炒银杏
1214,枸杞蒸蛋
1215,花生焖腐竹
1216,野葱
1217,绿豆杂面条
1218,海带瘦肉粥
1219,八宝粥
1220,茵陈淡竹叶粥
1221,番茄马蹄(2)
1222,桔梗粥
1223,蒸芸豆丸子
1224,生鱼红枣汤
1225,小黄瓜西瓜汁
1226,温养脾胃带鱼汤
1227,苦菜粥
1228,香菇冬瓜蒸饺
1229,洋葱
1230,清汤馄饨
1231,肉丸扒油菜
1232,猪肉水饺
1233,草莓柠檬汁
1234,荷叶饼
1235,桃仁红枣粥
1236,水晶莲子
1237,石榴
1238,春笋
1239,猪心粥
1240,参枣粥
1241,番茄菜花
1242,党参粥
1243,燕麦片
1244,萝卜
1245,清蒸葡萄枸杞子
1246,清润白菜鱼片汤
1247,豇豆烧肉
1248,芋头煮肉丸
1249,扁豆炒山药
1250,核桃仁豌豆羹
1251,红烧猪大肠
1252,茯苓柚子饮
1253,珍珠笋番茄蘑菇汤
1254,百合鸡丝
1255,火腿
1256,海带苡仁蛋汤
1257,南瓜蒸肉
1258,胡萝卜猪肝汤
1259,二花粥
1260,粟子粥
1261,珍珠三鲜汤
1262,泽泻茯苓鸡
1263,荔枝鸭粥
1264,鲜翠荷兰豆烧肉
1265,红花黑豆鲶鱼汤
1266,银鱼羊肉粥
1267,鱼腥草炒鸡蛋
1268,当归粥
1269,肉卤鸡蛋
1270,扁豆小米粥
1271,绿豆豆沙包
1272,柠檬汁拌水果
1273,圆肉乌豆煲羊心
1274,玉米蘑菇糊
1275,金银蛋浸丝瓜
1276,蜜枣薏米煲
1277,松散蜂窝鸡蛋
1278,圆白菜炒小虾
1279,水晶蜜桔
1280,油豆腐炒小白菜
1281,牡蛎(鲜)
1282,日式鸡肉泡粥
1283,熘苹果
1284,火腿冬瓜汤
1285,米须芽菜猪红汤
1286,五谷糙米粥
1287,金银豆腐
1288,马兰头拌冬笋
1289,猪肉(瘦)
1290,芹菜丝拌土豆
1291,芦荟蜜
1292,烧猪肝
1293,芝麻拌白菜丁
1294,凉拌芹菜叶
1295,豆腐海鲜汤
1296,山楂糕
1297,白菜虾仁面汤
1298,清蒸甲鱼
1299,赤小豆山药粥
1300,蒜苔
1301,鸭架栗子白菜汤
1302,红油莲藕片
1303,芹菜金菇竹笋汤
1304,黑芝麻红枣粥
1305,烧饼夹肉
1306,香菇烧油菜
1307,金橘柠檬汁
1308,淡菜荠菜汤
1309,鲜蘑菇豆腐汤
1310,肉松面包卷
1311,炒山核桃
1312,大白菜饺
1313,黄瓜拌肚丝
1314,大蒜银花茶
1315,鲐鱼
1316,豆苗蘑菇汤
1317,陈皮牛肉丝
1318,蘑菇炒绿豆芽
1319,天麻补脑汤
1320,苎麻根鸡肉汤
1321,木瓜蛋奶汁
1322,马齿苋炒鸡蛋
1323,羊肉菠菜汤
1324,黄米面油糕
1325,四季豆
1326,大白菜(小白口)
1327,冬瓜粒杂锦汤
1328,毛豆炒蛋
1329,炝圆白菜
1330,紫菜粥
1331,炒花生
1332,油焖黄豆
1333,茄子盅
1334,清汤蛋饺
1335,猪肉大葱锅贴
1336,鸡肠
1337,番茄鱼肉末
1338,罗汉果金银菜柿饼汤
1339,猪头肉
1340,薏仁鸭肉煲
1341,韭菜炒鲜虾
1342,蛤蜊
1343,知了白菜
1344,什锦猪肉菜末
1345,枸杞子牛肝汤
1346,当归羊肉羹
1347,蛋糕
1348,枸杞叶芹菜鱼片汤
1349,炖鸭骨架汤
1350,氽苦瓜豆腐汤
1351,泥蚶
1352,黄油菜花
1353,嫩三丝黄瓜卷
1354,枸杞叶猪腰汤
1355,小米羊肉粥
1356,荠菜猪肝汤
1357,红白萝卜汤
1358,咸蛋蒸猪肉
1359,猪肉冬瓜水饺
1360,洋葱拌蚕豆
1361,椒麻茄丝
1362,三丝苋菜
1363,川贝杏仁蒸雪梨
1364,红枣煲牛蹄筋
1365,白菜仔滚鱼片汤
1366,凉拌茄子
1367,豆腐乳粥
1368,眉豆煲猪手汤
1369,菜瓜
1370,冬瓜菠萝羹
1371,珍珠菜花汤
1372,干炒苦瓜
1373,水果蛋糕
1374,凉拌木耳菜
1375,黑豆汁
1376,黑芝麻果仁粥
1377,银耳百合粥
1378,合欢花蒸猪肝
1379,豆腐鸡蛋锅贴
1380,虾仁鸡丝菠菜汤
1381,黄芪鲫鱼火锅
1382,鲈鱼五味子汤
1383,冬菇椰菜豆腐粉丝汤
1384,粉丝鳝鱼
1385,山药杏仁粥
1386,百合花生汤
1387,川芎当归羊肉汤
1388,人参茶
1389,杜仲猪腰
1390,香菜粥
1391,炒番茄鸡蛋汤
1392,芹菜粥
1393,香椿炒蛋
1394,绿豆芽拌粉皮
1395,槐花猪肚汤
1396,桃花鳜鱼
1397,薏米鸭肉冬瓜海参汤
1398,红烧五花肉
1399,拌生菜
1400,荠菜百合粥
1401,蘑菇炖鸡
1402,薇菜烧猪肉
1403,酱苹果
1404,荸荠豆浆
1405,肉丝炒四季豆
1406,荠菜包
1407,黄芪鸡汁粥
1408,红糖生姜汁
1409,首炖排骨
1410,乌龟肉煲猪肚
1411,猪肉丸子汤
1412,金针菇水饺
1413,大葱
1414,猪肝拌黄瓜
1415,炖青鱼
1416,炖鸡翅
1417,鱼肉鸡蛋汤
1418,鸡蛋面丝汤
1419,白茅根瘦肉汤
1420,炝苦瓜
1421,鲍鱼生菜
1422,牛奶椰汁
1423,海白菜
1424,竹笋鲫鱼汤
1425,糖醋鱼脯
1426,百香木瓜
1427,荠菜炒鸡丁
1428,炒脆藕
1429,虫草玉竹甲鱼汤
1430,芝麻核桃蜜
1431,胡萝卜生鱼汤
1432,西芹炒杏仁
1433,桂花莲子羹
1434,鲫鱼菠菜豆腐汤
1435,麦芽山楂饮
1436,桑寄生老母鸡汤
1437,蜜汁蒸山药
1438,番茄牛茸羹
1439,玉米粥
1440,豌豆烧茄子
1441,熏青豆
1442,薏米炖里脊
1443,海参粥
1444,菊花卷
1445,山药葡萄粥
1446,虾球粥
1447,百合参耳汤
1448,鸳鸯河虾
1449,山药鳝糊
1450,红煨猪排
1451,鸭血鲫鱼粥
1452,奶汤炖鲈鱼
1453,鸽子益肾汤
1454,蟹肉饭
1455,泥鳅木耳竹笋汤
1456,黄芪乌骨鸡
1457,荸荠粉
1458,鸡蛋里脊扒
1459,砂锅鸡肉冬瓜汤
1460,清炖甲鱼
1461,红枣炖猪肉
1462,火腿珍珠银耳羹
1463,莲藕章鱼煲猪肉
1464,生菜鲮鱼球汤
1465,蘑菇烧冬瓜
1466,鱼腥草
1467,牛肉灌汤蒸饺
1468,花生红枣粥
1469,毛豆番茄豆腐汤
1470,豆腐海带汤
1471,枸杞煮鸡蛋
1472,脆炸牛奶
1473,青椒苦瓜
1474,狗肉汤
1475,炝西兰花
1476,口蘑烧扁豆
1477,丝瓜炖豆腐
1478,桔汁白菜
1479,女贞子蜂蜜饮
1480,雪菜青豆韭菜豆腐汤
1481,苋菜豆腐羹
1482,奶油菜花色拉
1483,扁豆泥
1484,绿茶番茄汤
1485,瓜皮蚕豆汤
1486,黄芪乌鸡汤
1487,酱牛蹄筋
1488,牛奶杏仁粥
1489,猴头菇饺
1490,胡萝卜咸粥
1491,黄瓜猪肉羹
1492,豆腐泡大豆芽发菜汤
1493,土豆烧牛肉
1494,猕猴桃西米粥
1495,龙须汤
1496,泥鳅鱼茸粥
1497,参芪粥
1498,蜂蜜马齿苋汁
1499,杏鲍菇
1500,赤砂糖
1501,番茄煮牛肉
1502,扁豆烧冬笋
1503,油拌芹菜
1504,何首乌煮鸡蛋
1505,什锦茄子
1506,翡翠莲藕片
1507,鱼肉
1508,苦瓜瘦肉汤
1509,香炖羊肉
1510,生煸黄花菜
1511,南瓜奶汤
1512,酸辣乌鱼蛋汤
1513,水果奶蛋羹
1514,鸡茸大白菜心
1515,香油柿子椒
1516,芹菜包子
1517,雪菜水饺
1518,田七红花煮鸽蛋
1519,软熘鲤鱼
1520,五花肉花生粥
1521,荞菜炒肉丝
1522,黑豆鲤鱼汤
1523,胡萝卜香蕉汁
1524,双宝糙米乳
1525,苎麻根鲈鱼汤
1526,炒丝瓜
1527,莲藕
1528,冬瓜鸭粥
1529,牛奶窝蛋莲子汤
1530,双红排骨汤
1531,大豆芽菜蚬肉汤
1532,红烧酿草鱼
1533,肥膘肉
1534,黄花菜炒木耳
1535,大麦汤
1536,青萝卜煲鸭汤
1537,紫苏麻仁粥
1538,小白菜氽丸子
1539,枸杞虾仁
1540,五彩鸡肉粒
1541,芦笋青鱼丝
1542,虫草烩番茄
1543,荷叶豆腐
1544,鱼香青豆
1545,冻豆腐
1546,焦米粥
1547,黄瓜拌香菜
1548,鱼肉酸菜豆腐汤
1549,油皮
1550,海米拌海蜇丝
1551,菱角薏仁粥
1552,烧冬瓜
1553,红萝卜鲜木耳豆腐汤
1554,菠萝双瓜
1555,鱼肉酿冬菇
1556,家常鳝鱼
1557,泡莲藕
1558,芹菜炒鸡蛋虾仁
1559,松仁炒鸽肉
1560,宫保魔芋豆腐
1561,百合拌金针菇
1562,玉米面饼子
1563,甜藕粥
1564,冬菇松子
1565,蛋黄粥
1566,党参田七炖鸡
1567,油酥桂花饼
1568,荸荠山楂糕
1569,鸡蛋黄花汤
1570,清拌茄子
1571,冬笋拌油菜
1572,干贝冬瓜
1573,香菇鸡粒粥
1574,水果拌豆腐
1575,糯米粥
1576,百合薏米绿豆粥
1577,粉丝海带
1578,柠檬蒸鸡
1579,豆豉炒茄子
1580,蔬菜杂烩粥
1581,芥蓝头炒虾仁
1582,萝卜生姜大枣蜂蜜饮
1583,罗汉果雪耳鸡汤
1584,鱼香鸡爪
1585,黄瓜素虾仁
1586,豆芽猪血汤
1587,芝麻
1588,蘑菇炒面
1589,卷心菜烧肉蒸饺
1590,赛鲶鱼豆腐
1591,鱼骨萝卜汤
1592,油菜松
1593,炸鸡肉团
1594,鲮鱼黄豆粥
1595,葱白红枣汤
1596,芋头豆腐
1597,韭菜汁姜汁炖牛奶
1598,海参虾肉汤
1599,芦笋烧鲍鱼
1600,百合
1601,清蒸蛋羹
1602,红花绿叶粥
1603,豆腐乳空心菜
1604,红烧肉包
1605,拌炒香菇
1606,草莓沙拉拌生菜
1607,清蒸鱼段鸽蛋
1608,虾胶西兰花
1609,番茄白果
1610,香葱鹌鹑蛋
1611,冬菇木耳鸡脚排骨汤
1612,鸽蛋
1613,菠菜
1614,油焖春笋
1615,上海酱猪肉
1616,花生龙眼肉红枣膏
1617,芝麻豆腐
1618,乌龟
1619,万寿果煲生鱼汤
1620,苜蓿粥
1621,荠菜饺
1622,生滚牛肉粥
1623,香菇蒸兔肉
1624,油卤豆腐
1625,凉拌莲藕
1626,苦瓜粥
1627,炒田螺
1628,芹菜肉片汤
1629,广州牛肉炒面
1630,莲藕炒肉片
1631,冰凉西瓜丁
1632,胡桃肉藕粉糊
1633,山药素汤
1634,南瓜牛奶汁
1635,白玉银鱼羹
1636,麦芽茶
1637,首乌鸡蛋汤
1638,猪肉炒山楂
1639,虾皮炒菠菜
1640,滑熘海带
1641,炒胡萝卜片
1642,花椰菜粥
1643,虫草鸡汤
1644,双决明粥
1645,参芪牛肉
1646,淮杞花胶煲老鸽
1647,牛奶蛋
1648,银鱼干
1649,螃蟹
1650,桂花鲜栗羹
1651,冬瓜拌西红柿
1652,翠衣番茄豆腐汤
1653,菠菜腰花
1654,甘笋菠菜豆腐汤
1655,芥蓝沙拉
1656,枸杞鲈鱼汤
1657,糖拌苹果
1658,紫苏炒田螺
1659,竹笋拌毛豆
1660,蛋黄菜花汤
1661,芡实白果粥
1662,什锦玉米
1663,菜花烧香菇
1664,山药红枣羹
1665,甜杏仁羹
1666,栗豆腐
1667,姜汁黄瓜
1668,黄芪汽锅鸡
1669,杏鲍菇猪肉汤
1670,橘茹饮
1671,胡萝卜炒蛋
1672,海参奶汤
1673,薏米炖鸭
1674,锅塌鸡蛋
1675,三丝紫菜汤
1676,蘑菇莲子鸭汤
1677,莴苣竹笋
1678,鲜陈白菜汤
1679,卤火鸡腿
1680,香蕉葡萄粥
1681,香菜莲藕饺
1682,草菇丝瓜汤
1683,冬瓜薏苡仁兔肉汤
1684,肉末冬瓜
1685,花生糯米糕
1686,菱粉粥
1687,辣椒(红、尖、干)
1688,厚菇芥菜
1689,首乌豆腐汤
1690,鸡蛋清
1691,姜汁炒章鱼
1692,蛋花荸荠露
1693,羊肚
1694,百合莲子炒牛肉
1695,山楂荞麦饼
1696,凉瓜肉排煲
1697,西瓜炒蛋
1698,燕窝鸽蛋汤
1699,油焖蚕豆
1700,白菜扒猪肝
1701,香菇蒸黄鱼
1702,党参黄羊肉汤
1703,瘦肉田鸡汤
1704,血糯米扣肉
1705,月季花汤
1706,二豆粥
1707,炸胡萝卜豆腐丸
1708,雪梨鸡球
1709,猪肝笋尖粥
1710,拌金针菇
1711,竹笋粥
1712,归参山药猪腰
1713,红糖绿豆沙
1714,莱菔子粥
1715,麻酱拌赤贝
1716,鹅
1717,当归牛肉汤
1718,鸭粥
1719,干菜油酥烧饼
1720,花生山药粥
1721,杏醋淋木瓜
1722,枸杞鲫鱼火锅
1723,黑芝麻甜奶粥
1724,法式鲜蘑鸡蛋饼
1725,平菇粥
1726,白萝卜炖猪排骨
1727,粉丝拌油菜
1728,海带丝拌土豆
1729,黄花菜芦荟
1730,胡萝卜枸杞汁
1731,金银花蒸鱼
1732,鲤鱼赤豆羹
1733,雪梨饮
1734,香干苋菜
1735,脆皮芸豆
1736,百合粥
1737,黑芝麻粥
1738,山药黑米炖猪肚
1739,莴笋炒蛋
1740,粉丝拌海带丝
1741,炒鳝鱼丝
1742,绿菜花鲜虾仁
1743,菠菜牛肉条
1744,炒牛肝
1745,干烧冬笋令
1746,清炖鲢鱼头
1747,炒金针菇
1748,车前子粥
1749,珊瑚白菜墩
1750,圆肉核桃瘦肉汤
1751,果仁排骨
1752,乌鸡茯苓汤
1753,炒面粥
1754,白玉红油豆腐
1755,蜜汁山楂
1756,鲜笋平鱼片
1757,清蒸武昌鱼
1758,胡萝卜香橙色拉
1759,清汤鲍鱼
1760,广东粥
1761,苦瓜鸡汤
1762,茶鸡蛋
1763,八宝番茄
1764,拌胡萝卜丝
1765,白菜藕丸汤
1766,青瓜鳝鱼
1767,胡萝卜豌豆汤
1768,酱猪排骨
1769,大麦豇豆粥
1770,银耳鸽蛋粥
1771,罗汉大烩汤
1772,芝麻栗子糕
1773,生地黄粥
1774,苋菜豆腐养肝汤
1775,炒芝麻
1776,雪菜冬瓜汤
1777,猪肉(肥瘦)
1778,番茄豌豆汤
1779,百果鸡粥
1780,苹果烤肉
1781,熘鹌鹑蛋
1782,苦瓜豆腐汤
1783,三鲜丝瓜
1784,木耳银芽海米粥
1785,羊肉丸子汤
1786,泥鳅粥
1787,活血首乌参
1788,鸡丝豌豆
1789,清蒸鲫鱼
1790,枣泥薯梨
1791,翡翠菜花
1792,五果糯米粥
1793,鳕鱼
1794,木瓜煲带鱼
1795,山药煲鹌鹑
1796,核桃阿胶膏
1797,田螺蚌肉汤
1798,香干拌马兰头
1799,蜜橘银耳汤
1800,奶黄包
1801,果脯土豆饼
1802,香酥鸡腿
1803,肉片炒菜花
1804,香椿炒豆腐
1805,鸡腿菇烧蹄筋
1806,榨菜肉丝粥
1807,木瓜鲜奶饮
1808,核桃天麻炖草鱼
1809,萝卜青果粥
1810,乌骨鸡汤
1811,酥炖鳝鱼
1812,橄榄粥
1813,水晶鸡蛋
1814,小米擦酥
1815,鸡汁豆干
1816,白菜粥
1817,鹌鹑山药粥
1818,鱼香肉丝
1819,蒜茸油麦菜
1820,木耳蒸鸭蛋
1821,梅子蒸鲈鱼
1822,栗子冬瓜煲老鸭
1823,烧茄子
1824,猪排骨(大排)
1825,杏仁豆腐
1826,黄瓜拌豆腐丝
1827,火腿白菜炖汤
1828,豆浆
1829,海米冬瓜
1830,龙眼酸枣仁饮
1831,香菇木耳淡菜汤
1832,灯心草粥
1833,荷叶蒸素鸡
1834,赤小豆
1835,藕馅水饺
1836,银耳炖雪梨
1837,乌梅粥
1838,北芪莲藕炖牛腩
1839,葱姜豆腐汤
1840,海带炖肉
1841,绿豆银耳杂果羹
1842,子姜
1843,腊肉（烟肉）
1844,荷包鸽蛋
1845,黄瓜拌粉皮
1846,桃花桂鱼
1847,腊鸭肝肠(鸭肠)
1848,芦笋鸡丝汤
1849,鱼头炖豆腐
1850,天麻鱼片
1851,绿菜花猴蘑
1852,青椒拌菜花
1853,鱼香黄瓜
1854,咖喱鸡肉包
1855,玫瑰球拼芝麻鱼条
1856,香菇拌豆角
1857,核桃芝麻百合粥
1858,人参蜂蜜粥
1859,发菜鸡卷
1860,香菇炒饭
1861,综合蔬果汁
1862,川贝百合炖雪梨
1863,芸豆拌芹菜叶
1864,无花果粥
1865,烧金针菇
1866,羊肚汤
1867,油菜薹
1868,羊肉番茄汤
1869,冰糖银耳羹
1870,枸杞炖甲鱼
1871,绿豆
1872,香炒胡萝卜
1873,山药软炸兔
1874,肉末菜粥
1875,鲜味莴苣丝
1876,仙人掌百合羹
1877,油菜
1878,糟熘鸭肝
1879,芪归炖鸡汤
1880,步鱼蔬菜羹
1881,苦杏仁粥
1882,腰果拌西芹
1883,腊鲜鸭肝
1884,绿豆麦片粥
1885,首乌鸡蛋小米粥
1886,烩双菇
1887,芹菜红枣汤
1888,黄花馒头
1889,盐煮毛豆
1890,荠菜肉丝豆腐羹
1891,蛋黄羹
1892,黄瓜拌绿豆芽
1893,慈菇木耳汤
1894,黑米粥
1895,荷叶粥
1896,首乌鲫鱼汤
1897,清蒸豆豉肉
1898,炖双鸭
1899,美味木耳蛋汤
1900,脊骨炖芸豆
1901,马兰头炒猪肝
1902,紫菜冬瓜肉粒汤
1903,猪小肠
1904,冬菇云耳瘦肉粥
1905,玉米肥牛
1906,茄子粥
1907,菠萝鸡片汤
1908,蛋饺白菜
1909,玉米粉粥
1910,虾皮烧豆腐
1911,驴肉水饺
1912,紫菜黄瓜汤
1913,杜仲党参煲乳鸽
1914,清汤全家福
1915,牛奶大枣汤
1916,海带焖鲫鱼
1917,干烧茄子
1918,人参当归炖鸽肉
1919,莴笋叶豆腐羹
1920,甘蔗姜汁
1921,甜菜叶粥
1922,凉拌鱼腥草
1923,鸡翅红汤
1924,鱿鱼羹汤饺
1925,人参猪肚
1926,百合炖雪梨
1927,苦瓜瘦肉煲
1928,清蒸加吉鱼
1929,参归蒸猪心
1930,海参鸭肉汤
1931,小米薄麻粥
1932,萝卜丝饼
1933,核桃仁炒韭菜
1934,茄子花
1935,猪大肠
1936,味噌牛肉荞麦面
1937,银鱼仔蟹锅
1938,红豆莲藕粥
1939,车前叶西瓜粥
1940,猪肝
1941,樱桃肉
1942,水萝卜丝拌白菜
1943,番茄马铃薯椰菜排骨汤
1944,玉竹白菜
1945,脆皮茄子
1946,羊骨大枣粥
1947,凉拌西瓜皮
1948,草莓果冻
1949,鸡火西瓜盅
1950,牛肉鸡汤水饺
1951,菠菜粥
1952,鲤鱼山楂汤
1953,豌豆拌鸡肉
1954,茄酱菜花
1955,南瓜粥
1956,牛肉萝卜白米粥
1957,花椒
1958,蒜烧鲶鱼
1959,枇杷银耳
1960,鸡蓉油菜
1961,苹果鸡丁
1962,五豆汤
1963,菜远炒猪肝
1964,何首乌鸡蛋汤
1965,榨菜鸡蛋汤
1966,红烧鲤鱼
1967,炝鸡肝
1968,赤小豆鸡汤
1969,干姜红糖粥
1970,三鲜冻豆腐
1971,虾球菜花
1972,苹果甲鱼汤
1973,烤秋刀鱼
1974,羊肉淡菜粥
1975,蘑菇炒油菜心
1976,菠菜绿豆芽
1977,拌萝卜干
1978,参莲汤
1979,西米木瓜奶露
1980,熘鸭肝
1981,荷叶凤尾鱼
1982,藿香佩兰茶
1983,烩河虾片
1984,凉瓜黄豆猪肉煲
1985,肉丝炒饭
1986,豆腐芦荟
1987,糯米莲子粥
1988,鲶鱼炖茄子
1989,栗子红萝卜马蹄汤
1990,家制猪肉脯
1991,冰糖莲子汁
1992,红枣莲子羹
1993,香菇笋子
1994,冬笋土鸡煲
1995,菠萝
1996,姜枣鲫鱼粥
1997,鸡肝枸杞汤
1998,小白菜猪肉饺
1999,三丝黄瓜卷
2000,山药奶肉羹
2001,苹果沙拉
2002,冬笋炒毛豆
2003,豆苗炒荸荠
2004,南瓜猪肉夹
2005,肉丝榨菜汤
2006,菠菜牛骨汤
2007,枸杞炖鸽蛋
2008,鸡火白菜汤
2009,无花果红枣山楂茶
2010,煮鸡翅拌桃仁
2011,酱辣白菜头
2012,天麻炖老鸽
2013,圆白菜
2014,鲜莲银耳汤
2015,豆腐烧胡萝卜
2016,香蕉卷
2017,珍珠米糊
2018,鲤鱼汁粥
2019,冰糖核桃仁糊
2020,番茄洋葱芹菜汁
2021,百合圆肉煲鸡蛋
2022,河虾炒青瓜
2023,鹌鹑大枣莲子汤
2024,烧牛蹄筋
2025,蘑菇炒芦笋
2026,鸳鸯鹌鹑蛋
2027,白木耳炒豆腐
2028,茴香菜粥
2029,百合肉片
2030,煎夹沙香蕉
2031,山药炒鱼片
2032,鲟鱼
2033,羊肝萝卜粥
2034,大枣人参汤
2035,姜糖苏叶饮
2036,炖老母鸡
2037,酱胡萝卜(一)
2038,酿黄瓜
2039,芝麻桃仁粥
2040,蒸兔肉丸子
2041,肝枣补血汤
2042,豆腐干炒韭菜
2043,清蒸红豆鲤鱼
2044,冰淇淋
2045,烫空心菜
2046,鱼蛋豆芽汤
2047,赤豆炖鹌鹑蛋
2048,小白菜汤
2049,烤鸭
2050,炸葡萄干蛋奶饼
2051,柠檬鱼
2052,肉丝炒绿豆芽
2053,竹蔗胡萝卜猪骨汤
2054,炝黄豆芽
2055,氽毛豆丸子
2056,干贝粥
2057,红烧茄子
2058,莲枣薏米鸭
2059,黄芪粥
2060,荸荠木耳煲带鱼
2061,黄米面炸糕
2062,山莲葡萄粥
2063,猪肉焖板栗
2064,鲜百合雪梨瘦肉雪蛤汤
2065,苋菜水
2066,苋菜(紫)
2067,菊花豆腐
2068,腰果肉饭
2069,清蒸笋江鲈鱼
2070,陈皮瘦肉粥
2071,火腿肠
2072,海鳗
2073,鲜奶扇贝
2074,马齿苋炒黄豆芽
2075,清炒黄豆芽
2076,枸杞猪肝汤
2077,香菇油菜面筋粥
2078,竹筒蒸草鱼
2079,芝麻山药饼
2080,蛤蜊炖蛋
2081,马兰莲子汤
2082,白菜烧海参
2083,清汤鲈鱼羹
2084,核桃鸡肝鸭片
2085,白菜蛋花粥
2086,西米香蕉羹
2087,鸡心
2088,核桃羹
2089,菠菜炒猪肝
2090,花生赤豆羹
2091,白萝卜粥
2092,西瓜瘦肉汤
2093,橘皮粥
2094,香豆腐蛤蜊煲
2095,红豆排骨汤
2096,菠菜炒豆芽
2097,薯茸镶什菜
2098,清拌黄瓜
2099,三味黄瓜
2100,桃仁油菜
2101,核桃鸡
2102,核桃姜汁红枣粥
2103,泥鳅黑豆粥
2104,无花果煲猪肉
2105,鸡腿菇拌猪肚
2106,薄荷粥
2107,家常炒饭
2108,玉米牛肉羹
2109,樱桃番茄
2110,山药薏米粥
2111,燕窝
2112,水果沙拉
2113,墨鱼炒肉丝
2114,猪里脊肉
2115,山药汤圆
2116,红杞蒸鸡
2117,冬瓜鲢鱼汤
2118,玉米面蒸饺
2119,冬瓜香菇鸡杂汤
2120,咸鱼
2121,菠菜豆腐汤
2122,栗子炖鸡
2123,木耳拌海蜇
2124,菜花土豆汤
2125,素油菜心
2126,干煸芦笋
2127,黄芪鲫鱼汤
2128,冰花杏仁燕窝羹
2129,腐竹
2130,空心菜排骨汤
2131,当归黄芪羊肉汤
2132,红枣黑豆粥
2133,雪梨猪肉汤
2134,菠萝胡萝卜汁
2135,海参枸杞炖蛋
2136,款冬花粥
2137,葡汁鲜藕
2138,草莓果酱
2139,甲鱼杞子女贞汤
2140,芹菜炒豆腐干
2141,菠菜拌土豆
2142,沙丁鱼
2143,酥牛肉
2144,鲜藕素排骨
2145,蛋蓉菜花汤
2146,无花果雪梨雪耳瘦肉汤
2147,绿豆面
2148,猪油（板油）
2149,平菇豆腐汤
2150,武昌鱼
2151,猪肚瘦肉厚朴汤
2152,油煎南瓜饼
2153,火腿萝卜粥
2154,脆皮豆腐
2155,蛤蜊黄鱼羹
2156,桂圆炖羊脑
2157,葱油莴笋
2158,炝莴苣腐竹
2159,芝麻小米粥
2160,鸡蛋炒面
2161,猪腰煮粥
2162,花生排骨汤
2163,红枣扣猪肘
2164,大枣粥（一）
2165,黄豆炖排骨
2166,龙莲鸡蛋汤
2167,银耳鸽蛋汤
2168,白果芥蓝
2169,五香芹菜
2170,银耳炖木瓜
2171,人参茯苓汤
2172,生烤乳猪肉
2173,鹅肝清汤
2174,香菇粥
2175,海米白菜汤
2176,羊奶
2177,十全大补汤
2178,虾仁番茄饺
2179,红烧黄豆排骨
2180,清汤鲤鱼丸
2181,山楂百合汤
2182,皮蛋瘦肉粥
2183,鹌鹑蛋竹荪汤
2184,番茄牛肉片
2185,豆苗炒鸡蛋
2186,当归炖鸡
2187,草菇猪心肉片饭
2188,虾仁韭菜粥
2189,红辣椒
2190,山楂橘子羹
2191,海参木耳煲排骨汤
2192,葱白
2193,酱螃蟹
2194,油条
2195,芹菜豆腐干
2196,双耳汤
2197,白菜蛋花汤
2198,芡实银耳羹
2199,豆苗紫菜汤
2200,石膏绿豆粥
2201,水晶番茄
2202,炖金针蛋汤
2203,鲢鱼炖豆腐
2204,飘香荷叶饭
2205,鸡腿菇炒莴笋
2206,炒油菜薹
2207,冰糖板栗泥
2208,玉液煲鸡
2209,烧黄瓜
2210,白菜炒豆芽
2211,赤小豆鲤鱼汤
2212,栗子烧鸡块
2213,银花当归茶
2214,蚝油菜鸽
2215,松仁香菇
2216,干煸牛肉末扁豆
2217,清盐菜花
2218,鲅鱼饺子
2219,银耳枸杞汤
2220,鸡翅羊肚菌
2221,白菜烧虾段
2222,芸豆粥
2223,雪里蕻炖豆腐
2224,黄鱼汤
2225,菠菜蛋汤
2226,冬虫草鸡汤
2227,冬瓜鸡汤
2228,酸奶煮羊排
2229,金针菊花肉片汤
2230,番茄鸡肉球
2231,生姜乌梅饮
2232,鸡肝银耳汤
2233,枸杞子炖牛肉（一）
2234,猪肾山药粥
2235,焖烧豇豆
2236,大蒜烧茄
2237,鸡蛋芹菜炒饭
2238,荔枝肉片
2239,金瓜海蜇
2240,葱白香菇人乳汤
2241,滋味斋粥
2242,海蚌
2243,菠菜猪肝汤
2244,牛肉豆腐羹
2245,芦笋粥
2246,花生猪蹄汤
2247,豌豆粥
2248,马铃薯胡萝卜汤
2249,油菜拌肚条
2250,菠菜芹菜粥
2251,葡萄干莲子汤
2252,黑木耳粥
2253,菠菜炖豆腐
2254,素烧冬瓜
2255,川贝杏仁银耳羹
2256,当归杞子羊肝汤
2257,红杞海参鹌鹑蛋
2258,猪肉韭菜水饺
2259,糯米葡萄羹
2260,猪肉大葱蒸饺
2261,乌鸡汤
2262,清汤蛋白香菇
2263,鲤鱼补血汤
2264,鱼生粥
2265,菠菜肉丝汤面
2266,枸杞叶羊肾粥
2267,春笋炒鱼
2268,荔枝干大枣汤
2269,苜蓿
2270,决明子粥
2271,益母草鸡肉汤
2272,紫菜西芹汤
2273,杏仁蜜瓜田鸡汤
2274,山楂茶
2275,清蒸平鱼
2276,什锦炒饭
2277,火腿蚕豆
2278,青果薄荷汁
2279,蒸兔肉
2280,绿豆茯苓膏
2281,三丝白菜卷
2282,杏仁奶豆腐
2283,白果炒鸡丁
2284,香菇豆苗萝卜汤
2285,蜜汁牛蒡
2286,罗非鱼
2287,奶酪蛋松
2288,白萝卜炒猪肝
2289,山药芡实瘦肉粥
2290,虾米
2291,枸杞乳鸽汤
2292,香干拌芦荟
2293,酱拌菠菜
2294,蛋丝韭菜
2295,金钩菜花汤
2296,桃仁
2297,土茯苓黄芪猪骨汤
2298,菠菜橘子汁
2299,萝卜丝拌豆芽
2300,枸杞青豆鸡米
2301,木耳猪血汤
2302,木耳烧黄花鱼
2303,蜜汁梨
2304,银耳粥
2305,赤豆枸杞猪肝汤
2306,冰糖莲子
2307,银鱼火锅
2308,龙眼鸡片
2309,火腿菠菜汤
2310,萝卜豆腐汤
2311,苹果酱
2312,鸡肉竹笋汤
2313,花生仁（炒）
2314,桑葚红枣汁
2315,荠菜炒鸡片
2316,菊芋粥
2317,鲜鱼片粥
2318,香椿竹笋
2319,红枣花生汤
2320,平菇莲子鸭羹
2321,紫菜包饭
2322,绿豆芽饺
2323,狗肉
2324,苦瓜豆浆汁
2325,生滚鲜贝粥
2326,白菜
2327,韭菜炒羊肝
2328,虾仁豆腐羹
2329,酱汁春笋
2330,沙参玉竹猪肺汤
2331,赤小豆鲤鱼粥
2332,紫菜鸡蛋汤
2333,木耳核桃炖豆腐
2334,银杏薏米莲子冬菇汤
2335,红薯樱桃肉
2336,冬菇马蹄苋菜豆腐羹
2337,山药黄豆肉骨汤
2338,紫苋粳米粥
2339,鸡爪猪骨奶白汤
2340,芡实薏仁粥
2341,鸡蛋面
2342,豌豆焖羊肉饭
2343,腊肉荷兰豆
2344,姜汁牛奶
2345,腰果西兰花
2346,葱油白萝卜
2347,燕麦粳米粥
2348,葱白香菜汤
2349,百合玉竹粥
2350,莲藕煲脊骨
2351,白萝卜
2352,三吃海蟹
2353,胡萝卜拌莴笋
2354,桂圆鸡蛋汤
2355,核桃酪
2356,狗肝菜
2357,槐花粥
2358,鲈鱼粥
2359,白萝卜梨汁
2360,全福豆腐
2361,附子冰糖炖冬瓜
2362,小白菜炖豆腐
2363,番茄马蹄(1)
2364,红枣猪尾汤
2365,干煸芸豆
2366,珊瑚白菜
2367,墨鱼
2368,鳝丝油菜粥
2369,枸杞油菜粥
2370,丝瓜香菇
2371,雪梨黄瓜粥
2372,山楂红糖粥
2373,腿蓉上汤豆腐
2374,苦瓜肉丝汤
2375,扇贝(鲜)
2376,香菇里脊
2377,天麻炖猪脑
2378,柿子
2379,丝瓜
2380,素炒黄花菜
2381,南瓜西芹汁
2382,鱼烧豆腐
2383,大白菜(青口)
2384,青豆虾仁包
2385,红枣花生汁
2386,双菇拌鸡肉
2387,花椒肉
2388,粉蒸鲫鱼
2389,砂仁甘草蒸鲫鱼
2390,干炒平菇
2391,香菇烧菜花
2392,鸭血豆腐汤
2393,香蕉百合银耳羹
2394,嫩莲子粥
2395,蘑菇炒莴笋
2396,核桃片
2397,雪里蕻拌豆干
2398,毛豆虾仁羹
2399,红油菜花
2400,糖醋胡萝卜丝
2401,海参蒸饺
2402,人参粳米粥
2403,银耳桔梗苗
2404,鸡蛋豆腐汤
2405,蛋白芹菜
2406,丝瓜炒面筋
2407,葵花子仁
2408,三丝木耳
2409,银花饮
2410,素樱桃肉
2411,香蕉泥
2412,清蒸荷叶鱼
2413,玉米笋饺
2414,软炸鸡肝
2415,玉米蚌肉汤
2416,糙米排骨粥
2417,脆皮豆腐盒
2418,人参枸杞汤
2419,面包布丁
2420,韭黄
2421,芝麻拌芦荟
2422,冬笋鹅掌汤
2423,红枣银耳汤
2424,鸭蛋冰糖
2425,酥香咸蛋黄豆腐
2426,葱油芋头
2427,杂粮粥
2428,山楂牛肉干
2429,何首乌煲鸡蛋
2430,首乌煮鸡蛋
2431,大蒜烧鸭
2432,栗子炒芹菜
2433,海参汤
2434,黄瓜拌花生米
2435,素烧蚕豆
2436,人参莲子粥
2437,核桃肉
2438,清莲花豆腐
2439,蛋黄鸭卷
2440,山茱萸肉粥
2441,清炖鲫鱼
2442,豆芽炖猪排骨
2443,豆泡烧油菜
2444,金针菇炖鸡
2445,鱼头补脑汤
2446,肉末炖豆腐
2447,三文鱼蒸蛋羹
2448,奶菊蛋
2449,蛋奶炖杨桃
2450,燕窝粥
2451,鸡肉炒藕丝
2452,木耳鸭肝烩
2453,杞子田七煲鸡汤
2454,糯米豆粥
2455,猪肝鸡蛋粥
2456,蒜泥马齿苋
2457,玉米豌豆羹
2458,白菜炒猪肝
2459,润燥红萝卜黄豆羹
2460,槐花豆腐汤
2461,煮糟青鱼
2462,凉拌紫苏叶
2463,香菇菜包
2464,龙虾
2465,糯米灵芝粥
2466,双耳炖猪脑
2467,菠菜拌豆芽
2468,南瓜腐皮花生冬菇汤
2469,一品南瓜
2470,蛋黄碎牛肉粥
2471,鸡丝玉米粥
2472,银耳炖鸭蛋
2473,蒜苔炒肉丝
2474,笋菇炖海参
2475,西葫芦饺
2476,奶油圆白菜
2477,银耳甘笋淡菜猪脚汤
2478,鲤鱼虾米羹
2479,鸡蛋黄泥
2480,菠菜炒肉片
2481,阿拉伯式羊肉菜花饭
2482,肉末醋卤面
2483,煎芝麻地瓜饼
2484,煎茄子
2485,胡萝卜菠菜汁
2486,冰糖银耳
2487,鸡腿
2488,绿菜花竹笋
2489,什锦炒木耳
2490,蔗香卤鸭翅
2491,砂锅紫菜汤
2492,人参鸽蛋汤
2493,牛奶绿菜花
2494,苋菜芙蓉蛋汤
2495,天麻蒸蛋羹
2496,凉拌豇豆
2497,海米拌油菜
2498,雪菜叉烧包
2499,拌马兰头
2500,番茄黄瓜汁
2501,胡萝卜丁炒豌豆
2502,牛奶蒸蛋
2503,水晶鱼片
2504,蜜桃果泥
2505,四鲜烤麸
2506,金樱子粥
2507,五香鳝鱼片
2508,炸肉火烧
2509,土豆肉末粥
2510,鱼茸菜心
2511,荸荠肝尖
2512,益母草煮鸡蛋
2513,人参煮羊肉
2514,冬笋芥蓝黄鱼汤
2515,草莓菠菜汁
2516,鱼腥草饮
2517,猪骨沙参汤
2518,圆白菜虾皮
2519,黑芝麻核桃肉汤
2520,独脚金煲猪瘦肉
2521,红烧带鱼段
2522,熘墨鱼
2523,烧羊肝
2524,香蕉奶冻
2525,黄芪茶
2526,马齿苋饮
2527,双莲红豆牛肉汤
2528,人参粥
2529,豆腐炖猪蹄
2530,冬菜鸭肝汤
2531,胡萝卜山楂汁
2532,蒸猪肝
2533,鸡油菜心
2534,羊排炖鲫鱼
2535,奶汤锅子鱼
2536,莲藕发菜冬菇汤
2537,杏仁排骨
2538,糖拌绿豆芽
2539,山楂白菜
2540,母鸡汤
2541,鱼香圆白菜
2542,六味牛肉脯
2543,鸡茸芦笋
2544,糯米(紫)
2545,五神汤
2546,油豆腐黄豆芽汤
2547,桂鱼菠菜蛋花汤
2548,草菇莴笋汤
2549,芥蓝腰果炒香菇
2550,锅塌番茄
2551,赤小豆冬瓜祛湿汤
2552,牛奶冬瓜
2553,萝卜丝包
2554,燕窝汤
2555,炒大葱头
2556,白肉拉面
2557,油焖武昌鱼
2558,虾皮菠菜粥
2559,西芹牛肉卷
2560,空心菜
2561,海蜇皮
2562,凉拌黄豆芽
2563,红烧鳝鱼
2564,胡桃粥
2565,芹菜拌豆腐干
2566,牛肉热汤面
2567,鲜茄蛋花汤
2568,洋葱汤
2569,荔枝芎归炖乌鸡
2570,鲤鱼陈皮煲
2571,油炸麻雀
2572,牛奶菠菜汤
2573,爆墨鱼花
2574,干丝拌绿豆芽
2575,玻璃白菜汤
2576,白果鸡汤
2577,莲子里脊汤
2578,蜜制胡萝卜
2579,山药薏米红枣粥
2580,菠菜金针菇汁
2581,软炸鱼卷
2582,莲藕黄豆炖排骨
2583,油炒荠菜
2584,豆芽豆腐汤
2585,核桃瘦肉汤
2586,煮干丝鸡汤
2587,豆腐鸡血瘦肉汤
2588,番茄生菜沙拉
2589,甘草绿豆炖白鸭
2590,猪肺粥
2591,胡萝卜泥
2592,砂锅丝瓜猪肉
2593,木耳粉丝肉丸汤
2594,佛手柑粥
2595,茯苓赤豆薏米粥
2596,绿豆冬瓜汤
2597,桑仁粥
2598,羊肾粥
2599,豌豆蛋羹
2600,冬菜三丝汤
2601,淮山药芝麻糊
2602,苹果雪梨瘦肉汤
2603,冬菇扒茼蒿
2604,玉米笋炒芥蓝菜
2605,猪蹄粥
2606,黄蘑素鸡
2607,虾仁扒油菜
2608,茄子炒牛肉
2609,清炒蕨菜
2610,南瓜馅水饺
2611,炒胡萝卜土豆丝
2612,栗子猪肉汤
2613,生烧草鱼豆腐
2614,清炸鸡腿
2615,莲子银耳炖雪梨
2616,赤豆鲤鱼
2617,土豆胡萝卜片
2618,火腿菜花
2619,萝卜汁粥
2620,炒绿豆芽
2621,人参茉莉花茶
2622,陈皮核桃粥
2623,家常熬黄鱼
2624,山药红枣粥
2625,龙井菊花鱼
2626,田螺荷叶汤
2627,肉桂粥
2628,菊花酒
2629,益母草粥
2630,糖桂花
2631,鸡蛋家常饼
2632,熏鸡拌黄瓜
2633,紫菜芙蓉汤
2634,芹菜炒香菇
2635,雪菜蚕豆汤
2636,大豆
2637,鱼皮
2638,花生
2639,五香花生
2640,苦瓜荠菜瘦肉汤
2641,雪菜芦笋饺
2642,金菇芽菜肉片汤
2643,海参鸭肉粥
2644,干荔枝煲粥
2645,清炒虾仁
2646,八宝饭
2647,南瓜奶油香拌面
2648,黄瓜片汤
2649,鸡脚花胶汤
2650,冬菇全鸡
2651,鲜橙煎牛排
2652,虾米粉丝蒸蛋
2653,梅子肉
2654,白萝卜烩鸡
2655,虾仁韭菜
2656,白芍麦枣粥
2657,百合汁
2658,海蜇粥
2659,五香烤麸
2660,牛奶炒蛋清
2661,香蕉鸡卷
2662,兰花炒鱿鱼
2663,芋头
2664,山药炖羊肉
2665,鳝鱼茄子
2666,松子肉
2667,红烧带鱼
2668,香蕉西米羹
2669,番茄炒菜花
2670,百合川贝银杏羹
2671,枸杞桃仁鸡丁
2672,木耳菊花鱼丸
2673,芥菜炒蚕豆
2674,蟹黄
2675,玉米粉燕麦粥
2676,韭菜饮
2677,鲜芦根粥
2678,龙胆草蛋
2679,茵陈粥
2680,干贝猪瘦肉汤
2681,草菇炒油菜
2682,玉米（鲜）
2683,鲜蘑丝瓜汤
2684,鸡肉鱼片枸杞豆腐汤
2685,鳜鱼粥
2686,猪肉青菜粥
2687,清蒸鲻鱼
2688,白术扣烧牛肉
2689,无花果
2690,参枣米饭
2691,豆腐炖菜心
2692,鸡丝豌豆汤
2693,鸭蛋
2694,银耳蒸黄鱼
2695,香菜鸡蛋羹
2696,紫苏叶汁
2697,莲藕陈皮乳鸽汤
2698,糖醋圆白菜
2699,淡菜鲫鱼汤
2700,芹菜炒虾仁
2701,五丝白菜卷
2702,拌嫩香椿芽
2703,杏仁拌芥兰
2704,参芪羊肉粥
2705,香菇凤足汤
2706,百合南瓜盅
2707,鲜奶吐司
2708,木耳芝麻茶
2709,大蒜黄萝卜生菜清汤
2710,三丝发菜羹
2711,冬瓜草鱼汤
2712,氽鲫鱼汤
2713,青蒜炒猪肝
2714,猪肉臊子面
2715,海蜇肉片
2716,炝菜花
2717,海米拌茭白
2718,海带炖鸡
2719,小米素羹
2720,清炒西瓜皮
2721,百合啤梨白藕汤
2722,炸肉馅白菜盒
2723,黄豆烧胡萝卜
2724,白菜干猪肉煲排骨汤
2725,乌灵参炖鸡
2726,玉米面（黄）
2727,鸭肝馅煎鸡蛋
2728,冬菇茭白汤
2729,豆芽牛肉粥
2730,仔姜鸭片
2731,葛根薏苡仁粥
2732,奶香麦片粥
2733,酥黄菜
2734,冰糖甲鱼
2735,耳丝拌凉粉
2736,鸭心燕窝汤
2737,苹果草莓汁
2738,金银花苦瓜汤
2739,蒲公英茶
2740,竹笋炒牛肉
2741,拌绿菜花
2742,鸡肉冬菇蒸饺
2743,荸荠鸡翅
2744,五香带鱼
2745,荷花粥
2746,菠菜鱼肚
2747,鲫鱼氽白玉
2748,豆腐烧扁豆
2749,水萝卜片汤
2750,黑豆蛋粥
2751,海味冬瓜
2752,香糟鸡
2753,桃花粥
2754,白菜肉末粥
2755,菠萝粥
2756,马齿苋菜肉片汤
2757,芒果密瓜烩蟹
2758,冬菇鱼肉羹
2759,奶汁白菜条
2760,莲子淮山炖薏米
2761,小米鱼肚羹
2762,奶油扒白菜
2763,凉拌空心菜
2764,红枣黑木耳汤
2765,鸡蛋炒青豆
2766,糖酥饼
2767,鱼丸清汤
2768,山药面
2769,胡萝卜
2770,水晶南瓜
2771,鱼蓉银耳羹
2772,咸蛋黄烘玉米
2773,香浓玉米汤
2774,牛奶大米饭
2775,莲藕小豆猪胰汤
2776,番茄炒鸡蛋
2777,腰果虾仁
2778,绿豆薏米饭
2779,胡萝卜拌豆芽
2780,干煸四棱豆
2781,火腿炒油菜
2782,枸杞叶粥
2783,白酒
2784,茼蒿菜鱼头汤
2785,芹菜拌猪心
2786,炝三色芥菜
2787,枸杞肉丝
2788,炸牛脑
2789,番茄酱猪肉
2790,青豆炒兔肉丁
2791,豆面糕
2792,土豆胡萝卜汤
2793,鸡肉蛋花汤
2794,南瓜牛肉汤
2795,鲶鱼粥
2796,三仙鸽蛋
2797,萝卜羊肉汤
2798,燕窝鸡粥
2799,糖醋山药蛋块
2800,淡菜板豆腐白菜汤
2801,烧排骨
2802,酥炸菜花
2803,南瓜饭豇豆粥
2804,芥菜番薯汤
2805,青椒毛豆
2806,兔肉
2807,莲藕蚝豉肉汤
2808,芦荟肉皮冻
2809,猴头黄瓜片
2810,小鸡炖蘑菇
2811,拌西红柿黄瓜
2812,奶香菜花
2813,牛肉菜花汤
2814,桂皮
2815,奶油
2816,酱牛肉
2817,冬菇虾仁番茄豆腐羹
2818,百合炒西兰花
2819,莲子芡实荷叶粥
2820,枇杷银耳汤
2821,芥末扇贝
2822,酸麻菜花
2823,玫瑰鸡蛋
2824,蚝油生菜
2825,三鲜酿豆腐
2826,马齿苋薏苡仁瘦肉粥
2827,茭白猪肉粥
2828,木耳青菜豆腐虾丸汤
2829,拔丝番茄
2830,清汤螃蟹蛋
2831,荠菜饺子
2832,芝麻拌油菜
2833,黄瓜拌皮丝
2834,牛肉蒸饺
2835,牛肉馅饼
2836,香卤鹌鹑蛋
2837,猪皮豆腐炖鲤鱼
2838,豆角包子
2839,白果炒牛肉
2840,摊鸡蛋
2841,何首乌牛肉汤
2842,玉米皮酥
2843,镜箱豆腐
2844,冬瓜玉米面粥
2845,冬瓜薏米煲鸭子
2846,美味鸡粥
2847,山药大枣粥
2848,银鱼炒鸡蛋
2849,眉豆煲猪胰汤
2850,杏仁提子麦片粥
2851,樱桃鱼丁
2852,金针菇菠菜
2853,紫菜肉片汤
2854,生滚草鱼肠粥
2855,生菜肉松
2856,生鱼片粥
2857,板栗烧鸡
2858,枸杞子粥
2859,酸枣仁粥
2860,枸杞蒸鸡
2861,桂圆
2862,冬笋豆苗
2863,百合炖鲍鱼
2864,粳米
2865,苋菜黄鱼羹
2866,鸡蛋炒苦瓜
2867,甘麦大枣粥
2868,陈皮煮冬瓜
2869,鹌鹑蛋烧油菜
2870,荔枝煲鸭汤
2871,熏肉玉米饼
2872,橘香鱼丁
2873,绿豆沙
2874,川贝雪梨粥
2875,芦荟玉米粒
2876,凉拌苋菜
2877,绞肉胡萝卜炖豆腐
2878,黄豆拌蒜苔
2879,薇菜
2880,炒莴笋丝
2881,粉蒸苋菜
2882,北杏炖雪梨
2883,四季豆粥
2884,玉米蒸饺
2885,红烧鲢鱼
2886,豆芽猪蹄汤
2887,玉米须粥
2888,炖芝麻猪肉
2889,苹果蒌
2890,莲子玉米瘦肉羹
2891,红油拌平菇
2892,乌骨鸡
2893,油漆白菜
2894,芝麻油菜
2895,泥鳅炖豆腐
2896,灰树花包子
2897,太湖银鱼
2898,炸卤牛肉
2899,荸荠粥
2900,冬瓜枸杞汤
2901,冬菇扁豆
2902,芹菜虾米
2903,白菜香菇素翅汤
2904,生芦根粥
2905,人参大枣粥
2906,马蹄海蜇汤
2907,荸荠海蜇粥
2908,白菜猪肉水饺
2909,鸭肝
2910,白扁豆粥
2911,菜花炒蛋
2912,绿豆奶粥
2913,萝卜丝带鱼
2914,白扁豆参米粥
2915,北菇菠菜汤
2916,西卤白菜墩
2917,红烧鳝鱼段
2918,生滚青鱼片粥
2919,蒲菜粥
2920,青蒿绿豆粥
2921,葱豉黄酒汤
2922,冬瓜香菇炖鸭
2923,豆蔻陈皮鲫鱼羹
2924,茯苓银耳蛋
2925,黄豆芽豆泡汤
2926,蘑菇银耳焖豆腐
2927,香菇烧麦
2928,腐竹瑶柱发菜瘦肉汤
2929,核桃草鱼火锅
2930,陈皮红枣饮
2931,水晶肴肉
2932,夏枯草炖海带
2933,姜枣花椒汤
2934,生菜拌腰片
2935,板栗烧菜心
2936,土豆泥子汤
2937,红烧黄花菜
2938,白米粥
2939,虾皮粉丝海带汤
2940,草莓果汁
2941,木耳豆腐丁
2942,西红柿鸡肉汤
2943,凉拌莴苣丝
2944,百合炖猪蹄
2945,芥菜魔芋汤
2946,牛肉煎包
2947,菜花三色蛋
2948,香蕉
2949,米汤鹑蛋
2950,虾仁
2951,鱿鱼蛋菇汤
2952,三鲜海参
2953,荠菜豆腐羹
2954,芝麻红糖饮
2955,酱青萝卜丝
2956,烩洋葱鸡肉
2957,川草鱼
2958,氽汤鲫鱼
2959,芹菜牛肉
2960,白菜卷
2961,西瓜番茄汁
2962,油菜叶拌豆丝
2963,南瓜
2964,丁香梨
2965,冬笋粥
2966,裙带菜马铃薯饼
2967,花菇烧菱角
2968,鸭肉炖河蚌
2969,番茄土豆块
2970,鸭肉杂烩粥
2971,茯苓饼
2972,海带拌鸡丝
2973,茯苓
2974,黄瓜炒子虾
2975,素炒茄子
2976,青菜木耳香菇猪血汤
2977,百合汤
2978,糖醋红柿子椒
2979,红萝卜西芹汁
2980,萝卜丝拌海蜇皮
2981,百合蛋黄汤
2982,海蜇头
2983,龙眼粥
2984,冬瓜滚冲菜汤
2985,鸡汤小豆腐
2986,桂枝大枣汤
2987,炸洋葱
2988,红糖姜汤
2989,山药天花粉汤
2990,拌蓑衣黄瓜
2991,山药枸杞蒸鸡
2992,干炸带鱼
2993,木须豇豆
2994,百合炒菠菜
2995,白菜海带丝
2996,玫瑰香干
2997,土豆烤猪肉
2998,百合桂圆羹
2999,培根蜜枣粥
3000,阳春面
3001,海参
3002,冬菜蚕豆
3003,香菇白菜羹
3004,西米牛肉羹
3005,蜜枣桂圆粥
3006,木耳猪皮汤
3007,黄豆芽排骨豆腐汤
3008,芥菜
3009,虾米茄段
3010,发菜豆腐汤
3011,瓜粒杂锦汤
3012,海带决明汤
3013,蜜汁桂花苹果
3014,老黄瓜瘦肉汤
3015,凉拌木耳
3016,番茄柠檬汁
3017,蘑菇肉丁包
3018,牡蛎墨鱼汤
3019,凉拌海带木耳芹菜
3020,苦瓜水饺
3021,螺丝菜
3022,山楂麦芽汤
3023,酱汁香干
3024,奶香蘑菇牛肉面
3025,墨鱼苦瓜
3026,黑木耳芹菜粥
3027,拌菜花
3028,枇杷银耳粥
3029,菠菜炖猪蹄
3030,酱芹菜
3031,茄汁芦笋
3032,香菇茭白汤
3033,荷叶粉蒸肉
3034,荸荠猪肚粥
3035,牛奶鹑蛋
3036,炸肉馅黄瓜盒
3037,马兰头拌豆腐
3038,豆腐脑
3039,杏仁萝卜猪肺汤
3040,茯苓人参糕
3041,松子仁
3042,苦瓜猪瘦肉汤
3043,猪肝蛋黄粥
3044,白菜炒干丝
3045,拔丝山慈姑
3046,杨梅瘦肉粥
3047,奶汁芦笋
3048,菠萝荔枝炒螺花
3049,冰糖排骨
3050,四季豆焖肉排
3051,酱野猪肉
3052,荔枝桂圆方
3053,苍耳子辛夷花芥菜汤
3054,蛋花肉丝芽菜汤
3055,山药哈密瓜饺
3056,肉片烧莴笋
3057,五香扒猪蹄
3058,凉拌海带丝
3059,银鱼香菇羹
3060,鲜奶核桃粥
3061,黄瓜猪肉水饺
3062,苹果粥
3063,荠菜包子
3064,青萝卜汤
3065,炖银耳肉
3066,花菇凤翼
3067,糖水樱桃
3068,胡萝卜土豆丝
3069,龙眼肉汤
3070,三鲜苦瓜汤
3071,胡萝卜牛肉水饺
3072,糖醋炝圆白菜
3073,柠檬鹌鹑
3074,紫菜汆鱼
3075,海味豆腐汤
3076,香菇西兰花
3077,口蘑鹌鹑蛋
3078,荠菜冬笋
3079,白果炖母鸡
3080,莲子
3081,水晶菠萝
3082,云腿鸽子汤
3083,银耳绿豆粥
3084,豌豆菜花
3085,干贝
3086,香干炒黄瓜
3087,甘蔗牛肉丸
3088,砂锅菠萝苦瓜鸡腿
3089,茯苓板粟鲤鱼
3090,菠萝汁蛋
3091,芝麻芹菜段
3092,猪心益心汤
3093,雪梨百合冰糖饮
3094,海带绿豆糖水
3095,年糕
3096,玉米鱼松
3097,香菇糯米饭
3098,芹菜炒鳝鱼
3099,猪肝菠菜粥
3100,滑熘鸭肝
3101,糖醋三文鱼
3102,山药炖猪脑
3103,苍耳炒鸡蛋
3104,冬笋蚕豆
3105,酿枇杷
3106,桂圆炖鹌鹑蛋
3107,丝瓜豆腐响螺汤
3108,芦笋土豆汁
3109,卤五花肉
3110,酥鸡腿
3111,黄瓜木耳汤
3112,卤鸭翅膀
3113,糟鸡蛋
3114,菠菜羹
3115,茯苓豆腐
3116,山药豆腐汤
3117,鲜奶水晶香蕉
3118,韭菜蛋丝
3119,肉豆蔻粥
3120,红烧肉饭
3121,草决明蒸鸡肝
3122,苹果脯
3123,生煸荷兰豆
3124,黄瓜炒蛋奶
3125,藕粉鸽蛋羹
3126,柠檬银耳冰醋饮
3127,白果猪肚粥
3128,蔬菜泥汤
3129,豉椒炒海蟹
3130,虾皮豆腐
3131,黑芝麻
3132,核桃牛奶饮
3133,番茄泥公鸡
3134,蜜拌鲜藕
3135,荸荠丸子
3136,清炒茼蒿菜
3137,双菇鲫鱼汤
3138,生地粥
3139,西瓜子仁粥
3140,早餐粥
3141,红萝卜海蜇粥
3142,红烧甲鱼
3143,人参炖乌鸡
3144,拌菠萝丁
3145,清炒木耳菜
3146,香菇烧豆腐
3147,桑椹膏
3148,菠菜豆腐蛋花汤
3149,番茄荔枝鸡
3150,三丝拌芦荟
3151,糟鸭泥豆腐羹
3152,肉苁蓉炖羊肾
3153,鹌鹑萝卜粥
3154,草菇饺
3155,冰糖
3156,泥胡菜
3157,菊花龙井茶
3158,鱼香槐花
3159,鸽蛋菜心粥
3160,三文鱼
3161,海带柠檬汁
3162,清烩鲈鱼片
3163,豆花蘑菇银耳汤
3164,甜瓜西米露
3165,木瓜煲排骨汤
3166,参芪炖乳鸽
3167,红枣糯米粥
3168,荠菜丸子
3169,青笋鱼丁
3170,油炸鸡蛋烫面球
3171,白萝卜油菜汁
3172,豆腐苋菜羹
3173,蛋黄豆腐
3174,茄汁烩肉饭
3175,红枣菊花粥
3176,蚕豆粥
3177,海参笋肉丝汤
3178,牛乳炖鲤鱼
3179,羊肉杂面汤
3180,鸡肫
3181,苦瓜炖猪排骨
3182,韭菜花
3183,猴头菇炖鸡
3184,茭白烧香菇
3185,白果燕窝瘦肉鹧鸪汤
3186,甜酸芹菜叶
3187,粉葛银鱼豆腐汤
3188,木瓜羊肉汤
3189,银耳樱桃羹
3190,三丝海蟹
3191,白萝卜水饺
3192,柠檬蒸黑鱼
3193,糯米桂花藕
3194,柿饼粥
3195,椰蓉豆沙卷
3196,银鱼芥菜粥
3197,肉丝干拌面
3198,清炒扁豆
3199,薏苡仁粥
3200,松炸菜花
3201,凉拌海蜇皮
3202,鸡蛋松
3203,鸭肉菜包
3204,木瓜鲜奶
3205,芹菜牛肉粥
3206,枸杞菜猪肝瘦肉汤
3207,素炒新西兰菠菜
3208,桂圆首乌羹
3209,冬虫草炖鸭
3210,海参肉片汤
3211,大枣瘦肉汤
3212,菠萝汁蜜
3213,番茄西瓜汁
3214,牛肉米汤
3215,胡萝卜鲍鱼粥
3216,草菇白菜奶汤
3217,鲜芹菜汁
3218,香菇木耳焖豆腐
3219,拌芹菜花生米
3220,排骨蘑菇汤
3221,杏仁
3222,雪梨双脆
3223,阿胶炖鸡肉
3224,酱肉西兰花
3225,猪骨汤
3226,蛋丝拌油菜叶
3227,清蒸鳗鱼
3228,丝瓜虾米蛋汤
3229,鸡汤馄饨
3230,蛋形馒头
3231,蒜苔熘鸡丝
3232,甘笋酸梅汤
3233,肉丝炒饼
3234,芹菜拌海带
3235,麻酱拌四季豆
3236,三丝拌面
3237,鸡肉冬菜饼
3238,黄豆芽蘑菇汤
3239,菊花桂鱼
3240,乌龟茯苓汤
3241,慢炖猪肚肺
3242,鲜蚕豆紫菜汤
3243,人参鹑蛋
3244,白茯苓粥
3245,腊味荷兰豆
3246,蚝汁鸡丝芥蓝芯
3247,蘑菇炖土豆
3248,虾末菜花
3249,花生酱
3250,芝麻藕片
3251,栗子猪肾粥
3252,银耳西米羹
3253,鲜肝薯糊
3254,白菜姜葱汤
3255,黄豆粉
3256,水果什锦奶羹
3257,羊肉煎包
3258,生炖鲤鱼豆腐
3259,小白菜
3260,豆浆粥
3261,青豆莲子泥
3262,白菜丸子汤
3263,银鱼
3264,丝瓜炒小鲜
3265,陈皮黄芪煲猪心
3266,鱿鱼蛤蜊粥
3267,包心菜猪肉粥
3268,烧大葱
3269,清蒸鲈鱼
3270,素炒扁豆
3271,红枣香菇汤
3272,玉米火腿粥
3273,鲜蘑黄瓜汤
3274,胡萝卜炒雉鸡肉
3275,乌鸡红豆汤
3276,乌鸡糯米粥
3277,雪里蕻冬瓜汤
3278,萝卜枸杞炖鸭肝
3279,百合杏仁枇杷粥
3280,黄瓜拌虾片
3281,冬瓜杂粮羹
3282,干冬菜粥
3283,升麻芝麻炖猪大肠
3284,猪血豆腐汤
3285,南瓜饺
3286,火腿鸡块粥
3287,山楂乌梅饮
3288,番茄羊肉蛋花汤
3289,红桃蜜
3290,松花蛋（鸭蛋）
3291,五柳青鱼
3292,核桃鸡丁
3293,魔芋豆腐
3294,当归生姜羊肉汤
3295,西瓜汁
3296,梅子炖鸭
3297,茯苓益智仁粥
3298,松子核桃膏
3299,包心菜刀豆汤
3300,小米烙饼
3301,香菇炒卷心菜
3302,豆腐干拌海带丝
3303,山东羊肉粥
3304,蚝油牛肉
3305,柳橙菠萝汁
3306,雪里蕻豆腐汤
3307,莲子桂圆煨猪肉
3308,蟹肉
3309,黄瓜
3310,小白菜芋头
3311,鹌鹑蛋蔬菜串
3312,冰镇甜橙水
3313,冬瓜香菇海带汤
3314,核桃豆腐羹
3315,淮山猪胰汤
3316,毛豆
3317,番茄菠菜拌肉丝
3318,海参阿胶汤
3319,羊腰黑豆汤
3320,白果蒸鸡蛋
3321,桃子面包粥
3322,烟肉白菜粥
3323,葱油海蜇头
3324,芝麻茶
3325,鸡肉饭
3326,肉片柿子汤
3327,酱羊肉
3328,三丝发菜
3329,香菇薏米饭
3330,瑶柱红枣鸡肉汤
3331,豌豆肚条汤
3332,山鸡炖蘑菇
3333,鸡肉蒸饺
3334,火腿面片粥
3335,河蚌
3336,牡蛎肉末粥
3337,笋丝豆苗
3338,金银花粥
3339,苹果煎蛋饼
3340,桃酥豆泥
3341,莲子粥
3342,人参乌骨鸡
3343,绿豆薏米露
3344,莲子黑枣小麦汤
3345,香菇小油菜
3346,陈皮白糖海带粥
3347,香芹拌腐竹
3348,冰糖枇杷
3349,葱油腐竹
3350,番茄葡萄汁
3351,酸枣苹果汁
3352,羊骨
3353,果银耳
3354,炝圆白菜卷
3355,蟹肉苦瓜羹
3356,芦笋青椒番茄汁
3357,荞麦白果竹丝鸡汤
3358,鲜贝菜心
3359,荷叶卷
3360,腐竹猪肝粥
3361,海蜇炖猪肺
3362,山药枸杞南瓜汤
3363,归地烧羊肉
3364,栗子（鲜）
3365,冰糖莼菜粥
3366,罗汉果莲藕西洋菜汤
3367,桂圆黑豆粥
3368,鲜番茄炒蛋
3369,粉皮拌鸡丝
3370,烧酿猪大肠
3371,鸡肝糊
3372,烤猪肉（一）
3373,甜椒南瓜汤
3374,素炒小白菜
3375,豆腐蛋饺
3376,木瓜胡萝卜玉米粥
3377,炖大白菜
3378,鳜鱼
3379,三鲜茄子
3380,红豆粥
3381,牛里脊肉扒
3382,芋头芹菜粥
3383,蒸煮苹果番薯
3384,白菜包子
3385,青胡萝卜排骨汤
3386,胡萝卜烧牛腩
3387,番茄鱼糊
3388,地黄乌鸡
3389,白果炒百合
3390,枸杞子黑枣鸽蛋汤
3391,面条(干切面)
3392,蘑菇（干）
3393,红绿豆茶
3394,烩豆干丝
3395,五香鲤鱼块
3396,清汤冬瓜燕
3397,菊花鲈鱼
3398,鸳鸯蒸鹌鹑蛋
3399,五香干豆腐
3400,驴肉
3401,绿豆芽拌豆腐
3402,豆豉鲜鱼
3403,草菇瘦肉汤
3404,芦荟炒肉丝
3405,天门冬猪皮羹
3406,皮蛋菜花汤
3407,栗子粥
3408,黄芪牛肉粥
3409,甘蔗萝卜汤
3410,猪脊羹
3411,核桃
3412,银耳瘦肉羹
3413,猪脑
3414,冬菜包
3415,虫草老鸭汤
3416,口蘑肉末烧豆泡
3417,发菜蚝豉粥
3418,姜汁菠菜
3419,冰糖枸杞炖山药
3420,香油苦瓜
3421,茄汁烘猪肝
3422,猪皮红枣羹
3423,冰糖燕窝
3424,山药枸杞粥
3425,海带果菜汁
3426,鳖甲炖鸽
3427,山药炒肉片
3428,西瓜子仁
3429,西红柿拌芦荟
3430,芹菜拌虾仁
3431,西芹芦荟
3432,酱鸡蛋
3433,口蘑竹荪汤
3434,芦笋胡萝卜汁
3435,胡萝卜炒木耳
3436,清蒸海带盒
3437,雪梨鲜奶炖木瓜
3438,荔枝腰花
3439,油菜海米豆腐
3440,鹑蛋银耳
3441,草莓西瓜汁
3442,鲤鱼火锅
3443,发菜香菇酸辣汤
3444,公鸡
3445,田螺
3446,葵花子（生）
3447,糯米爆谷汤
3448,青椒鸡丝
3449,炝豇豆
3450,腌芥菜头
3451,莲藕萝卜
3452,蕃茄烧肉盖饭
3453,油豆腐
3454,车前草滑石冰糖汤
3455,小米粉粥
3456,鲜莲子青蟹羹
3457,小葱老姜汤
3458,苦瓜
3459,高丽参附子炖鸡肉
3460,萝卜海带
3461,鹌鹑蛋小米羹
3462,毛豆炒大芥菜
3463,黄连姜汁茶
3464,羊肉(后腿)
3465,清蒸牛蹄筋
3466,冬笋鸡片
3467,香菇扒小白菜
3468,纸包带鱼
3469,芝麻鸭肝
3470,炸菜花
3471,紫菜蛋花汤
3472,生菜龙虾
3473,金橘糯米粥
3474,枸杞花旗参饮
3475,胡萝卜炒猪肾
3476,蜂蜜
3477,百合莲子绿豆粥
3478,郁李仁粥
3479,瑶柱冬瓜海鲜汤
3480,黄芪鲤鱼汤
3481,红烧冬瓜
3482,鸭骨雪菜汤
3483,奶汤鲜核桃仁
3484,面肥
3485,大虾仁蛋炒饭
3486,糯米蒸鲤鱼
3487,凉拌番茄
3488,鲫鱼粥
3489,鹌鹑蛋奶露
3490,绿豆荷叶粥
3491,白木耳粥
3492,肉末凉面
3493,鲢鱼
3494,白果鲫鱼
3495,芹菜酸枣仁汤
3496,白粥
3497,清炖木耳香菇
3498,椰子红枣鸡肉糯米饭
3499,什锦黄瓜卷
3500,党参煲大鳝
3501,枸杞竹笋
3502,党参老鸽汤
3503,发菜马蹄粥
3504,酱白菜
3505,糯米麦粥
3506,番茄皮蛋菜汤
3507,栗子（熟）
3508,鲜香白菜羹
3509,蘑菇烧豆腐
3510,玫瑰酥饼
3511,玉米牛奶浓汤
3512,椰子银耳煲鸽汤
3513,车前发菜汤
3514,芝麻酱拌生菜
3515,芦笋饺
3516,清炖枸杞牛鞭汤
3517,凉拌圆白菜
3518,大黄鱼
3519,鸡蓉豆腐
3520,牛肉汉堡包
3521,山楂鸡片
3522,拔丝豆沙
3523,山药红豆粥
3524,炒甲鱼片
3525,拔丝蜜桔
3526,黄芪莲子田鸡汤
3527,胡萝卜拌鸡丝
3528,黄焖春笋
3529,咖啡
3530,山药茯苓包子
3531,炖明虾豆腐
3532,南瓜豆皮卷
3533,马铃薯番茄酸奶沙拉
3534,水晶皮蛋羹
3535,蘑菇地栗
3536,鹅蛋
3537,椒麻鸡丁
3538,凉拌菜花
3539,豆腐皮拌莴笋
3540,菠菜黄花猪肝汤
3541,青蒜
3542,羊肝羹
3543,黑面包
3544,玉米刺梨粥
3545,红豆米枣粥
3546,胡萝卜炒猪肉丝
3547,五香西芹
3548,赤小豆焖鲤鱼
3549,橘饼
3550,银耳番茄羹
3551,黄瓜拌平菇
3552,素笋汤
3553,冰糖荔枝
3554,糖醋青萝卜
3555,蒜黄
3556,百花酥鸡
3557,生地豆腐滚生菜汤
3558,板栗豆腐饼
3559,墨鱼(干)
3560,黄连白头翁粥
3561,鲜豌豆烩里脊
3562,蒸肝鸡蛋羹
3563,红枣糯米饭
3564,黄芪红糖粥
3565,苹果鹌鹑
3566,苹果
3567,杏鲍菇炖鸭
3568,炒羊肚丝
3569,芥蓝头什锦丁
3570,羊肚菌炒松仁
3571,莲子猪肚
3572,冬菇木耳瘦肉汤
3573,萝卜糯米粥
3574,韭菜炒鳝丝
3575,茼蒿水饺
3576,豆腐鸭架汤
3577,牛肚枳壳砂仁汤
3578,莲藕乌豆煲乳鸽汤
3579,三鲜豇豆
3580,泥鳅
3581,归参鸡汤
3582,赤豆鲫鱼汤
3583,黄瓜鸡片汤
3584,首乌桑葚子瘦肉汤
3585,丝瓜豆腐
3586,苦瓜烘蛋
3587,糖醋青萝卜丝
3588,黄瓜虾仁羹
3589,香酥山药
3590,无花果生鱼汤
3591,莲子淮山猪肉汤
3592,炒豌豆苗
3593,芹菜拌蜇皮
3594,海带粥
3595,木耳炒西芹
3596,烤鱼
3597,鲤鱼脑粥
3598,枸杞肉丁
3599,白果冬瓜粥
3600,枸杞子乌肉鸡汤
3601,白菜小米卷
3602,西红柿猪肝瘦肉汤
3603,乌鸡冬虫夏草汤
3604,芝麻扁豆
3605,胡桃黑豆饮
3606,西洋参大枣粥
3607,薏仁绿豆汤
3608,西兰花
3609,莲子龙眼汤
3610,糖醋鸡蛋
3611,红枣人参汤
3612,黄酒
3613,腊肉小米饭
3614,鱼香蘑菇
3615,胡萝卜羊肝粥
3616,葵花子粥
3617,柏子仁炖猪心
3618,虎皮鸽蛋
3619,肉末菠菜
3620,香肠
3621,杨桃
3622,香煮对虾
3623,黄豆芽
3624,青豆泥汤
3625,菠萝芹菜汁
3626,生姜红糖汤
3627,麻仁鸽蛋
3628,香菇扒白菜
3629,荞麦蒸饺
3630,翡翠春笋
3631,梨
3632,荷叶粳米粥
3633,马齿苋包子
3634,海带扒冻豆腐
3635,果汁白菜
3636,山药蒸鲫鱼
3637,凉拌马齿苋
3638,红豆西米羹
3639,清肠大豆芽豆腐汤
3640,银耳冬瓜羹
3641,豇豆饺
3642,芝麻芹菜丁
3643,排骨煮白萝卜
3644,莲藕黑豆炖老鸡
3645,枸杞炖鲫鱼
3646,香干拌芹菜叶
3647,冰糖炖银耳
3648,西葫芦
3649,白术陈皮煲鱼汤
3650,清炖兔肉块
3651,山药蛋黄粥
3652,麻雀粥
3653,鳗鱼山药饭
3654,香脆银鱼
3655,辣味白菜心
3656,枸杞银耳鸡肝汤
3657,玉米面发糕
3658,小黄鱼烩豆腐
3659,小银鱼粥
3660,马齿苋茶
3661,薏苡仁绿豆粥
3662,小米红糖粥
3663,米粉蒸南瓜
3664,茯苓莲子粥
3665,野菊花炒肉片
3666,芹菜
3667,姜汁苋菜
3668,荠菜鸡蛋汤
3669,米沙粥
3670,胡萝卜香菜粥
3671,胡萝卜粥
3672,木耳芦笋蘑菇汤
3673,油豆腐油菜
3674,槟榔糯米粥
3675,意式番茄牛肉凉面
3676,羊肉素菜拌饭
3677,水果冷汤
3678,山药枸杞煲苦瓜
3679,炝扁豆
3680,石膏粥
3681,清炒绿豆芽
3682,菠菜炒粉丝
3683,香干拌海带丝
3684,鱼肚粥
3685,凉粉拌松花蛋
3686,芦荟色拉
3687,西湖银鱼羹
3688,猪肉玉米粥
3689,车前草鸡骨草炖鱼头
3690,桂花赤豆汤
3691,兔肉粥
3692,培根白菜粥
3693,冬菇猪骨汤
3694,芝麻叶
3695,银耳鹑蛋
3696,藕片汤
3697,油炝芦笋
3698,枣桃粥
3699,冬笋扁豆
3700,素焖扁豆
3701,鲶鱼炖豆腐
3702,番茄橘子汁
3703,拌草莓糖泥
3704,甜杏仁猪肺汤
3705,清拌苦瓜丝
3706,油菜干丝
3707,芹菜黄瓜素肉汤
3708,荸荠炒香菇
3709,鲫鱼羹
3710,酸甜白菜
3711,炝黄瓜片
3712,香菇鸡蓉羹
3713,甲鱼
3714,芦荟汁白果羹
3715,番茄
3716,鸭血(白鸭)
3717,香蕉粥
3718,消脂番茄木耳豆腐汤
3719,泽兰红枣茶
3720,海带蛋花豆腐汤
3721,炒莴笋
3722,花样果肉薏米粥
3723,番茄汁
3724,羊油
3725,炒空心菜
3726,甜杏仁粥
3727,荠菜淡菜汤
3728,煮青豆泥
3729,番茄蛋饺
3730,牛肉（瘦）
3731,黑豆醋冰饮
3732,玉米笋清炒芥蓝
3733,桃仁拌莴笋
3734,鲜贝
3735,羊肉(肥瘦)
3736,清炖羊肉
3737,酱豆腐汁烧猪肉
3738,莲藕豆腐
3739,鱼肉煎蛋
3740,豌豆莲子瘦肉汤
3741,红薯红枣汁
3742,食盐炒芝麻
3743,冰糖葛仙米
3744,卤浸猪肝
3745,番茄苹果汁
3746,雪里蕻肉片汤
3747,双色馒头
3748,丁香酸梅汤
3749,姜丝炒墨鱼
3750,苋菜瘦肉汤
3751,木耳(干)
3752,冰糖山药羹
3753,山楂桑椹粥
3754,花椒鸡丁
3755,西兰花炒蚌
3756,茄汁冬瓜派
3757,百合蜜枣猪蹄汤
3758,粟米菜花汤
3759,干烧黄豆芽
3760,荠菜鲜鲤鱼粥
3761,四宝鸡肉
3762,壮阳狗肉汤
3763,枸杞叶芹菜粥
3764,甜酸莴苣
3765,素拌芹菜
3766,炸咖喱鳕鱼
3767,核桃泥
3768,生菜鸡丝
3769,三色豆猪肘冬瓜汤
3770,苋菜肉片汤
3771,荔枝圆肉汤
3772,小豆鲤鱼汤
3773,草菇炖双鸽
3774,酱黄豆
3775,冬菇菜花
3776,口蘑烧萝卜
3777,芒果凤尾虾
3778,山楂烧豆腐
3779,益母草炖猪肉
3780,水萝卜拌黄瓜
3781,枸杞子羊肉片
3782,益母当归煲鸡蛋
3783,黄花菜蒸肉饼
3784,鸡骨草蜜枣烧猪肉
3785,芝士菜花
3786,干煸豆芽
3787,大蒜豆腐
3788,大米楱仁粥
3789,灵芝瘦肉汤
3790,芡实汤
3791,焖大虾
3792,猪骨萝卜汤
3793,凉拌四季豆
3794,罗汉果煲猪肺
3795,三鲜鹌鹑蛋
3796,紫菜肉茸汤
3797,香菇炒冬笋
3798,薏米橘羹
3799,奶油苹果
3800,锅塌肉末白菜
3801,菠菜水萝卜
3802,人参小米粥
3803,胡萝卜牛肉丝
3804,银耳蜜羹
3805,木瓜粥
3806,党参百合粥
3807,青椒里脊片
3808,生菜虾松
3809,蛋黄菠菜泥
3810,虾皮香芹燕麦粥
3811,肉片烧菜花
3812,竹笋米粥
3813,鸡蛋黄
3814,腐竹白果粥
3815,香菇油菜
3816,果汁肉干
3817,红焖加吉鱼
3818,带鱼番木瓜汤
3819,酱菜
3820,莲子蛋汤
3821,土茯苓炖猪骨
3822,口蘑香菇粥
3823,红烧海参
3824,冬瓜
3825,当归黄芪竹丝鸡汤
3826,大蒜粥
3827,墨鱼炒韭菜
3828,芙蓉鹌鹑蛋
3829,黄芽白煲鸭骨汤
3830,萝卜烧蘑菇
3831,腊肠香米粥
3832,花生仁（生）
3833,鱼肉豆腐火锅
3834,珍菌饺
3835,牛奶煮平菇
3836,腰果小西饼
3837,花生仁炖猪蹄
3838,素炒空心菜
3839,黄芪川芎兔肉汤
3840,奶油鱼肉
3841,酱黄瓜(一)
3842,空心菜粥
3843,薏苡仁黄鳝粥
3844,赤小豆粥
3845,花生衣
3846,百合熟地鸡蛋汤
3847,虾皮炒绿豆芽
3848,胡萝卜拌青笋
3849,山楂麦芽鸭肾汤
3850,海螺
3851,菠萝鸡肫
3852,豆腐干拌豆角
3853,胡萝卜香瓜汁
3854,香糟带鱼
3855,贝母粥
3856,清汤冬苋菜
3857,冰镇胡萝卜汁
3858,紫苏肉片粥
3859,清蒸凹蛋羹
3860,素鸡烧柳松茸
3861,豆浆炖羊肉
3862,冬笋香菇
3863,豆腐干拌白菜心
3864,阿胶蛋汤
3865,荔枝炒丝瓜
3866,雪菜牛肉粥
3867,山楂核桃饮
3868,核桃鸡肉粥
3869,豆豉牛肉
3870,青豆鸡卷
3871,韭菜包子
3872,葱油莴笋饺
3873,甘草小麦大枣汤
3874,什锦鸡蛋面
3875,红枣海马炖羊肉
3876,冬菜汤
3877,海米油菜心
3878,姜茶乌梅饮
3879,时蔬小豆腐
3880,白菜煲牛肺
3881,豆芽蛋丝
3882,薄荷藕丝汤
3883,韭菜鲫鱼汤
3884,乌梅糕
3885,绿豆茶
3886,花生鸡爪汤
3887,草虾
3888,对虾
3889,拌韭菜花
3890,香菜拌黄瓜
3891,红萝卜无花果花鱼汤
3892,豉汁鱼云
3893,核桃熘豆腐
3894,胡萝卜炒鸡蛋
3895,牛肉菠菜汤
3896,灵芝羹
3897,菠菜炒生鱼片
3898,黄芪蒸乳鸽
3899,小枣粽子
3900,葛粉羹
3901,香菇鲜肉包
3902,羊肉奶花羹
3903,什果西米捞
3904,鸡丝芹菜饭
3905,炒豆腐脑
3906,菊槐花茶
3907,小米鹌鹑汤
3908,豌豆蛋花汤
3909,牛肉焖黄豆
3910,银杞明目汤
3911,鱼腥草拌莴笋
3912,鸡丝拌芹菜
3913,驴肉包
3914,粟子芥菜冬菇汤
3915,香炸核桃鸡片
3916,芒果
3917,鲜蘑烧扁豆
3918,扁豆香薷汤
3919,鳝鱼强筋健骨汤
3920,油菜心
3921,鲍鱼
3922,冬笋香菇烧白菜
3923,葫芦粥
3924,海参（水浸）
3925,猪排骨焖土豆
3926,海带鸡腿汤
3927,红腐菜花
3928,牡蛎炖猪肉
3929,拌果汁菜心
3930,牛肉归芪汤
3931,鲫鱼汤
3932,番茄菠菜汁
3933,山药
3934,红烧猴头菇
3935,三七煲藕蛋
3936,枸杞子炒猪肝
3937,生地煲鸭蛋
3938,草鱼豆腐
3939,江米酒
3940,虫草红枣炖甲鱼
3941,黑豆腐皮汤
3942,莴笋粥
3943,素炝扁豆丝
3944,赤豆牛肉汤
3945,芡实茯苓粥
3946,氽羊肉菜饭
3947,桂花银鱼
3948,香菇炒菜花
3949,牛肉菜粒羹
3950,苋菜粥
3951,卤五香蘑菇
3952,猪肉蛋卷
3953,鱼肉夹火腿
3954,鲫鱼莲藕煲
3955,豌豆苗豆腐汤
3956,雪耳鸡汤
3957,首乌红枣鸡蛋汤
3958,紫茄子粥
3959,荷兰豆炒甘笋
3960,山楂
3961,川北凉粉
3962,滑肉莴笋
3963,豆腐鲫鱼
3964,仙人粥
3965,绿豆芽炒里脊丝
3966,香蕉豆沙酸奶汁
3967,灵芝甘草茶
3968,莲子芡实粥
3969,红枣桂圆蛋汤
3970,女贞子枸杞子瘦肉汤
3971,茭白粥
3972,小米红枣粥
3973,菊花鱼片火锅
3974,清蒸带鱼
3975,荸荠鱼卷
3976,蘑菇炒菜心
3977,素炒圆白菜
3978,黑豆芝麻泥鳅汤
3979,生菜拌蛋片
3980,炖猪蹄筋
3981,白菜包
3982,煎芹菜叶饼
3983,鹅血养阴汤
3984,紫米红枣粥
3985,阿胶粥
3986,三鲜青豆汤
3987,皮蛋芦笋汤
3988,南瓜排骨汤
3989,草鱼
3990,花生鸡脚节瓜猪骨汤
3991,虾皮糙米粥
3992,旱莲草红枣汤
3993,猴头菇煲汤
3994,豌豆鱼盅羹
3995,干咸菜包子
3996,番茄猪肝瘦肉汤
3997,荷叶米粉鸡
3998,赤小豆炖鲤鱼
3999,清炒肉丝
4000,小米
4001,鸡冠花鸡蛋汤
4002,焖糟羊肉
4003,银耳鸽蛋
4004,清炒桔梗苗
4005,黄精炖猪瘦肉
4006,酸菜饺
4007,胡萝卜番茄汤
4008,红枣山药炖南瓜
4009,夏枯草煲瘦肉汤
4010,苹果萝卜羊肉粥
4011,洋葱豆豉炒鸡蛋
4012,砂锅鸡腿菇丸子
4013,脆皮香蕉
4014,鲤鱼汤
4015,虾菇鲜肉水饺
4016,芽菜节瓜猪舌汤
4017,银耳樱桃粥
4018,云片银耳汤
4019,菠菜拌猪肝
4020,人参茯苓粥
4021,芝麻土豆
4022,番茄炒牛肉
4023,绿茶杏仁汤
4024,黑芝麻山药羹
4025,百香青木瓜
4026,丝瓜焖豆腐
4027,芝麻菠菜
4028,苏打粉
4029,鸡肉
4030,西芹鳕鱼
4031,猪肉松
4032,姜枣红糖汤
4033,腰果
4034,豆浆莴笋汤
4035,醋拌绿豆芽
4036,毛豆荞麦粥
4037,毛豆榨菜豆腐
4038,红烧蘑菇
4039,香菇盒子
4040,猪肚内金汤
4041,刀豆腰子
4042,冬菇烧白菜
4043,酱包菜丝
4044,三丝金针菇
4045,黑豆牡蛎粥
4046,牛奶香蕉糊
4047,全烩玉米
4048,清炒豆苗
4049,甲鱼双耳汤
4050,柠檬泡藕
4051,黄焖泥鳅
4052,花生豆奶
4053,枸杞猪肝蛋花汤
4054,贝母梨罐
4055,黄瓜拌兔丝
4056,草莓蛋糕
4057,胡萝卜泥拌松软白干酪
4058,麸皮粥
4059,软煎鲅鱼
4060,母鸡
4061,乳鸽银耳汤
4062,鸡内金
4063,奶酪
4064,火腿冬瓜球汤
4065,干贝芥菜
4066,蛋花番茄面
4067,鸡汤面条
4068,油淋草鱼
4069,银丝卷
4070,当归枸杞羊肝汤
4071,西兰花炒牛肉
4072,鲜奶芦笋汤
4073,胡萝卜炒肉丝
4074,干贝芦笋
4075,芹菜炒猪肝
4076,羊肉黑豆炖当归
4077,菜花
4078,紫菜豆腐汤
4079,西芹百合
4080,鹅肝
4081,莲子发菜瘦肉汤
4082,椒盐菠菜
4083,烩豆腐丁
4084,鹅肉
4085,甲鱼百合红枣汤
4086,拔丝山药
4087,海米冬瓜汤
4088,芝麻仁粥
4089,黄豆芽拌芦荟
4090,番茄芦笋紫菜汤
4091,香菜汤
4092,清汤冬瓜
4093,鱼米油菜心
4094,苋菜鱼头豆腐汤
4095,番茄甜瓜汁
4096,葡萄
4097,荔枝红枣粥
4098,蛋皮烧肉饭包
4099,当归羊肉火锅
4100,乌豆腐皮汤
4101,枸杞海参鸽蛋汤
4102,五果冰糖羹
4103,沙拉芦荟
4104,猪肤红枣羹
4105,补肾充耳汤
4106,炒鲜黄花菜
4107,咖喱
4108,灵芝大枣汤
4109,山药桂圆炖甲鱼
4110,葛根粉粥
4111,沙参粥
4112,炖山药
4113,醋熘土豆丝
4114,五花炖墨鱼
4115,空心菜瘦肉粥
4116,神仙粥
4117,青椒
4118,冬瓜煲鹌鹑
4119,黄豆大骨汤
4120,生姜山楂汤
4121,鳖肉滋阴汤
4122,清炒油麦菜
4123,白果粥
4124,老人头菌炒鸡肉
4125,油焖茭白
4126,银耳薏米羹
4127,芦笋煎鸡蛋
4128,冬菇排骨白菜墨鱼干汤
4129,煎酿茄子
4130,豆腐泡金针云耳白菜汤
4131,泡菜鲫鱼
4132,茼蒿鱼头汤
4133,青椒墨鱼丝
4134,豇豆
4135,多味茄子泥
4136,宫保猪肉丁
4137,拌海蜇皮
4138,太史豆腐
4139,酿豆腐
4140,西米樱桃粥
4141,麦芽糖
4142,松子鸡骨鸽蛋汤
4143,菠菜腐竹
4144,银鱼苋菜粥
4145,枸杞叶炒鸡蛋
4146,牛奶花生粥
4147,清蒸肉末海带盒
4148,冬笋鱿鱼肉丝
4149,花生冬菇腐竹汤
4150,枸杞桂圆煲猫肉
4151,西红柿浆汤
4152,糯米饭
4153,芦笋扒冬瓜
4154,番茄冲菜牛肉丸汤
4155,苹果胡萝卜泥
4156,蜜汁排骨
4157,芽菜蛋羹
4158,金银蛋炒白菜
4159,绿豆芽炒兔肉丝
4160,参枣鳝鱼汤
4161,德式土豆饼
4162,苋菜豆腐汤
4163,拔丝樱桃肉
4164,香椿凉面
4165,韭菜胡桃肉炒鸡蛋
4166,黑鱼
4167,荔枝花
4168,西米猕猴桃粥
4169,芹菜猪肉蒸饺
4170,红烧猪蹄
4171,士常山鸡蛋饼
4172,茄皮烧鳝鱼
4173,蘑菇胡萝卜拌饭
4174,脆炸鸡腿
4175,凉拌冬瓜条
4176,白菜红枣牛腩汤
4177,鹌鹑蛋
4178,红烧胡萝卜
4179,花生米拌芹菜
4180,冬笋鸡丝春卷
4181,凤尾菇鸡肉炒饭
4182,银杏白菜
4183,豌豆泥肠汤
4184,奶油绿豆沙(红豆沙)
4185,芋艿米豆粥
4186,灵芝鸡肉汤
4187,红豆糯米粥
4188,芝麻凉团
4189,加减竹叶粥
4190,猪肺薏仁粥
4191,红烧素大排骨
4192,酸奶银耳水果羹
4193,家常茄子炖土豆
4194,麻辣心里美
4195,银耳雪梨膏
4196,芦笋蛋饼
4197,绿豆马齿苋汤
4198,鸡丝蘑芋豆腐
4199,家常馒头
4200,葱白粥
4201,清炖双冬鸡腿
4202,什锦水果羹
4203,木耳烧羊肉
4204,山药饺
4205,冬虫夏草炖龟肉
4206,麻酱拌海螺
4207,芹菜烧肉水饺
4208,醋煮木耳
4209,枸杞菠萝银耳汤
4210,山药炖牛肉
4211,猪肉炒饼
4212,豌豆绿豆粥
4213,绿豆百合粥
4214,豆苗鸡肉汤
4215,柠檬鸡球
4216,黄精粥
4217,草菇熘番茄
4218,鸭梨
4219,文思豆腐
4220,健脾养血猪骨汤
4221,马齿苋粥
4222,松仁玉米
4223,醋茶煮鲤鱼
4224,贡菜饺
4225,苹果红薯泥
4226,孢子甘蓝
4227,冬菇黄焖斑鸠
4228,大蒜豆腐鱼头汤
4229,芦荟蜜饮
4230,韭菜
4231,煨莲子汤
4232,绿豆南瓜汤
4233,青椒虾皮
4234,羊肉汤面
4235,木耳拌豆芽
4236,芋头肉片粥
4237,羊肉归芪汤
4238,坚果丝瓜液
4239,猪肉(肥)
4240,家常蛋花汤
4241,瘦肉榨菜粉丝虾米汤
4242,糖醋木耳
4243,芦笋汁
4244,青菜饭
4245,紫菜饭卷
4246,鲜菊白菜豆腐汤
4247,鲤鱼粥
4248,香椿鸡蛋饼
4249,对虾粥
4250,西兰花炒虾仁
4251,鸽肉粥
4252,南瓜红枣排骨汤
4253,豉油菜生鱼
4254,人参黄芪莲子粥
4255,番茄煎蛋
4256,红煨海蜇头
4257,凉拌莴笋叶
4258,梅干莲子粥
4259,玉米须炖蚌肉
4260,炒羊肝
4261,奶油南瓜羹
4262,鲜蘑豆腐汤
4263,菊花粥
4264,苹果炖鱼
4265,小葱
4266,苹果甘蔗番茄汁
4267,白汤鲫鱼
4268,芦荟蒸蛋
4269,素炒蘑菇
4270,红葡萄酒
4271,粉排骨藕
4272,灵芝双仁羹
4273,凉拌海蜇
4274,油菜鸽子羹
4275,莲子百合炖燕窝
4276,香菇烧淡菜
4277,生菜烧肉三明治
4278,菠菜汆丸子
4279,黑米
4280,黄米面火烧
4281,杂锦冬瓜粒汤
4282,豆腐干
4283,土豆莲藕汁
4284,益母草泡红枣
4285,花菇鸡丝
4286,西芹芦笋贝
4287,沙参鸡蛋
4288,茄子焖黄豆
4289,粉皮拌虾仁
4290,泥鳅汤
4291,冬瓜荷叶汤
4292,香椿烧豆腐
4293,蚝油毛豆苦瓜
4294,马蹄海蜇羹
4295,苜蓿鸡蛋汤
4296,豌豆鲜奶粥
4297,赤贝
4298,冬瓜淡菜汤
4299,薤白粥
4300,鱼腥草茶
4301,火腿拌马齿苋
4302,海米拌菜花
4303,猪蹄汤
4304,山楂包
4305,胡萝卜芹菜粥
4306,木瓜炖带鱼
4307,鲫鱼砂仁汤
4308,银贝雪梨汤
4309,黑豆炖鳝鱼
4310,冬菇炒茼蒿
4311,腐竹拌海带丝
4312,山药羊奶羹
4313,雪菜胡萝卜
4314,花生鸡球
4315,红烧章鱼块
4316,首乌寄生鸡蛋汤
4317,蛋麦糊
4318,海参桂圆粥
4319,苋菜小鱼粥
4320,菜花烩鸽蛋
4321,桂圆莲子羹
4322,桂花核桃仁
4323,鲫鱼莲子汤
4324,荷叶肉
4325,猪肉皮
4326,挂霜腰果
4327,龙眼百合
4328,油激黄瓜
4329,蛋皮炒菠菜
4330,百合绿豆汤
4331,木耳红枣粥
4332,芝麻黑豆粥
4333,桂枣炖猪心
4334,蚕豆羹
4335,归芪鲤鱼汤
4336,归参炖母鸡
4337,鲜莼鲈鱼羹
4338,豇豆粥
4339,清炒金花菜
4340,凉拌藕片
4341,虾皮菠菜
4342,肉蓉番茄汤
4343,冬瓜小豆鲤鱼汤
4344,黑木耳炒猪肝
4345,黄瓜三丝汤
4346,干姜羊肉汤
4347,圆白菜炒青椒
4348,百合贝母煲猪肉
4349,银耳排骨汤
4350,生菜心圆蹄汤
4351,木耳粥
4352,乌鸡滋补粥
4353,芝麻蜂蜜粥
4354,海带荸荠饮
4355,玫瑰花烤羊心
4356,豌豆拌土豆
4357,葡萄布丁
4358,秋葵炒火腿
4359,杞菊决明子茶
4360,牛奶马铃薯焖猪肉
4361,甘露煮白豌豆
4362,五花肉炖干西葫芦条
4363,鳝鱼
4364,葱蒜粥
4365,甘笋紫菜黄瓜芝麻汤
4366,鳓鱼肉圆汤
4367,猪肉酸菜包
4368,太子参田鸡粥
4369,芝麻茄条
4370,川味牛肉面
4371,拌蒲公英
4372,核桃虾仁粥
4373,山药粥
4374,榨菜肉末茄子粒
4375,发菜鸡杂汤
4376,水姜鸭粥
4377,酱味茄子煲
4378,冷甜菜汤
4379,樱桃荞麦薄饼卷
4380,糖酱黄瓜
4381,青豆豆腐牛肉羹
4382,三七鳖甲炖瘦肉
4383,苦瓜炒肉丝
4384,芹菜山楂粥
4385,红枣炖兔肉
4386,菖蒲白术酒
4387,萝卜生菜汤
4388,花生牛奶炖银耳
4389,干烧活鲫鱼
4390,鲜蘑菇炖豆腐
4391,羊骨粥
4392,桂圆莲子粥
4393,雪菜虾仁豆腐羹
4394,番茄鸡蛋煎饼
4395,丝瓜猪肉汤
4396,茄香牛肉刀削面
4397,奶油比目鱼汤
4398,香菜
4399,红杞鲫鱼汤
4400,薏仁粥
4401,肉桂鸡肝
4402,拌豌豆苗
4403,白煮肉拌黄瓜
4404,山药粉苡米粥
4405,菊花肉丝
4406,枸杞粳米粥
4407,青菜蛤蜊汤
4408,黄瓜卷
4409,核桃芝麻羹
4410,鲫鱼炖猪爪
4411,桂枝人参粥
4412,丝瓜蜜饮
4413,粉丝拌黄瓜
4414,酪梨芋头粥
4415,砂锅排骨汤
4416,黑米鱼
4417,鲫鱼节瓜汤
4418,红萝卜瘦肉鸡肝笋菇汤
4419,菊花虾仁
4420,红枣葱白汤
4421,炒湖蟹
4422,黄瓜玫瑰饮
4423,土人参炖带鱼
4424,南瓜炖牛肉
4425,凉拌蚕豆
4426,苹果泥
4427,鸡肉菊花火锅
4428,百合桑葚汁
4429,南瓜大麦粥
4430,橄榄虾仁
4431,鲫鱼
4432,香拌黄豆
4433,香椿头饺
4434,蛋液鲫鱼羹
4435,凉拌香椿
4436,山楂炖牛肉
4437,面疙瘩
4438,党参莲藕猪蹄汤
4439,紫菜豆花羹
4440,蟹黄豆腐羹
4441,猪腰核桃
4442,茯苓胖头鱼
4443,砂锅排骨粥
4444,馒头
4445,人参黄芪粥
4446,鸡肉炖苁蓉
4447,豆瓣烧茄子
4448,海参鲜蘑菇汤
4449,蜂蜜拌芦荟
4450,枸杞茯苓茶
4451,黄花鱼粥
4452,生菜
4453,海米扒油菜
4454,卷心菜梨汁
4455,紫菜汤
4456,山药炖鲤鱼
4457,雪耳百合白鸽蛋汤
4458,土豆拌西红柿
4459,蚕豆鲫鱼粥
4460,茯苓大枣山药粥
4461,豌豆瓣汤
4462,甘蓝拌青椒丝
4463,素炒黄豆芽
4464,野鸭山药汤
4465,鲜味带鱼
4466,肉末胡萝卜炒饭
4467,鱼香苦瓜丝
4468,韭菜粥
4469,牛奶玉米汤
4470,肉末口蘑烧茄子
4471,生菜扒口条
4472,芝麻蜜糊
4473,荷叶包
4474,马齿苋粳米粥
4475,瘦肉燕窝汤
4476,炒芹菜
4477,生菜鸭掌
4478,丝瓜汤
4479,小米龙眼粥
4480,猪脾猪肚萝卜粥
4481,酱山药
4482,鲢鱼肉丸汤
4483,板粟猪肉饭
4484,银下莲子糯米粥
4485,鸡腿菇炖笋
4486,桂圆枸杞鸡汤
4487,猪尾花生木瓜汤
4488,素熘菜花
4489,豌豆拌菜花
4490,糖醋鲤鱼
4491,白果秋梨膏
4492,胡萝卜汤
4493,茼蒿鱼球汤
4494,凉冻菠萝酪
4495,萝卜烧鲜贝
4496,鲈鱼
4497,芹菜炒肉片
4498,酱黄花菜
4499,海带黄豆汤
4500,杏仁蛋糕
4501,松子（炒）
4502,酱茄子
4503,青椒南瓜
4504,白煮鸡粥
4505,银耳(干)
4506,西芹炒腊肉
4507,木耳豆腐
4508,鸡翅粥
4509,大排煮蘑菇
4510,萝卜杏仁煮牛肺
4511,焖南瓜饭
4512,炖狗肉
4513,芦笋天门冬粥
4514,山药南瓜粥
4515,香米
4516,牛奶
4517,鲜熘鸭肝
4518,番茄皮蛋汤
4519,桔梗甘草茶
4520,水晶藕
4521,酸黄瓜芦荟
4522,糖醋拌莴笋
4523,虾肉馄饨
4524,莲枣薏仁粥
4525,银耳莲子枸杞粥
4526,豆腐烧肉泥
4527,玉米须菊明茶
4528,菊花芦根茶
4529,虾仁鸡翅粥
4530,鸡翅炖鳝鱼
4531,甜菜根
4532,青椒面筋汤
4533,香菇炒刀豆
4534,虾皮水饺
4535,茄汁鸡腿
4536,雪菜鸡丝面
4537,莲藕红豆牛腱汤
4538,苹果汁
4539,香脆芹菜叶
4540,麻雀
4541,银鱼芥菜
4542,首乌小米粥
4543,番茄拌菜花
4544,山楂桑葚子煎
4545,松江鲈鱼
4546,清蒸山药段
4547,拌荠菜
4548,小白菜拌海苔
4549,芙蓉玉米羹
4550,洋葱虾米豆腐番茄汤
4551,胡萝卜苦瓜汁
4552,核桃肉粉
4553,羊肉温补汤
4554,海参羊肉汤
4555,小白菜馅包子
4556,母鸡粥
4557,牛肉盖饭
4558,排骨柴鱼汤
4559,猪肝炒胡萝卜
4560,清火瓜条蛋花汤
4561,干萝卜丝酱菜
4562,黄芪山药羹
4563,香菇干贝烩豆腐
4564,番茄青豆汤
4565,鸡肝小米粥
4566,百合炒芦笋
4567,粉蒸白菜
4568,黑木耳枣豆羹
4569,乌鸡绿豆汤
4570,南瓜蒸饺
4571,小米面发糕
4572,黄瓜氽肉片汤
4573,杏子粥
4574,桃杞鸡卷
4575,桂花粥
4576,软炸鸭肉
4577,车前叶萝卜粥
4578,生菜香菇
4579,豆腐冬菇瘦肉汤
4580,香菇牛肉粥
4581,油爆鲜贝
4582,木耳红枣汤
4583,百合雪梨莲藕汤
4584,鱼腥草烧猪肺
4585,金针菇鸡丝
4586,香蕉蜂蜜奶
4587,木瓜汤
4588,海带木耳蛋汤
4589,青豆烧茄子
4590,党参杜仲糯米粥
4591,油菜叶拌豆腐丝
4592,冬瓜肉蒸包
4593,南瓜百合粥
4594,鸡丝莼菜粥
4595,凉拌鸡翅
4596,小炒香干芹菜
4597,黄鱼海参羹
4598,番茄甜橙汁
4599,乌贼骨炖猪皮
4600,乳酪菠菜面包粥
4601,芡实米
4602,桃仁丝瓜
4603,山楂枸杞子兔肉汤
4604,炒芹菜豆腐干
4605,鲜甜瓜条
4606,海带拌粉丝
4607,炖奶汤鲫鱼萝卜丝
4608,排骨汤
4609,芡实白果糯米粥
4610,土豆拌扁豆
4611,双皮鲫鱼
4612,百果西米羹
4613,青椒炒肉丝
4614,杏仁粥
4615,菊花豆根汤
4616,花生奶露
4617,龙眼鸡蛋猪心肠
4618,炝藕片
4619,莼菜银鱼羹
4620,桂圆山楂汁
4621,菜肉馄饨
4622,豆腐番茄鱼片牛肉汤
4623,薏米莲子粥
4624,大米荔枝粥
4625,银耳豉汁粥
4626,鱼茸蒸豆腐
4627,葱豉汤
4628,补血益肠白瓜鱼尾汤
4629,蘑菇鸡块
4630,荞麦粥
4631,木耳豆腐卷
4632,鸡肉卤饭
4633,鸡蛋
4634,大蓟粥
4635,萝卜蛏子汤
4636,花椒鸡
4637,牛肉青豆粥
4638,三鲜冬瓜汤
4639,鸡蛋冰糖炖银耳
4640,黄豆芽排骨
4641,糟香鸭肝
4642,花椰菜虾羹
4643,砂锅豆腐汤
4644,百合柿饼鸽蛋汤
4645,猪肝粥
4646,什锦蛋饺
4647,黄豆莲藕排骨汤
4648,珍珠鸡
4649,荔枝鸡翅
4650,紫河车牛腱汤
4651,大肠扒油菜
4652,酸菜猪血汤
4653,番茄西柚汁
4654,鸭掌
4655,莲子龙眼肉鹌鹑蛋糖水
4656,鲜菇小米粥
4657,拔丝冬瓜条
4658,菠菜色拉
4659,猪脊骨煲莲藕汤
4660,淡菜粥
4661,茯苓粥
4662,菠菜饺
4663,橙汁小排
4664,菠萝拌土豆
4665,鲤鱼
4666,蕉条茄子
4667,茼蒿豆腐
4668,鱿鱼(鲜)
4669,大枣牛肝汤
4670,刀削面
4671,鸡内金赤豆粥
4672,鸡冠白菜
4673,百合炒虾仁
4674,芹菜叶
4675,小黄鱼
4676,鲶鱼
4677,炒菊花菜
4678,薏米扁豆老黄瓜汤
4679,鲫鱼炖豆腐
4680,金针炒鸡肉
4681,猪小排（猪肋排）
4682,炒胡萝卜
4683,芝麻拌墨鱼
4684,猪肝番茄汤
4685,茼蒿鱼丸汤
4686,拔丝土豆
4687,煮花椒童子鸡
4688,茭白
4689,海虾
4690,人参香菇大补鸡
4691,田鸡
4692,茼蒿拌豆干
4693,虾皮炒黄瓜片
4694,青红萝卜猪脚蚝豉汤
4695,桃仁粥
4696,百合红枣银杏牛肉羹
4697,圆白菜墨鱼卷
4698,菠菜瘦肉粥
4699,三文鱼饺
4700,南瓜蛋羹
4701,石榴虾
4702,蘑菇蒸鸡块
4703,山药西瓜炒百合
4704,南瓜蒸菜
4705,花生粥
4706,马齿苋芡实瘦肉汤
4707,辣油水豆腐
4708,鸡肉虾仁炒面
4709,清炒竹笋
4710,莴笋
4711,土豆丝拌白菜
4712,鸡蛋拌土豆泥
4713,大蒜
4714,白果（干）
4715,芋头咸粥
4716,核桃栗子羹
4717,田七炖鸡
4718,猪肉豆腐煲
4719,怪味木耳菜
4720,鹌鹑肉
4721,酱芹菜叶
4722,鸽蛋百莲汤
4723,九味汁烹螃蟹
4724,木耳烩豌豆
4725,冬虫夏草田鸡腿粥
4726,荔枝山药粥
4727,薏米豆腐羹
4728,苜蓿蚬子
4729,怪味兔肉
4730,蜂蜜菠萝饮
4731,核桃仁枸杞肉丁
4732,茭白肉丝面
4733,莲子瘦肉汤
4734,豆干炖鸽蛋
4735,香菇鸡丝羹
4736,山楂核桃茶
4737,西芹菠萝汁
4738,菊花鲈鱼块
4739,西米栗子羹
4740,猪肝绿豆粥
4741,香酥猴头菇
4742,芝麻鸭肉
4743,红烧牛肚
4744,芒果拼盘
4745,口蘑芙蓉蛋汤
4746,猪肉黄豆炖豆腐
4747,鲜百合烧肉
4748,玉米冬瓜粥
4749,姜糖饮
4750,三七洋参炖鸡肉
4751,葡萄沙拉
4752,青菜拌粉丝
4753,浮小麦粥
4754,百合红枣粥
4755,鸡爪
4756,草菇煮豆腐
4757,豌豆粉丝汤
4758,酱兔肉
4759,南瓜沙拉
4760,竹笋炖羊肉
4761,丝瓜绿茶汤
4762,莲子炖猪心
4763,阿胶鸡蛋汤
4764,鸭胰
4765,百合芝麻猪心汤
4766,拔丝苹果
4767,炝泥胡菜
4768,菠菜粉丝汤
4769,淡菜饼
4770,香煎银鳕鱼
4771,茭白炒豌豆
4772,醉鸡腿
4773,杨梅绿豆粥
4774,雪菜肉末粥
4775,荔枝荷花蒸鸭
4776,排骨汤面
4777,紫菜豆腐虾米瘦肉汤
4778,苹果派
4779,洋葱炖牛肉
4780,荸荠炒猪肝
4781,扒三文鱼
4782,当归黄芪粥
4783,鸽肉
4784,酱泥鳅
4785,大蒜糯米粥
4786,紫菜萝卜汤
4787,鸡骨架
4788,什锦豆腐
4789,醋熘鲤鱼
4790,枸杞玉米羹
4791,枸杞决明子鱼片汤
4792,熘胡萝卜丸子
4793,炒茭白绿蚕豆
4794,黄瓜拌西红柿
4795,菜茄马铃薯淡菜汤
4796,豆泡油菜
4797,蒸瓤茄子
4798,玉竹参果猪肉汤
4799,大蒜焖羊肉
4800,烧羊肉叉烧
4801,桂圆肉粥
4802,扁豆猪骨汤
4803,姜韭牛奶羹
4804,西瓜羹
4805,白砂糖
4806,参姜小米粥
4807,香椿蒸蛋羹
4808,香椿芽粥
4809,虾子烧白菜头
4810,蛋蓉玉米羹
4811,海带(鲜)
4812,哈密瓜百合汤
4813,排骨芋头汤
4814,白干炒菠菜
4815,花生烤麸粥
4816,养颜橘子饮
4817,清热祛湿海带汤
4818,山药莲子苡仁粥
4819,黄瓜拌蜇丝
4820,黑木耳煲红枣
4821,益母瘦肉汤
4822,鲫鱼赤小豆汤
4823,苹果雪梨生鱼汤
4824,花生豆干
4825,鲜蘑油菜心
4826,人参升麻粥
4827,小麦红枣猪脑汤
4828,豆浆山药汤
4829,双红南瓜汤
4830,芙蓉羊肚菌
4831,枸杞煲鸡肝
4832,山楂麦芽饮
4833,梨荷竹叶饮
4834,板栗烧白菜
4835,花生猪骨粥
4836,绿豆粥
4837,猪肚熬汤
4838,豆腐鲤鱼
4839,四物肝片汤
4840,苜蓿肉
4841,萝卜炖鲤鱼
4842,清凉扁豆
4843,清炒山药丝
4844,山药鱼头汤
4845,牛奶蛋花粥
4846,拌荠菜松
4847,香粳米粥
4848,腐竹鲜蘑
4849,猪蹄
4850,酱汁茄子
4851,熟地黄芪芡实羹
4852,鱼香莴笋丝
4853,绿豆竹叶粥
4854,西红柿拌菠菜
4855,茶叶粥
4856,猪血黄花菜
4857,干贝鸡肉粥
4858,西芹油菜牛奶汁
4859,清炒荷兰豆
4860,鸡蛋索饼
4861,五香鸭肉
4862,瓜烧白菜
4863,丝瓜肉片汤
4864,青椒炒毛豆子
4865,墨鱼炖鸡
4866,玉米须车前饮
4867,芹菜鱿鱼
4868,青鸭羹
4869,马齿苋鸡蛋汤
