compliID,complication
0,电烧伤
1,食管结核
2,鞘膜积液
3,桡骨茎突骨折
4,新生儿肝炎
5,肺胀
6,失眠症
7,肾虚腰痛
8,辐射性白内障
9,颈椎骨折伴脱位的损伤
10,骨关节炎
11,多囊肾
12,工业毒物中毒性周围神经病
13,子宫肌瘤
14,外阴颗粒性肌母细胞瘤
15,后天性三尖瓣关闭不全
16,急性化脓性腮腺炎
17,多巴反应性肌张力障碍
18,重症肌无力
19,黄体囊肿
20,龟头炎
21,胆汁性腹膜炎
22,霜样树枝状视网膜血管炎
23,阴道痉挛
24,泪腺混合瘤
25,气压创伤性中耳炎
26,呼吸道合胞病毒感染
27,鄂木斯克出血热
28,心肌炎
29,膀胱气痛
30,儿童顿咳
31,声带息肉
32,遗传性凝血因子Ⅴ缺乏症
33,血管神经性水肿
34,十二指肠溃疡
35,扁桃体周围脓肿
36,视神经脊髓炎
37,精囊囊肿
38,遗传性凝血因子Ⅶ缺乏
39,隐斜
40,脊髓梅毒
41,粒性白细胞缺乏性咽峡炎
42,膀胱癌
43,吞气症
44,耳鸣
45,心脏直视手术所致神经疾病
46,婴儿痉挛症
47,慢性泪囊炎
48,结节性筋膜炎
49,胆管癌
50,肾阳虚
51,遗传性血管性水肿
52,急性单纯性咽炎
53,并发症白内障
54,丘疹性荨麻疹
55,早熟性儿童乳房肥大症
56,混合痔
57,疣
58,脾破裂
59,遗传性凝血因子Ⅺ缺乏
60,肛窦炎
61,肺咳
62,尿道下裂
63,败血症肾损害
64,神经性肌强直
65,性交疼痛
66,卡波西肉瘤
67,胸壁皮下气肿
68,舌下神经损伤
69,肋骨骨折
70,乳溢
71,脊髓火器伤
72,囊性肾病
73,卵巢囊肿
74,皮肤过敏
75,妊娠合并急性胆囊炎
76,腓骨肌萎缩症
77,手足皲裂
78,全身脂肪代谢障碍
79,肛门瘙痒症
80,坏疽性脓皮病
81,腭裂
82,脆弱性骨硬化
83,食管血管瘤
84,鼻炎
85,高温引起的溶血性贫血
86,腹膜后脂肪瘤
87,外阴瘙痒症
88,心阳虚
89,输卵管癌三联症
90,急性附睾炎
91,消化系统溃疡病
92,胸壁软组织损伤
93,腹股沟肉芽肿
94,维生素Ａ缺乏症所致的角膜溃疡病
95,脉络膜病变
96,分流性高胆红素血症综合征
97,自发性血胸
98,咽后脓肿
99,腹泻
100,干燥综合征
101,病毒性心肌炎
102,弓形虫病
103,包皮龟头炎
104,眼部带状疱疹
105,腕舟骨骨折
106,多毛症
107,小儿重症肌无力
108,血管内皮瘤
109,丛集性头痛
110,原发性腹膜癌
111,氨基酸代谢病
112,踝扭伤
113,肺性脑病
114,房颤
115,单纯疱疹
116,尺骨鹰嘴骨折
117,急性胆囊炎
118,气管闭合性损伤
119,高尿酸血症
120,伴纤维囊性骨炎的假性甲状旁腺功能低下症
121,肘关节强直
122,胃畸胎瘤
123,眶脑膜瘤
124,进行性面偏侧萎缩症
125,肩胛骨体部骨折
126,恶性营养不良病
127,髋关节脱位
128,副鼻窦炎
129,创伤窒息综合征
130,牙龈癌
131,肾结石
132,紫癜性肾炎
133,下肢深静脉血栓形成
134,离位皮炎
135,鼻疽
136,宫外孕
137,老年肺炎
138,胎儿乙醇综合征
139,新生儿泪囊炎
140,小儿转移性骨肿瘤
141,风湿热
142,冠心病
143,肱骨髁上骨折
144,创伤性关节炎
145,迷路炎
146,特发性皮肤钙化病
147,产后劳伤
148,透析性骨关节病
149,黏液性小汗腺癌
150,先天性肾病综合征
151,侵袭性婴儿纤维瘤病
152,弥漫性婴儿纤维瘤病
153,咽喉部肿瘤
154,器械性食管损伤
155,慢性进行性舞蹈病
156,食管源性胸痛
157,晶状体脱位所致青光眼
158,胃出血
159,脊柱裂
160,急性化脓性甲状腺炎
161,干眼
162,神经性皮炎
163,心包内恶性畸胎瘤
164,性功能异常伴发的精神障碍
165,家庭主妇综征合征
166,军团菌肺炎
167,耳疔
168,坐骨神经损伤
169,原卟啉病
170,尿精
171,妊娠合并宫颈癌
172,支原体感染
173,颈肩痛
174,疣状皮肤结核
175,缩窄性心包炎
176,前庭神经炎
177,股外侧皮神经炎
178,紧张性头痛
179,散发性脑炎伴发的精神障碍
180,银屑病关节炎及其伴发的葡萄膜炎
181,先天性食管狭窄
182,急性后部多灶性鳞状色素上皮病变
183,颅脑先天畸形
184,神经系统遗传病
185,青春期功能失调性子宫出血
186,黄斑病变
187,正常颅压脑积水
188,过敏性休克
189,乳腺癌
190,恶性雀斑样痣
191,咽炎
192,小儿癫痫发作诱发失语综合征
193,肩胛背神经卡压症
194,慢性输卵管卵巢炎
195,急性肾炎
196,特发性室性心动过速
197,小儿神经管畸形
198,胆石性肠梗阻
199,小儿营养不良性水肿
200,色素痣
201,新生儿消化道重复症
202,软组织损伤
203,双胃
204,遗尿
205,非特异性间质肺炎
206,桡骨茎突部狭窄性腱鞘炎
207,腹部创伤
208,肾衰
209,中心性渗出性脉络膜视网膜病变
210,下背部痛
211,寒冷性脂膜炎
212,急性腹膜炎
213,甲营养不良
214,痹证
215,颈椎后脱位
216,咽峡炎
217,血栓性静脉炎
218,膝关节创伤性滑膜炎
219,网膜炎
220,肢端肥大症性心肌病
221,小儿动脉导管未闭
222,沙眼
223,胆固醇脓胸
224,职业性痤疮
225,房室管畸形
226,小儿急性阑尾炎
227,颅内畸胎瘤
228,三叉神经痛
229,恶心和呕吐
230,鸡胸
231,窦性心动过速
232,幼年型关节强硬性脊椎炎
233,高原脑水肿
234,门静脉血栓形成
235,肾上腺肿瘤
236,外阴象皮肿
237,末梢神经炎
238,致死性家族性失眠症
239,小儿颅内出血
240,视盘炎
241,经前期综合征
242,骨不连
243,癫痫
244,外阴平滑肌瘤
245,脊椎结核并发截瘫
246,骨外软骨肉瘤
247,肺损伤
248,阵发性室性心动过速
249,糖尿病心脏病
250,颌面部放线菌病
251,韦尼克脑病
252,眶周色素沉着
253,脑水肿
254,幽门螺杆菌感染
255,小儿继发性血小板增多症
256,妊娠合并急性肾盂肾炎
257,筋膜炎
258,腱鞘炎
259,肩关节周围炎
260,手癣
261,胎死不下
262,膀胱结石
263,老年人原发性恶性高血压引起的恶性小动脉肾硬化
264,放射病
265,风热感冒
266,运动神经元病
267,穿凿脓肿性头部毛囊炎及毛囊周围炎
268,外阴淋巴管瘤
269,口腔溃疡
270,直肠息肉
271,热带痉挛性轻截瘫
272,骨膜性软骨肉瘤
273,甘露糖苷贮积症
274,胼胝体进行性变性
275,脑疝
276,老年挛缩
277,阵发性冷性血红蛋白尿
278,痰湿阻肺
279,红细胞增多症
280,食管破裂
281,胶样粟丘疹
282,单纯糠疹
283,心脏转移瘤
284,阳虚发热
285,肾上腺危象
286,小儿神经母细胞瘤
287,神经内分泌肿瘤皮肤转移
288,色素性青光眼
289,药物性食管炎
290,燥邪犯肺
291,胃肠神经官能症
292,瘴疟
293,阻塞性睡眠呼吸暂停综合征
294,小儿低氯性氮质血症综合征
295,小儿慢性肾小球肾炎
296,链球菌坏死
297,脊椎结核后突畸形
298,窦性心律不齐
299,嗜睡症
300,寰枢椎脱位
301,乳腺脂肪肉瘤
302,干呕
303,疔疮
304,化脓性腱鞘炎
305,输精管堵塞
306,脑萎
307,植物神经紊乱
308,皮炎芽生菌
309,小儿乳糜泻
310,颈椎椎管狭窄症
311,湿疹样癌
312,急性左心衰
313,肘外翻
314,偏头痛
315,股骨髁上骨折
316,急性呼吸窘迫综合征
317,缺血性视神经病变
318,跖骨头骨软骨病
319,单房性骨囊肿
320,妊娠合并糖尿病
321,胰腺囊性纤维性变
322,瘙痒症
323,肺闭喘咳
324,痰浊头痛
325,腹痛
326,化脓性骨髓炎
327,甲状腺腺瘤
328,脓窠疮
329,胫骨远端爆裂骨折
330,胰腺假性囊肿
331,溃疡病大出血
332,睑球粘连
333,多汗症
334,黏液纤维肉瘤
335,妊娠性哮喘
336,小儿急性小脑性共济失调
337,肺转移瘤
338,慢性淋巴结炎
339,滑囊炎
340,眼睑湿疹
341,急性脓胸
342,膀胱结核
343,等渗性脱水
344,舒张性心力衰竭
345,高血压危象
346,结节性多动脉炎伴发的葡萄膜炎
347,乳突炎
348,精索静脉曲张
349,畸形性骨炎
350,血管损伤
351,脑瘤
352,疱疹
353,婴儿猝死综合征
354,汗管瘤
355,新生儿急性肾功能衰竭
356,阴茎阴囊象皮肿
357,老年人尿失禁
358,月经失调性不孕症
359,妊娠高血压
360,尿道损伤
361,恶性间皮瘤
362,继发性甲状旁腺功能亢进症
363,急性胃肠炎
364,反应性精神病
365,小儿两性畸形
366,上气道梗阻
367,创伤性窒息
368,肌阵挛性小脑协调障碍
369,尿路感染
370,颅骨骨折
371,尺骨下1/3骨折合并下尺桡关节脱位
372,冠状动脉粥样硬化性心脏病
373,颅内静脉窦血栓形成
374,加速性室性自主心律
375,米氏链球菌肺炎
376,多发性斑状色素沉着症
377,血管瘤
378,进行性骨干发育不良
379,小儿地方性克汀病
380,支气管炎
381,桡骨干骨折
382,单侧肺气肿
383,外伤性白内障
384,充血性心力衰竭
385,社会获得性肺炎
386,疣状角化不良病
387,Whitfield硬红斑
388,食管损伤
389,特发性黄斑裂孔
390,成骨不全
391,特发性面神经瘫痪
392,截瘫
393,遗传性痉挛性截瘫
394,急性弥漫性腹膜炎
395,生乳头汗管囊腺瘤
396,冷抗体型自身免疫性溶血性贫血
397,新生血管性青光眼
398,胎儿先天畸形
399,巨人症
400,视神经病变
401,脂肪肉瘤
402,小舞蹈病
403,产后风
404,共同性斜视
405,外阴溃疡
406,透明细胞汗腺腺瘤
407,炎性乳腺癌
408,非细菌性前列腺炎
409,鼻骨骨折
410,小儿结节性多动脉炎
411,脉络膜裂伤
412,喉部创伤
413,颈椎单侧及双侧小关节脱位
414,肺心病
415,地中海贫血
416,慢性肾炎
417,热毒冲心
418,急性中毒性脑炎
419,肠系膜淋巴结炎
420,结、直肠黑变病
421,慢性纤维性甲状腺炎
422,丹毒
423,小儿溃疡性结肠炎
424,甲状旁腺功能亢进
425,沙眼衣原体肺炎
426,慢性酒精中毒
427,阴道壁息肉
428,上巩膜静脉压升高所致青光眼
429,脾疳
430,脊髓炎
431,老年痴呆症
432,喉阻塞
433,膀胱不发育与发育不全
434,嗜碱性粒细胞白血病
435,应激反应及适应障碍
436,卵巢早衰
437,十二指肠外瘘
438,闭经性头痛
439,毛囊炎
440,原发性痛经
441,嗜酸性筋膜炎
442,宫颈癌
443,小儿直肠脱垂
444,地方性克汀病
445,胃损伤
446,新生儿胃穿孔
447,中气不足
448,颈淋巴结结核
449,脑缺血性疾病
450,慢性腹泻
451,食管白斑
452,腹裂
453,缺铁性贫血
454,流痰
455,类鼻疽
456,桑毛虫皮炎
457,心室间隔缺损
458,脉管炎
459,铅中毒引起的溶血性贫血
460,玻璃体积血
461,脊髓性肌萎缩症
462,肠梗阻
463,人乳头瘤病毒
464,森林脑炎
465,脊柱裂和有关畸形
466,胁痛
467,小肠肿瘤
468,非淋球菌性细菌性关节炎
469,多囊卵巢综合征
470,结节性硬化
471,淋菌性直肠炎
472,爆震性耳聋
473,慢性咳嗽
474,直肠子宫内膜异位症
475,旅途精神病
476,大肠血管瘤
477,玻璃体混浊
478,心阴虚
479,房性心动过速伴房室传导阻滞
480,肛周脓肿
481,细菌性阴道炎
482,大叶性肺炎
483,胫骨应力骨折
484,肛管直肠周围脓肿
485,氨基甲酸酯类农药中毒
486,梅勒尼坏疽
487,脑干肿瘤
488,脊柱炎
489,脑震荡
490,咽肌痉挛
491,登革出血热
492,咽畸胎瘤
493,双阴茎
494,酒渣鼻
495,小儿疳渴
496,小儿窦性心律失常
497,II型糖尿病
498,宫颈糜烂
499,胃肠道伴癌综合征
500,盆底痉挛综合症
501,手术后膈疝
502,痰热咳嗽
503,下颌下间隙感染
504,脑挫裂伤
505,显微型多血管炎
506,急性共同性斜视
507,月经周期性精神病
508,髌股关节疼痛
509,糖尿病并发泌尿系感染
510,小儿疳眼
511,眼球内陷
512,弥漫性食管痉挛
513,致死性肝内胆汁淤积综合征
514,环状红斑
515,鸡眼
516,日光性雀斑样痣
517,肠扭转
518,肝热病
519,睾丸损伤
520,新生儿窒息
521,脊髓损伤
522,胆石症
523,锥体外系疾病
524,结直肠血管瘤
525,久疟
526,三期梅毒
527,幼年型类风湿性关节炎
528,病毒性脑炎
529,急性心包炎
530,肺不张
531,呼吸性细支气管炎间质肺病
532,发育迟缓
533,难治性心力衰竭
534,外阴肿瘤合并妊娠
535,高血压性心肌病
536,晕动病
537,老年人缺血性结肠炎
538,肾咳
539,白血病
540,颅咽管瘤
541,浅层点状角膜炎
542,咽部乳头状瘤
543,先天性声门下狭窄
544,结核性腹膜炎
545,脊髓空洞症
546,阿米巴结肠炎
547,阑尾炎
548,流感
549,老年人恶性心包积液
550,夜间哮喘
551,复发性多发性软骨炎伴发的葡萄膜炎
552,慢性肾功能衰竭
553,雷诺综合征
554,月状骨骨软骨病
555,高钠血症
556,口腔白斑病
557,眼睑疖肿和脓肿
558,小汗腺汗管纤维腺瘤
559,小肠类癌
560,应激性溃疡
561,造影剂肾病
562,胎儿宫内窘迫
563,慢性膀胱炎
564,高渗性脱水
565,小儿急性胆囊炎与胆管炎
566,小脑扁桃体下疝畸形
567,两性畸形
568,骨囊肿
569,颈椎管狭窄症
570,椎间隙感染
571,恶性淋巴瘤
572,唇疱疹
573,老年人类风湿性关节炎
574,珠蛋白生成障碍性贫血视网膜病变
575,老年人败血症
576,充血性脾肿大
577,颈椎半脱位
578,挤压综合征
579,溃疡病出血
580,白喉
581,家族性渗出性玻璃体视网膜病变
582,眼睑皮肤弛缓症
583,甲肝
584,小肠原发性恶性淋巴瘤
585,甲状腺瘤
586,神经性呕吐
587,根尖脓肿
588,老年人慢性支气管炎
589,搏动性眼球突出症
590,急性喉炎
591,老年人脱水
592,高渗性非酮症糖尿病昏迷
593,咽后间隙感染
594,眼内异物
595,肺炎链球菌性肺炎
596,结节性多动脉炎
597,肾母细胞瘤
598,小儿隐睾症
599,脐尿管囊肿
600,小肠平滑肌瘤
601,慢性扁桃体炎
602,急性呼吸衰竭
603,小儿原发性血小板增多症
604,下肢静脉曲张
605,小儿月经过多
606,水痘
607,小肠血管瘤
608,下丘脑疾病
609,帕金森病
610,痒疹
611,尿潴留
612,丙型肝炎病毒感染与肾小球肾炎
613,法洛四联症
614,心血管和血栓栓塞综合征
615,肉瘤
616,尿失禁
617,肾病综合征
618,剥脱性唇炎
619,蚕豆病
620,中风
621,急性上颌窦炎
622,肩周炎
623,小儿急性血源性骨髓炎
624,膀胱输尿管反流
625,胫骨后唇骨折
626,乳头溢液
627,顽痹
628,斜视
629,小肠纤维瘤
630,舌咽神经损伤
631,舌骨骨折
632,女性不孕症
633,角膜鳞状细胞癌
634,老年人神经梅毒
635,二氧化硫中毒
636,视网膜动脉阻塞
637,心脏脂肪瘤
638,椎管狭窄症
639,面肌痉挛
640,神经性厌食症
641,旅行者腹泻
642,湿疹
643,胰腺肉瘤
644,肾嗜酸细胞瘤
645,溶血尿毒症综合征
646,接触性唇炎
647,软化斑
648,流行性出血热
649,化脓性肉芽肿
650,小儿急性气管支气管炎
651,眼球内炎
652,肾静脉血栓
653,异物性食管穿孔
654,牙周脓肿
655,反流性食管炎
656,脱屑性红皮病
657,疝气
658,唇舌水肿及面瘫综合征
659,带状疱疹性角膜炎
660,小儿发作性舞蹈手足徐动症
661,乳腺癌肉瘤
662,乳糜胸
663,肾周围炎
664,化脓性眼内炎
665,言语障碍
666,眼睑热性疱疹
667,暑湿
668,结肠平滑肌瘤
669,纤维肉瘤
670,男性不育症
671,关节脱位
672,小阴茎
673,小儿鹅口疮
674,营养不良
675,隐匿性肾炎
676,血管性痴呆
677,指疔
678,肾盂肾炎
679,脊椎化脓性骨髓炎
680,双向性室性心动过速
681,口周皮炎
682,小儿病毒感染性口炎
683,尿道狭窄
684,小儿急性偏瘫
685,痰火扰心
686,多重肺部感染
687,淋巴癌
688,反应性关节炎
689,消化道溃疡
690,增生性玻璃体视网膜病变
691,胎儿生长受限
692,Machado-Joseph病
693,肿瘤性心包炎
694,环状外阴炎
695,副流行性感冒
696,白发
697,先天性厚甲症
698,小儿再发性腹痛
699,昏厥
700,鳞状细胞癌
701,急性出血性坏死性小肠炎
702,肝内胆管结石
703,肛管内括约肌痉挛性收缩
704,麦粒肿
705,心源性休克
706,面部偏侧萎缩
707,眩晕
708,包皮炎
709,慢性进行性眼外肌麻痹
710,单眼双上转肌麻痹
711,胎赤
712,焦虑症
713,心肌梗死
714,营养障碍性多发性神经病
715,获得性免疫缺陷综合征的心血管损害
716,老年人终末期肺炎
717,阴茎癌
718,虹膜角膜内皮综合征
719,近视
720,吉兰-巴雷综合征
721,涎腺囊肿
722,常染色体隐性遗传性脑动脉病及动脉硬化伴皮质下梗死及白质脑病
723,疫毒痢
724,肾囊肿
725,韧带损伤
726,皲裂疮
727,甲亢性心脏病
728,气管食管瘘
729,纤维性骨炎
730,原发性视网膜脱离
731,肠系膜上动脉栓塞
732,心脏病
733,黑棘皮病
734,腹膜肿瘤
735,慢性鼻炎
736,阿根廷出血热
737,艾滋病
738,围绝经期功能失调性子宫出血
739,足菌肿
740,痤疮
741,淋菌性尿道炎
742,卵巢肿瘤破裂
743,品行障碍
744,先天性髋关节外展挛缩和骨盆倾斜
745,小肠结肠炎耶尔森菌肠炎
746,胫腓下联合前部分离
747,小儿流行性感冒
748,脓胸
749,支原体肺炎
750,基底动脉型偏头痛
751,乳糜尿
752,小儿巨脑畸形综合征
753,结核性膀胱挛缩
754,伸指肌腱损伤
755,足跟瘀斑
756,青少年及小儿阴道透明细胞癌
757,癫痫伴发的精神障碍
758,经行发热
759,肩关节脱位
760,交感性眼炎
761,青少年及小儿子宫颈癌
762,肾实质性高血压
763,外阴瘙痒
764,尿瘘
765,电脑病
766,鼻疔
767,红斑狼疮
768,妄想症
769,神经症
770,结核性巩膜炎
771,血气胸
772,桡骨小头骨折
773,白血病性咽峡炎
774,慢性嗜酸性粒细胞性肺炎
775,男科外伤
776,卡他性结膜炎
777,纵隔炎
778,食管受压性吞咽困难
779,先天性动静脉瘘
780,老年人原发性肝癌
781,膀胱颈挛缩
782,胃型哮喘
783,眼肌麻痹性偏头痛
784,鱼鳞病
785,房性期前收缩
786,玻璃体出血
787,直肠损伤
788,遗传性凝血因子ⅩⅢ缺乏
789,甲状旁腺功能减退症
790,尿布皮炎
791,进行性肌营养不良症
792,维生素A过多病
793,膝内翻
794,脊柱侧弯
795,动静脉瘘
796,猝死
797,妊娠合并特发性血小板减少性紫癜
798,睑外翻
799,特发性肺含铁血黄素沉着症
800,小儿消化道出血
801,过敏性结膜炎
802,胫骨骨折
803,肾动脉栓塞
804,Bazin硬红斑
805,小儿共济失调毛细血管扩张Ⅰ型综合征
806,转移性小肠肿瘤
807,记忆障碍
808,椎弓结核
809,流注
810,视网膜下纤维化和葡萄膜炎综合征
811,肾疳
812,前牙反合
813,色素斑
814,Ⅳ型超敏反应性疾病
815,肺转移性肿瘤
816,急腹症
817,单心房
818,血胸
819,束支折返性室性心动过速
820,肺包虫病
821,颅内占位性病变引起的头痛
822,妊娠期急性肾功能衰竭
823,附件炎
824,肾精亏虚
825,休克型肺炎
826,酒中毒性小脑变性
827,粘液表皮样癌
828,老年人上消化道出血
829,鼓室硬化症
830,输尿管异位开口
831,二尖瓣脱垂综合征
832,房间隔缺损
833,麻疹
834,延髓性麻痹
835,急黄
836,筋痹
837,呼吸道感染
838,动脉瘤
839,真菌过敏性哮喘
840,天疱疮
841,绝经期尿失禁
842,婴儿指趾纤维瘤病
843,肝损伤
844,胆汁性肝硬化
845,产后三冲
846,新生儿化脓性脑膜炎
847,老年人吸入性肺炎
848,骨缺损
849,无菌性肋软骨炎
850,白内障
851,脑外伤
852,婴儿脑积水
853,四肢不用
854,共济失调
855,慢性附睾炎
856,小儿脑瘫
857,产科休克
858,恶寒发热
859,脑囊虫病
860,产力异常性难产
861,血管畸形引起的吞咽困难
862,平滑肌瘤
863,乳腺结核
864,混合型卟啉病
865,发作性嗜睡强食综合征
866,小螺菌感染
867,肾病
868,肋骨骨髓炎
869,砷中毒
870,口炎
871,儿童期情绪障碍
872,人类免疫缺陷病毒所致葡萄膜炎
873,坐骨直肠窝脓肿
874,肝血虚证
875,胎死宫内
876,化脓性关节炎
877,肺蛔虫病
878,牙外伤
879,麻风性角膜病变
880,粘连性肠梗阻
881,失血性休克
882,老年斑
883,肛瘘
884,胎膜早破
885,亨廷顿病性痴呆
886,男性尿道癌
887,小儿多源性房性心动过速
888,工业中毒所致的精神障碍
889,气性坏疽
890,乳房疼痛
891,复发性阿弗他性口腔炎
892,颈动脉狭窄
893,先天性髋关节脱位
894,老年性慢性硬膜下血肿
895,阴虚发热
896,进行性核上性麻痹
897,小儿中毒型痢疾
898,风疹
899,子宫内膜间质肉瘤
900,脾水
901,颈型颈椎病
902,便秘
903,疥疮
904,慢性外耳道炎
905,小儿小颌畸形综合征
906,痉病
907,精神发育迟滞
908,化脓性脑膜炎
909,老年人胆囊炎
910,舌甲状腺
911,急性化脓性中耳炎
912,小儿骶尾部畸胎瘤
913,头痛
914,盆腔炎
915,自然流产
916,小儿肺动脉高压
917,胎盘早剥
918,孕吐
919,多发性骨髓瘤
920,急性化脓性乳突炎
921,糖尿病乳酸性酸中毒
922,上睑下垂
923,网膜囊肿
924,胃潴留
925,泌尿生殖系真菌病
926,肘内翻
927,新生儿泌尿系统感染
928,鼻咽炎
929,自闭症
930,淀粉样变病
931,皮样囊肿
932,慢性溃疡性结肠炎
933,冷球蛋白血症
934,肺栓塞
935,继发性皮肤CD30阳性大细胞淋巴瘤
936,神经纤维瘤病
937,盆腔淤血综合征
938,小儿感染性心内膜炎
939,脉络膜脱离型视网膜脱离
940,骨产道异常性难产
941,风湿性疾病
942,脑出血
943,原发性非调节性内斜视
944,脑萎缩
945,乳腺癌皮肤转移
946,功能性呕吐
947,畸胎瘤
948,坏死性淋巴结炎
949,原发性急性闭角型青光眼
950,足舟骨骨折
951,子宫炎
952,会阴下降综合征
953,嵌顿性腹股沟斜疝
954,水母皮炎
955,滴虫性阴道炎
956,肾动静脉瘘
957,拉肚子
958,主动脉瓣关闭不全
959,基质性角膜炎
960,小儿脑水肿与颅内高压综合征
961,神经炎
962,门静脉高压性胃病
963,外伤性脑脓肿
964,毛状白斑
965,老年人血管性痴呆
966,继发性腹膜炎
967,不孕不育
968,皮肤黏液瘤
969,头皮血肿
970,脑血管硬化
971,色素紫癜性皮炎
972,阴茎前阴囊
973,新生儿出血症
974,眼眶畸胎瘤
975,代谢性白内障
976,子宫颈平滑肌瘤
977,动脉粥样硬化
978,夏季热
979,胎毒
980,幽门梗阻
981,麻痹性肠梗阻
982,泌乳素瘤
983,食管憩室
984,骨与关节梅毒
985,疖与疖病
986,腹股沟滑动疝
987,前列腺囊肿
988,急性感染性心内膜炎
989,阿米巴肝脓肿
990,泪腺分泌功能减退
991,咽喉痛
992,桡神经损伤
993,神经鞘源性肿瘤
994,婴儿脐疝
995,冻疮
996,阴道炎
997,脑膨出
998,老年人低血糖症
999,结节性甲状腺肿
1000,唇裂
1001,铅中毒
1002,食管狭窄
1003,寄生虫性关节炎
1004,衣原体肺炎
1005,肱骨大结节骨折
1006,黑色素瘤
1007,胰腺囊肿
1008,反向斜视
1009,肝火上炎证
1010,甲状腺癌
1011,少精症
1012,胃病
1013,冷凝集素综合征
1014,肥大细胞白血病
1015,细菌协同性坏疽
1016,急性放射性甲状腺炎
1017,慢性铅中毒
1018,煤炭工尘肺
1019,新生儿生理性黄疸
1020,肾上腺皮质功能减退性心脏病
1021,宫颈复发癌
1022,壮热
1023,生殖细胞瘤
1024,摩擦黑变病
1025,脑室内出血
1026,慢性呼吸衰竭
1027,眶骨髓炎
1028,血尿
1029,少精子症
1030,反复发作抑郁症
1031,耳痈
1032,腹股沟疝
1033,急性肾盂肾炎
1034,小儿偏头痛
1035,匐行穿孔性弹性组织变性
1036,口腔粘膜病
1037,梅毒性角膜病变
1038,急性粒细胞缺乏
1039,巨人症与肢端肥大症
1040,结核性宫颈炎
1041,隐性脊柱裂
1042,弥漫性外耳道炎
1043,皮肤淋巴细胞瘤
1044,老年人急腹症
1045,颅骨纤维异常增生症
1046,先天性冠状动脉瘘
1047,肛门闭锁
1048,放射性食管炎
1049,内伤发热
1050,创伤性休克
1051,皮肤癌
1052,漆疮
1053,风痹
1054,职业倦怠症
1055,肝胆湿热
1056,中央晕轮状脉络膜萎缩
1057,麻疹样红斑
1058,嗜血流感杆菌的皮肤感染
1059,胆囊良性肿瘤
1060,外阴黏膜白斑
1061,鼻疽假单胞菌肺炎
1062,痛经
1063,慢性胰腺炎
1064,硬脑膜下脓肿
1065,皮肤癣菌病
1066,肛周炎
1067,胆管结石
1068,老年人慢性淋巴细胞白血病
1069,皮炎
1070,脱水
1071,脓性指头炎
1072,残胃淋巴瘤
1073,精囊炎
1074,弥漫性血管内凝血
1075,心-耳综合征
1076,黄疸
1077,遗忘综合征
1078,乳酸性酸中毒
1079,食管梅毒
1080,糖尿病肾病
1081,牙痈
1082,变应性血管炎
1083,跖趾关节痛
1084,气虚眩晕
1085,明癣
1086,股骨干骨折
1087,牛带绦虫病
1088,肾性糖尿
1089,放射性肾炎
1090,肌肉肌腱单位的急性损伤
1091,酒精性肝硬化
1092,前臂动脉损伤
1093,DF-2败血症的皮肤表现
1094,老年人慢性疾病性贫血
1095,退行性黄韧带肥厚
1096,类鼻疽杆菌肺炎
1097,感染性休克
1098,眼眶皮样囊肿
1099,妊娠合并甲状旁腺功能亢进
1100,代谢性酸中毒
1101,盐敏感性高血压
1102,营养不良性皮肤钙化病
1103,残胃平滑肌肉瘤
1104,肾癌
1105,气胀
1106,急性胰腺炎
1107,雀斑
1108,继发性血小板增多症
1109,甲状腺炎
1110,过敏
1111,葡萄胎
1112,隐球菌病
1113,阴囊丝虫病
1114,心血虚
1115,脊柱、脊髓损伤
1116,颅内低压性头痛
1117,淋病合并症前列腺炎
1118,口角炎
1119,新生儿心律失常
1120,硬脊膜下脓肿
1121,炎症相关性青光眼
1122,颅底骨折
1123,主动脉瓣狭窄
1124,Ⅰ型超敏反应性疾病
1125,老年人前列腺增生症
1126,恐怖症
1127,风寒感冒
1128,大便失禁
1129,肋间神经痛
1130,多发性末梢神经炎
1131,阳虚
1132,眼眶静脉性血管瘤
1133,心包炎
1134,压迫性视神经病变
1135,周期性麻痹
1136,视网膜中央静脉阻塞
1137,平滑肌肉瘤
1138,无脑儿
1139,腘动脉损伤
1140,外阴早期浸润性鳞癌
1141,急性甲状腺炎
1142,磷中毒
1143,卵巢癌
1144,肾虚眩晕
1145,体温过低
1146,沙漠疮
1147,真菌性巩膜炎
1148,预激综合征
1149,尿道结石
1150,肾虚耳鸣
1151,内耳膜迷路积水
1152,纵隔囊肿及肿瘤
1153,眼睑炭疽
1154,痰火
1155,神经系统的放射性损伤
1156,前房积血与青光眼
1157,横结肠扭转
1158,极外侧型腰椎间盘突出症
1159,非炎性单纯性突眼
1160,鼻出血
1161,巨幼细胞性贫血
1162,皮肤神经瘤
1163,原发性甲状旁腺功能亢进症
1164,皮肤平滑肌瘤
1165,梅尼埃病
1166,太田痣
1167,急性乳突炎
1168,克里米亚-刚果出血热
1169,小儿肺不张
1170,巨大胎儿
1171,鞍上生殖细胞瘤
1172,先天性跖骨内收畸形
1173,产褥感染
1174,食道癌
1175,急性早幼粒细胞白血病
1176,小儿呕吐
1177,项痹
1178,新生儿溶血病
1179,舌癌
1180,潜伏梅毒
1181,小腿动脉损伤
1182,嵌顿包茎
1183,结肠炎
1184,老年人再生障碍性贫血
1185,骨神经纤维瘤
1186,表皮囊肿
1187,阿米巴性阴道炎
1188,脂肪瘤
1189,特发性肺纤维化
1190,细菌感染性肺炎
1191,妊娠期甲状腺功能亢进
1192,新生儿中毒性红斑
1193,浅部急性淋巴结炎和淋巴管炎
1194,成人呼吸窘迫综合征
1195,子宫恶性肿瘤
1196,男性乳腺癌
1197,胸锁关节脱位
1198,胆囊平滑肌肉瘤
1199,角膜擦伤
1200,老年人高渗性非酮症糖尿病昏迷
1201,春季卡他性结膜炎
1202,无排卵性不孕症
1203,帽状腱膜下脓肿
1204,幼儿急疹
1205,失盐性肾炎
1206,胆汁淤积性黄疸
1207,冻伤
1208,暑瘵
1209,缺血性结肠炎
1210,外阴白化病
1211,鼓胀
1212,胸骨骨折
1213,外阴炎
1214,阴囊湿疹
1215,下尺桡关节脱位
1216,软骨发育不全
1217,淀粉样变心肌病
1218,蛛网膜炎
1219,直肠脱垂
1220,小儿特发性肺含铁血黄素沉着症
1221,色素性静脉旁视网膜脉络膜萎缩
1222,老年人单纯疱疹病毒性脑炎
1223,格子状角膜营养不良
1224,脑膜炎
1225,肌肉萎缩
1226,猫眼疮
1227,结核性膀胱自发破裂
1228,脑病
1229,脏躁
1230,尿毒症性心肌病
1231,鼻窦粘液囊肿
1232,脑外伤所致精神障碍
1233,静脉曲张
1234,脊髓小脑性共济失调
1235,氯气中毒
1236,胃肠道癌转移卵巢
1237,颅骨缺损
1238,半椎体畸形
1239,脑脓肿
1240,药物中毒性周围神经病
1241,过敏性紫癜
1242,痴呆
1243,动脉导管未闭
1244,股骨颈骨折
1245,肛门异位
1246,骨肉瘤
1247,痰毒
1248,癔病性昏厥
1249,平山病
1250,先天性多发性关节挛缩症
1251,先天性椎体畸形
1252,水、电解质紊乱伴发的精神障碍
1253,奋森咽峡炎
1254,走黄
1255,小儿急性胆囊炎
1256,慢性舌扁桃体炎
1257,糖尿病伴发的葡萄膜炎
1258,急性会厌炎
1259,儿童抽动障碍
1260,子宫脱垂
1261,胰腺炎
1262,皮赘
1263,外伤性食管穿孔
1264,先天性喉喘鸣
1265,帕金森
1266,抑郁性神经症
1267,肠系膜囊肿
1268,上消化道出血
1269,细菌感染
1270,骶尾部畸胎瘤
1271,内分泌性肌病
1272,淋巴水肿
1273,老年褥疮
1274,呕吐
1275,链球菌性咽炎
1276,肉芽肿性唇炎
1277,肝火眩晕
1278,老年人颅内压增高
1279,女性尿道癌
1280,坏血病
1281,异常血红蛋白病
1282,卵巢未成熟畸胎瘤
1283,慢性劳损性颈背部筋膜纤维织炎
1284,颈椎骨折脱位
1285,纤维瘤
1286,肝大
1287,热入血室
1288,粪瘘
1289,消化性溃疡
1290,肩胛颈及肩胛盂骨折
1291,脓毒症和菌血症
1292,小儿多器官功能障碍综合征
1293,肱骨骨折
1294,小儿肝性脑病
1295,黑舌
1296,甲状腺功能减退
1297,椎管狭窄
1298,难产
1299,小儿急性喉炎
1300,牙髓病
1301,阿米巴性宫颈炎
1302,放射性心包炎
1303,增生性骨关节病
1304,热带口炎性腹泻
1305,老年人睡眠呼吸暂停综合征
1306,肝脓肿
1307,皮下T细胞淋巴瘤
1308,浅表性胃炎
1309,输卵管粘连
1310,十二指肠内瘘
1311,皮脂腺癌
1312,特发性黄斑部前膜
1313,涎瘘
1314,遗传性干瘪红细胞增多症
1315,膀胱咳
1316,新生儿颅内出血
1317,脑炎
1318,梅毒性葡萄膜炎
1319,腹壁坏死性筋膜炎
1320,中毒性白内障
1321,卡氏肺囊虫病
1322,三尖瓣闭锁
1323,急性湿疹
1324,眼球突出
1325,小儿哮喘性肌萎缩综合征
1326,多系统器官功能衰竭
1327,淋巴结炎
1328,卟啉病
1329,滑膜肉瘤
1330,膀胱外翻
1331,肌肉痉挛
1332,恶性黑色素瘤
1333,小儿法洛四联症
1334,疖
1335,乳房结核
1336,额颞痴呆
1337,小儿肺炎链球菌肺炎
1338,前庭大腺炎
1339,老年人心脏猝死
1340,输尿管炎
1341,体癣
1342,卵巢肿瘤
1343,色素绒毛结节性滑膜炎
1344,月经过多
1345,心力衰竭
1346,单纯疱疹病毒性角膜炎
1347,感染性心内膜炎
1348,直肠癌
1349,外阴表皮内瘤变
1350,主动脉瘤
1351,膀胱移行细胞癌
1352,抽搐与惊厥
1353,经行舌麻
1354,疱疹样湿疹
1355,棘突压痛
1356,老年人急进性肾炎
1357,三焦咳
1358,粪类圆线虫病
1359,输卵管积水
1360,骶骼筋膜脂肪疝
1361,农药中毒性肾病
1362,二尖瓣关闭不全
1363,食物中毒
1364,老年人急性肾功能衰竭
1365,休息痢
1366,病毒性肺炎
1367,老年人原发性血小板增多症
1368,泌尿生殖系阿米巴病
1369,心脏肿瘤
1370,脑瘫
1371,恶性青光眼
1372,乳房肥大症
1373,成人全垂体功能减退
1374,情感障碍
1375,神经鞘瘤
1376,丁型病毒性肝炎
1377,传染性软疣
1378,老年人食管癌
1379,硬脊膜外脓肿
1380,肠出血性大肠埃希杆菌感染
1381,隐睾
1382,败血症
1383,破伤风
1384,阴茎异常勃起
1385,淋病
1386,腹膜假黏液瘤
1387,流产
1388,漏斗胸
1389,玫瑰糠疹
1390,原发性纵隔感染
1391,肝脏类癌
1392,小儿急性呼吸窘迫综合征
1393,千日疮
1394,亚临床甲状腺功能亢进
1395,慢性溃疡性非肉芽肿性空肠回肠炎
1396,小儿无甲状腺性克汀病
1397,胆囊肿瘤
1398,结肠癌
1399,肾周脓肿
1400,麻疹样红斑型药疹
1401,糖尿病合并低血糖
1402,产后抑郁症
1403,肾小球肾炎
1404,血症
1405,急性膀胱炎
1406,输尿管结石
1407,营养性巨幼红细胞性贫血
1408,筋瘤
1409,精神障碍
1410,阿斯综合征
1411,高眼压症
1412,牙髓炎
1413,急性肾功能不全
1414,慢性骨髓炎
1415,小儿结节病
1416,新生儿呕血和便血
1417,急性失血性贫血
1418,乳腺囊性增生症
1419,眼睑痉挛-口下颏部肌张力障碍
1420,手足徐动症
1421,多源性房性心动过速
1422,胆结石
1423,儿童腹痛
1424,儿童自闭症
1425,感染性血小板减少性紫癜
1426,颈椎间盘突出症
1427,咳嗽变异性哮喘
1428,化脓性颅骨骨髓炎
1429,基底细胞癌
1430,睡眠障碍
1431,溃疡坏死性口炎
1432,亚临床甲状腺功能减退症
1433,嗜酸粒细胞增多症
1434,小儿遗传性痉挛性截瘫
1435,小儿便秘
1436,小儿坏死性龈口炎
1437,亚急性感染性心内膜炎
1438,宫颈外翻
1439,脊髓灰质炎
1440,大肠癌
1441,脾功能亢进
1442,急性肺源性心脏病
1443,绝经期乳腺癌
1444,中暑衰竭
1445,功血
1446,先天性肺动静脉瘘
1447,高渗性非酮症高血糖昏迷
1448,寒痹
1449,茶毛虫皮炎
1450,系统性红斑狼疮伴发的葡萄膜炎
1451,胆囊癌
1452,复发性溃疡
1453,上皮样血管内皮细胞瘤
1454,小儿慢性粒细胞白血病
1455,原发性心脏淋巴瘤
1456,新生儿破伤风
1457,特发性低促性腺激素性性腺功能减退症
1458,肩锁关节脱位
1459,先天性眼球震颤
1460,食管胃底静脉曲张及其破裂出血
1461,原发性心脏横纹肌肉瘤
1462,眼底病
1463,胃寒呕吐
1464,髋关节结核
1465,手足癣
1466,血栓性血小板减少性紫癜
1467,黄褐斑
1468,动脉瘤样骨囊肿
1469,单次发作抑郁症
1470,弓形体病
1471,原发性腹膜炎
1472,关节炎
1473,颌下腺炎
1474,小儿发烧
1475,新生儿低钙血症
1476,硬肿症
1477,意识障碍
1478,高血压
1479,慢性单纯性咽炎
1480,黄体功能不全性不孕
1481,牙周炎
1482,急进性肾小球肾炎
1483,急性髓细胞白血病
1484,低血容量性休克
1485,近视眼
1486,全身黏液性水肿
1487,髌骨骨折
1488,铜绿假单胞菌性角膜炎
1489,骨折
1490,小儿丘疹性肢皮炎综合征
1491,地方性甲状腺肿
1492,落枕
1493,脐疝
1494,急性高原病
1495,鼻中隔脓肿
1496,须部假毛囊炎
1497,小儿维生素D缺乏性手足搐搦症
1498,儿童糖尿病
1499,不稳定血红蛋白病
1500,牙源性皮瘘
1501,中耳炎
1502,脐炎
1503,老年人先天性心血管疾病
1504,狼疮性肾炎
1505,昏迷
1506,肝风内动证
1507,转移性肝癌
1508,小儿致心律失常性右室心肌病
1509,垂体瘤
1510,脂质沉积性肌病
1511,小儿支气管扩张
1512,角膜病变
1513,角膜病
1514,阴虚
1515,膈疝
1516,淋巴管炎
1517,乳管内乳头状瘤
1518,巨细胞动脉炎
1519,肠炎
1520,肝著
1521,行军性血红蛋白尿
1522,心动过速性心肌病
1523,腹型偏头痛综合征
1524,颅脑损伤
1525,血管内乳头状血管内皮细胞瘤
1526,扩张型心肌病
1527,肠结核
1528,肺热咳嗽
1529,乳头皲裂
1530,腹腔脓肿
1531,乳房单纯囊肿
1532,皮脂腺痣
1533,小儿嗜血性流行性感冒杆菌脑膜炎
1534,口腔癌
1535,荨麻疹性血管炎
1536,小儿肥胖
1537,皮肤囊肿
1538,牙龈炎
1539,产后痉症
1540,低渗性脱水
1541,脊髓压迫症
1542,心血管疾病
1543,吞咽困难
1544,输卵管性不孕
1545,小儿急性喉气管支气管炎
1546,龋齿
1547,腺瘤
1548,鼓膜外伤
1549,中性粒细胞减少症
1550,淋球菌性腹膜炎
1551,乙状结肠扭转
1552,眼球破裂伤
1553,肾性氨基酸尿
1554,急性扁桃体炎
1555,舌咽神经痛
1556,泌尿生殖系支原体感染
1557,库欣综合征
1558,巨舌
1559,酒精中毒
1560,泪囊炎
1561,缺血性心肌病
1562,压力性尿失禁
1563,急性淋巴管炎
1564,视网膜静脉阻塞
1565,弱智
1566,大动脉炎
1567,急性心肌梗死
1568,盆腔结缔组织炎
1569,胰头癌
1570,自身免疫性疾病
1571,卵巢炎
1572,痛风性关节炎
1573,尺桡骨干双骨折
1574,急性动脉栓塞
1575,软产道异常性难产
1576,视网膜下新生血管膜
1577,支气管肺炎
1578,皮肌炎
1579,水蛭咬伤
1580,风湿寒性关节痛
1581,半乳糖血症
1582,细菌性角膜溃疡
1583,运动员胸背与腰背痛
1584,三尖瓣关闭不全
1585,短暂性脑缺血发作
1586,寒湿泄泻
1587,细菌性肝脓肿
1588,前葡萄膜炎
1589,气管炎
1590,小肠实热
1591,挛痹
1592,毛细血管瘤
1593,性欲亢进
1594,心肾不交
1595,嗜酸性粒细胞白血病
1596,成人型慢性粒细胞白血病
1597,复发性外阴阴道念珠菌病
1598,脑脊液鼻漏
1599,软骨肉瘤
1600,慢性血源性骨髓炎
1601,恙虫病性肺炎
1602,出血性休克和脑病综合征
1603,毛细血管扩张性共济失调综合征
1604,肝性脑病
1605,睾丸炎
1606,慢性胃炎
1607,尖锐湿疣
1608,颅底凹陷症
1609,膜增生性肾小球肾炎
1610,小儿营养不良性消瘦
1611,高钾血症
1612,男性假两性畸形
1613,脉络膜黑色素瘤
1614,阴道腺癌
1615,肢端肥大症
1616,外伤性颈内动脉海绵窦瘘
1617,钝挫伤
1618,胆肠内引流术后内疝
1619,腹主动脉瘤
1620,肥大性骨关节病
1621,眼眶神经鞘瘤
1622,位置性眩晕
1623,结节性红斑
1624,桡骨下端骨折
1625,先天性巨结肠
1626,中心性渗出性脉络膜视网膜炎
1627,缺血性肝炎
1628,闭塞性动脉硬化
1629,羊水过少
1630,腹膜后纤维化
1631,无精症
1632,软组织肿瘤
1633,阴道恶性肿瘤
1634,膀胱湿热
1635,肢端纤维角化瘤
1636,视神经萎缩
1637,肾性尿崩症
1638,咳嗽晕厥综合征
1639,溶血性链球菌性坏疽
1640,干燥性鼻炎
1641,肝病
1642,产褥中暑
1643,心包囊肿
1644,新生儿黄疸
1645,Pasini-Pierni进行性特发性皮肤萎缩
1646,毛囊脓疱病
1647,脊髓内脓肿
1648,脉痹
1649,不安腿综合征
1650,腹股沟斜疝
1651,皮肤恶性黑色素瘤
1652,微小核糖核酸病毒性角膜炎
1653,永存原始玻璃体增生症
1654,湿热病
1655,脓疱性细菌疹
1656,眼球震颤阻滞综合征
1657,肝咳
1658,老年人慢性粒细胞白血病
1659,SAS
1660,链球菌感染
1661,脱发性毛囊炎
1662,性欲减退
1663,外阴癌
1664,肝阳上亢
1665,高渗性非酮症性糖尿病昏迷
1666,原发性肾上腺皮质功能减退症
1667,皮脂囊肿病
1668,产后伤食
1669,萎缩性胃炎
1670,舌下间隙感染
1671,糖尿病酮症酸中毒
1672,心肌梗死后心包炎
1673,小儿周期性低血钾性麻痹
1674,鼠疫
1675,男性不育
1676,小儿风湿热
1677,心脏内粘液瘤
1678,念珠菌病
1679,糖尿病和高血压
1680,肾动脉狭窄
1681,小儿基底细胞痣综合征
1682,骨巨细胞瘤
1683,血虚头痛
1684,诺瓦克病毒性胃肠炎
1685,窥阴癖
1686,脑血管瘤
1687,骨软骨瘤
1688,小儿进行性骨化性肌炎
1689,乳头肌功能不全
1690,卵泡囊肿
1691,左束支中隔支传导阻滞
1692,结节性硬化病
1693,桡神经麻痹
1694,阴囊炎
1695,小儿遗传性血管神经性水肿
1696,吸入性肺炎
1697,乳房缺少症
1698,乳头状汗腺腺瘤
1699,麻风病
1700,匐行性角膜溃疡
1701,脉络膜新生血管
1702,老年人胸腔积液与胸膜炎
1703,心肌梗塞
1704,骨纤维肉瘤
1705,先天性胫骨假关节
1706,葡萄糖-6-磷酸脱氢酶缺乏症
1707,新生儿喉喘鸣
1708,尺神经损伤
1709,门静脉高压
1710,闭合性脑外伤
1711,胰瘘
1712,相对性红细胞增多症
1713,口腔白斑
1714,嗜酸细胞增多性非变态反应性鼻炎
1715,红斑
1716,办公室综合症
1717,小脑扁桃体下疝
1718,老年人阳性杆菌肺炎
1719,肾上腺素能依赖性尖端扭转性室性心动过速
1720,胸主动脉夹层动脉瘤
1721,胫腓骨骨折
1722,肾积脓
1723,关节疼痛
1724,膈肌肿瘤
1725,急性子宫内膜炎
1726,腹膜后淋巴结炎
1727,早泄
1728,获得性免疫缺陷综合征相关淋巴瘤
1729,鼻中隔偏曲
1730,Theodore上方角膜缘角结膜炎
1731,咽喉部外伤
1732,食管压迫型颈椎病
1733,牙周萎缩
1734,喉疮
1735,颠茄碱类植物药物中毒
1736,贲门癌
1737,Reiter综合征
1738,跟骨骨骺骨软骨病
1739,颅内脂肪瘤
1740,眼球震颤
1741,睑皮松垂症
1742,水疱型脚气
1743,纤维瘤病
1744,白喉性心肌炎
1745,新生儿失血性贫血
1746,放射性心脏损害
1747,甲沟炎
1748,中暑
1749,表层巩膜炎
1750,粘连性中耳炎
1751,蝎子螫伤
1752,淋球菌感染
1753,空气栓塞
1754,带状角膜病变
1755,腰痛-血尿综合征
1756,急性脂肪皮肤硬化症
1757,系统性红斑狼疮
1758,小儿急性肠系膜淋巴结炎
1759,咽部混合瘤
1760,白睛溢血
1761,暴发性肝衰竭
1762,产后甲状腺炎
1763,铊中毒
1764,红细胞生成性卟啉病
1765,腹胀
1766,温抗体型自身免疫性溶血性贫血
1767,小儿维生素B6缺乏病
1768,弯曲菌肠炎
1769,盆腔腹膜炎
1770,视网膜血管炎
1771,颅内出血
1772,脑栓塞
1773,葡萄球菌感染
1774,扁桃体炎
1775,萎缩性鼻炎
1776,食管炎
1777,面瘫
1778,溶组织内阿米巴病
1779,类风湿性关节炎的肾损害
1780,眼眶脓肿
1781,食管穿孔
1782,先天性声带发育不良
1783,谵妄
1784,感染性腹泻
1785,脑膜瘤
1786,神经鞘黏液瘤
1787,颅内动脉瘤
1788,小儿颈交感神经麻痹综合征
1789,小儿惊厥
1790,视盘水肿
1791,食管裂孔疝
1792,真菌性心包炎
1793,角膜基质炎
1794,老年男性性功能障碍
1795,慢性卡他性结膜炎
1796,遗传性粪卟啉病
1797,宫腔积脓
1798,周期性四肢运动障碍
1799,特发性血小板减少性紫癜
1800,金黄色葡萄球菌肺炎
1801,脑膨出和脑脊膜膨出
1802,电解质紊乱
1803,胃神经纤维瘤
1804,疮疡
1805,胸壁深部软组织感染
1806,升主动脉瘤
1807,急性胃扩张
1808,呼吸性碱中毒
1809,血栓性浅静脉炎
1810,急性肠系膜上动脉梗死
1811,风热犯肺
1812,踝关节扭伤
1813,淤滞性皮下硬化症
1814,前庭大腺癌
1815,小儿支原体肺炎
1816,视网膜炎
1817,系统性红斑狼疮性巩膜炎
1818,窦性停搏
1819,嗜酸细胞性胃肠炎
1820,老年人支气管哮喘
1821,急性肠梗阻
1822,慢性闭角型青光眼
1823,外阴血管瘤
1824,阻塞性肺气肿
1825,眼睑丹毒
1826,虹膜睫状体炎
1827,慢性额窦炎
1828,四肢淋巴水肿
1829,蛋白尿
1830,软组织肉瘤
1831,老年人睡眠障碍
1832,宫颈炎
1833,咽部神经鞘膜瘤
1834,阴道异物
1835,肾脏损伤
1836,新生儿呼吸暂停
1837,天疤疮
1838,脊椎结核
1839,系统性红斑狼疮所致脊髓病
1840,白癜风
1841,男性青春期发育延迟
1842,瘢痕癌
1843,结胸证
1844,乳头内陷
1845,慢性腰背痛
1846,类风湿性关节炎
1847,虚寒咳嗽
1848,外痔
1849,小儿呼吸衰竭
1850,恶性肿瘤所致贫血
1851,乳房神经纤维瘤
1852,喉炎
1853,腕管综合征
1854,肠伤寒穿孔
1855,汗孔周围炎及多发性汗腺脓肿
1856,皮脂腺腺瘤
1857,颅骨骨髓炎
1858,房室传导阻滞
1859,球麻痹
1860,球后视神经炎
1861,生殖道肿瘤皮肤转移
1862,静脉炎
1863,过敏性鼻炎
1864,肺大疱
1865,前列腺炎
1866,手足发绀症
1867,嗅觉障碍
1868,躯体感觉障碍
1869,单纯性外阴炎
1870,外耳道疖肿
1871,脊髓蛛网膜炎
1872,老年人脑栓塞
1873,肘关节脱位
1874,耳后骨膜下脓肿
1875,脐膨出
1876,小儿维生素C缺乏病
1877,痉挛性脑瘫
1878,小儿癫痫
1879,寄生虫
1880,上皮样肉瘤
1881,慢性胆囊炎
1882,慢性咽炎
1883,高心病
1884,子宫内膜增生
1885,血色病性骨关节病
1886,尿道癌
1887,急性海绵窦栓塞性静脉炎
1888,甲亢
1889,产后泌尿道感染
1890,急性胃炎
1891,糖尿病足
1892,咽部异物
1893,化脓性角膜炎
1894,乳房纤维瘤
1895,脂溢性皮炎
1896,周围神经病损
1897,假痛风性关节炎
1898,脂肪肝
1899,松毛虫病骨关节病
1900,乳房肿块
1901,急性虹膜睫状体炎
1902,经行失眠
1903,过敏性肉芽肿性血管炎相关巩膜炎
1904,外耳道炎
1905,急性视网膜色素上皮炎
1906,持久性色素异常性红斑
1907,先天性白内障
1908,肺癌
1909,结节性硬化症
1910,小儿消化性溃疡
1911,子宫恶性中胚叶混合瘤
1912,颈椎先天融合畸形
1913,阿米巴肠病
1914,老年人胰腺癌
1915,小儿一氧化碳中毒
1916,干燥性角结膜炎
1917,下肢静脉血栓
1918,肾绞痛
1919,布氏杆菌红斑
1920,新生儿肝脾肿大
1921,腺性膀胱炎
1922,肝母细胞瘤
1923,结核性脑膜炎
1924,伊藤痣
1925,进行性脂肪营养不良
1926,四环素牙
1927,畸形性吞咽困难
1928,腹主动脉动脉瘤破裂
1929,脚气病
1930,气腹痛
1931,乳头侵蚀性腺瘤病
1932,腰椎间盘突出
1933,水痘肺炎
1934,结核性脓胸
1935,尘螨过敏性哮喘
1936,疱疹性咽峡炎
1937,急性闭角型青光眼
1938,手指屈肌腱鞘炎
1939,肌腱炎
1940,儿童睡眠障碍
1941,过敏性血管炎
1942,坏死性结节病样肉芽肿病
1943,色素性口周红斑
1944,瘫痪
1945,纵隔畸胎瘤
1946,软骨瘤
1947,卵巢卵黄囊瘤
1948,结直肠损伤
1949,消化道憩室病
1950,肾小管性酸中毒
1951,胆道感染
1952,大汗腺癌
1953,子痫
1954,硬脑膜外和硬脑膜下脓肿
1955,膝关节骨性关节炎
1956,嗜铬细胞瘤
1957,十二指肠瘘
1958,甲状腺功能亢进性心肌病
1959,吞入异物
1960,新生儿低血糖症
1961,癌性疼痛
1962,屈光参差
1963,青光眼
1964,神经质
1965,小儿共济失调毛细血管扩张综合征
1966,股癣
1967,晶体脱位
1968,放射性脊髓病
1969,小儿缺铁性贫血
1970,慢性疲劳综合症
1971,真两性畸形
1972,鼻窦炎
1973,巨乳症
1974,眼部神经纤维瘤病
1975,肺结核
1976,细菌性肺炎
1977,视网膜母细胞瘤
1978,眼眶骨肉瘤
1979,神经性头痛
1980,人格障碍
1981,局灶性节段性肾小球硬化
1982,门静脉高压症
1983,冬季瘙痒症
1984,产后目病
1985,其他类精神活性物质依赖
1986,病毒性出血热
1987,肺部粪类圆线虫病
1988,肝脏肿瘤
1989,高颅压性脑积水
1990,背痈
1991,间歇依赖型尖端扭转型室性心动过速
1992,结核性中耳乳突炎
1993,肝硬化
1994,性功能障碍
1995,脂肪栓塞综合征
1996,面肌抽搐
1997,胸降主动脉动脉瘤
1998,药物性心肌病
1999,小儿系统性红斑狼疮
2000,原发性肝癌
2001,鼻息肉
2002,佝偻病
2003,外阴良性肿瘤
2004,妊娠合并类风湿关节炎
2005,遗传性椭圆形红细胞增多症
2006,视网膜脱落
2007,慢性肥厚性鼻炎
2008,金疮
2009,小儿神经皮肤综合征
2010,低钙血症
2011,新生儿发热
2012,动脉炎
2013,小儿感染性休克
2014,硬皮病食管
2015,膈下脓肿
2016,特殊型子宫肌瘤
2017,肺脓肿
2018,前十字韧带损伤
2019,颅内肿瘤
2020,腹水
2021,颈部淋巴结转移癌
2022,视网膜色素变性
2023,大泡性角膜病变
2024,气痢
2025,盆腔脓肿
2026,毛发腺瘤
2027,股骨头骨折
2028,虹膜色素痣
2029,葡萄膜炎
2030,甲状腺功能亢进伴发的精神障碍
2031,外伤性癫痫
2032,COPD
2033,眼眶肉瘤
2034,继发性铁粒幼细胞性贫血
2035,乳房导管内乳头状瘤
2036,玻璃体猪囊虫病
2037,原发性婴幼儿型青光眼
2038,老年人病毒性肝炎
2039,绝经后子宫颈癌
2040,结节病
2041,血吸虫病与肝胆疾病
2042,肘关节强直与纤维性僵硬
2043,听小骨创伤
2044,股神经干性痛
2045,阴道横纹肌肉瘤
2046,老年人心内膜炎
2047,脑积水
2048,黑色丘疹性皮肤病
2049,小儿视网膜母细胞瘤
2050,雷诺病
2051,弓形体病性巩膜炎
2052,鼻中隔穿孔
2053,视网膜病变
2054,耳聋
2055,产后喘促
2056,呼吸衰竭
2057,静脉血栓形成
2058,脾劳
2059,血管运动性鼻炎
2060,慢性盆腔疼痛
2061,小儿遗传性大疱性表皮松解症
2062,阿斯伯格综合症
2063,尿道综合征
2064,小肠梗阻
2065,神经病
2066,非冻结性冷伤
2067,阳痿
2068,胸椎黄韧带骨化症
2069,脑脊液漏
2070,蜂窝织炎
2071,隐匿型乳腺癌
2072,中枢神经系统感染
2073,腓总神经损伤
2074,胆管结石与胆管炎
2075,肺隐球菌病
2076,神经发育迟滞
2077,慢性结肠炎
2078,心脾两虚
2079,老年人低血糖昏迷
2080,慢性酒中毒
2081,肉痉
2082,扁平足
2083,出血热
2084,肝癌
2085,结膜炎
2086,胸骨骨髓炎
2087,肱骨干骨折
2088,骨结核
2089,肝硬化性肾损害
2090,新生儿脓疱病
2091,泛发性特发性毛细血管扩张
2092,红皮病
2093,关节痛
2094,急性化脓性胆管炎
2095,子宫收缩乏力
2096,单纯疱疹病毒感染症
2097,小儿过敏性鼻炎
2098,小儿急性化脓性甲状腺炎
2099,扁平苔癣
2100,复发性卵巢恶性肿瘤
2101,外伤后颅内积气
2102,皮肤软骨瘤
2103,持续性输卵管妊娠
2104,小儿双唇综合征
2105,慢性纵隔炎
2106,出血性膀胱炎
2107,新生儿脓疱疮
2108,躁狂症
2109,化脓性汗腺炎
2110,原发性青光眼
2111,神经官能症
2112,医用药物中毒所致的精神障碍
2113,产后虚脱
2114,中间葡萄膜炎
2115,吸收不良综合征
2116,浅表性皮肤脂肪瘤痣
2117,高钙血症
2118,非肾上腺素增生性假两性畸形
2119,毛发红糠疹
2120,性厌恶
2121,前列腺结石
2122,霍奇金淋巴瘤
2123,骨盆骨折
2124,黄斑裂孔性视网膜脱离
2125,鼻旁窦支气管综合征
2126,荨麻疹
2127,心绞痛
2128,肌张力异常
2129,脑外伤后综合征
2130,寒冷性红斑
2131,蚕蚀性角膜溃疡
2132,胫骨平台骨折
2133,急性卡他性结膜炎
2134,牛痘样水疱病
2135,溶血
2136,大肠埃希杆菌性胃肠炎
2137,骨膜炎
2138,接触性皮炎
2139,阴道黑色素瘤
2140,三痹
2141,贲门失弛缓症
2142,胃溃疡性穿孔
2143,急性盆腔炎
2144,蝶骨脑膜瘤的眼眶病变
2145,慢性硬脑膜外血肿
2146,小脑扁桃体疝
2147,全身化脓性感染
2148,慢性细菌性前列腺炎
2149,创伤性鼻出血
2150,胆囊结石
2151,肱骨头骨折
2152,复发性腹膜后肿瘤
2153,痢疾后综合症
2154,股骨转子下骨折
2155,酒精中毒性肌病
2156,心源性猝死
2157,钩端螺旋体肺炎
2158,慢性肾性贫血
2159,湿毒疮
2160,高血压脑病
2161,变应性皮肤血管炎
2162,眶蜂窝织炎
2163,磨损
2164,获得性免疫缺陷综合征视网膜病变
2165,脉络膜出血
2166,阿尔茨海默病性痴呆
2167,腹膜后间隙出血
2168,卡氏肺囊虫肺炎
2169,遗传性铁粒幼细胞性贫血
2170,染色体异常
2171,膜性结膜炎
2172,内痔
2173,下消化道出血
2174,气疝
2175,泡性眼炎
2176,弥漫性筋膜炎
2177,慢性乳腺炎
2178,肾盂输尿管连接部梗阻
2179,小儿结核性胸膜炎
2180,不射精症
2181,肾发育不全
2182,肾功能衰竭
2183,流行性角结膜炎
2184,视束病变
2185,缺血性肠绞痛
2186,多指畸形
2187,骨肿瘤
2188,眼眶骨膜炎
2189,创伤性气胸
2190,农药中毒所致的精神障碍
2191,风寒犯肺
2192,Ⅲ型超敏反应性疾病
2193,心内膜弹性纤维增生症
2194,变态反应性结膜炎
2195,血小板减少症
2196,再生障碍性贫血
2197,男性乳房肥大症
2198,外伤性脑室内出血
2199,急性颈椎间盘突出症
2200,急性眼眶蜂窝织炎
2201,角膜炎
2202,梅毒性心血管病
2203,产后出血
2204,原发性硬化性胆管炎
2205,痛风
2206,小儿维生素E缺乏病
2207,膝关节脱位
2208,口臭
2209,无汗症
2210,小儿成人型慢性粒细胞白血病
2211,创伤性溃疡
2212,间质性肾炎
2213,丘疹坏死性结核疹
2214,小儿硬皮病
2215,寻常疣
2216,腺性唇炎
2217,倒睫
2218,迁延性昏迷
2219,急性气管－支气管炎
2220,浆细胞瘤
2221,人流后妇科病
2222,多发性骨髓瘤病肾病
2223,丁肝
2224,纵隔脓肿
2225,中毒性休克综合征
2226,潮热
2227,家族性出血性肾炎（Alport综合征）
2228,坏死性筋膜炎
2229,耳湿疹
2230,掌指关节脱位
2231,钩虫病
2232,胃、十二指肠溃疡急性穿孔
2233,脱臼
2234,发作性睡病
2235,食管类癌
2236,垂体性侏儒症
2237,结核性角膜病变
2238,肌营养不良症
2239,头风病
2240,包涵体性结膜炎
2241,甲癣
2242,脊髓分裂症
2243,腹膜后感染与脓肿
2244,病毒性肝炎
2245,急性阑尾炎
2246,后部多形性角膜营养不良
2247,化脓性腮腺炎
2248,上腔静脉综合征
2249,附睾炎
2250,血管炎
2251,遗传性共济失调
2252,脑静脉畸形
2253,功能性消化不良
2254,网状青斑
2255,脱发
2256,溃疡性结肠炎
2257,慢性肉芽肿病
2258,哮喘
2259,阴道横隔
2260,HIV相关呼吸道感染
2261,拟除虫菊类农药中毒
2262,眼球突出症
2263,伤寒与副伤寒
2264,维生素D依赖性佝偻病
2265,眼眶纤维肉瘤
2266,外伤后头痛
2267,继发性高血压
2268,妊娠高血压综合征
2269,横纹肌肉瘤
2270,自身免疫性溶血性贫血
2271,萎缩性咽炎
2272,肾积水
2273,继发性红细胞增多症
2274,春季结膜炎
2275,膀胱肿瘤
2276,眼眶淋巴管瘤
2277,视网膜脱离
2278,肺纤维化
2279,肝囊肿
2280,角膜溃疡
2281,发疱性甲虫皮炎
2282,黑色素斑-胃肠多发性息肉综合征
2283,肾脓肿
2284,固定性斜视
2285,小儿胆道蛔虫症
2286,脑梗死
2287,软骨黏液样纤维瘤
2288,肺念珠菌病
2289,棘球蚴病
2290,开合
2291,肝豆状核变性
2292,中老年男子部分性雄激素缺乏综合征
2293,偏瘫型偏头痛
2294,惊风
2295,胰腺脓肿
2296,高脂血症
2297,股疝
2298,葡萄痔
2299,复发性多软骨炎性
2300,睾丸癌
2301,老年人颈性眩晕
2302,精囊恶性肿瘤
2303,胆脂瘤型中耳炎
2304,心房扑动
2305,颈部开放性损伤
2306,胆道出血
2307,强迫症
2308,输卵管结核
2309,复发性腹股沟疝
2310,真菌性尿路感染
2311,硬化症
2312,大咯血
2313,外阴卵黄囊瘤
2314,实体肿瘤的肾损害
2315,急性白血病
2316,乳腺炎
2317,神经肽性肢端感觉异常
2318,咯血
2319,慢性肝炎
2320,小儿迁延与慢性腹泻
2321,转移性骨肿瘤
2322,痉挛性斜颈
2323,血小板减少性紫癜
2324,兽咬伤
2325,眼底出血
2326,肝纤维化
2327,呼吸性酸中毒
2328,后发性白内障
2329,小儿原发性甲状旁腺功能亢进症
2330,小儿疳痢
2331,热汗
2332,特应性皮炎
2333,阿片类药物中毒
2334,重复尿道
2335,非细菌性血栓性心内膜炎
2336,神经根型颈椎病
2337,柯萨奇病毒感染
2338,白点病
2339,食管囊肿
2340,坐板疮
2341,小儿肝硬化
2342,恶性高血压视网膜病变
2343,胃食管反流病
2344,慢性缩窄性心包炎
2345,血栓形成
2346,外阴汗管瘤
2347,多发性颅内血肿
2348,老年人呼吸衰竭
2349,痰饮
2350,先天性非溶血性黄疸
2351,非酮症高血糖-高渗性昏迷
2352,尿毒症
2353,肝火犯肺
2354,慢性盆腔炎
2355,咳嗽
2356,言语和语言发育障碍
2357,虹膜炎
2358,急性女阴溃疡
2359,心动过缓
2360,出血性疾病
2361,营养代谢障碍疾病
2362,唇病
2363,眼球运动障碍
2364,急性中耳炎
2365,食管肿瘤
2366,原发性开角型青光眼
2367,骨硬化病
2368,小儿营养不良
2369,子宫性不孕
2370,单发性骨软骨瘤
2371,头皮感染
2372,多形红斑
2373,胸椎椎管狭窄症
2374,鼻红粒病
2375,胆道蛔虫病
2376,皮肤瘙痒症
2377,急性舌扁桃体炎
2378,硬脑膜下血肿
2379,紫癜
2380,老年人慢性肾功能衰竭
2381,老年人重症肌无力
2382,神经型食物中毒
2383,肺炭疽
2384,肝炎后综合征
2385,气胸
2386,急性脓肿
2387,结肠扭转
2388,空调病
2389,毛细血管扩张性环状紫癜
2390,非性病性梅毒
2391,鳄皮婴儿综合征
2392,开角型青光眼
2393,蛛网膜下腔出血
2394,胸腺囊肿
2395,咽部脊索瘤
2396,膀胱膨出
2397,牙隐裂
2398,弯曲菌性肠炎
2399,视神经炎
2400,子宫颈肉瘤
2401,经行头痛
2402,假性肠梗阻
2403,子宫内膜异位症
2404,肺疟疾病
2405,慢性病贫血
2406,橄榄体脑桥小脑萎缩
2407,急性淋巴结炎
2408,胸部阿米巴病
2409,左心房心律
2410,睡美人症候群
2411,精索恶性肿瘤
2412,绝经
2413,皮肤纤维瘤
2414,原发性血小板增多症
2415,奔豚气
2416,绝经与心血管疾病
2417,亚急性甲状腺炎
2418,慢性阻塞性腮腺炎
2419,带状疱疹
2420,盲肠扭转
2421,继发于无晶状体眼和人工晶状体眼的青光眼
2422,前置胎盘
2423,粉刺
2424,浆细胞性唇炎
2425,寰椎骨折脱位
2426,单纯性甲状腺肿
2427,肝纤维板层癌
2428,灰指甲
2429,汞中毒
2430,急性间歇性卟啉病
2431,创伤性骨化性肌炎
2432,胆总管结石
2433,小儿脓窠疮
2434,老年人主动脉瘤
2435,尿路梗阻
2436,急性肺水肿
2437,十二指肠结核
2438,拇外翻
2439,高镁血症
2440,消化道重复畸形
2441,结核性溃疡
2442,胃扭转
2443,脊神经根炎
2444,室性期前收缩
2445,性病神经症
2446,新生儿败血症
2447,厌氧菌肺炎
2448,副神经损伤
2449,窦性心动过缓
2450,乳疬
2451,早孕反应
2452,睾丸肿瘤
2453,风湿性心脏病
2454,溶血尿毒综合征
2455,肛周肿瘤
2456,布病
2457,银屑病关节炎性巩膜炎
2458,出血性输卵管炎
2459,蓝痣
2460,小儿硬脊膜外脓肿
2461,三尖瓣下移畸形
2462,水渍疮
2463,玻璃体疝
2464,骨质疏松
2465,胸椎间盘突出症
2466,疱疹样皮炎
2467,小肠扭转
2468,翼状胬肉
2469,肛裂
2470,触电
2471,肾炎
2472,粟疮
2473,小儿中暑和暑热症
2474,三尖瓣狭窄
2475,多发性神经炎
2476,眼睑带状疱疹
2477,胰腺癌
2478,遗传性凝血因子Ⅹ缺乏
2479,风湿性多肌痛
2480,呼吸系统疾病伴发的精神障碍
2481,肝脏破裂
2482,间质性肺炎
2483,扭转痉挛
2484,麻痹性斜视
2485,子宫内膜癌
2486,血虚眩晕
2487,急性蜂窝组织炎
2488,肠瘘
2489,锁骨骨折
2490,松弛性跖痛症
2491,儿童学习能力障碍
2492,眼眶骨化纤维瘤
2493,皮脂腺囊肿
2494,单纯性肺嗜酸性粒细胞增多症
2495,增殖性红斑
2496,闭经
2497,缺血性坏死
2498,耳鼻咽喉创伤
2499,痒点
2500,心衰
2501,下肢静脉血栓形成
2502,肱骨髁间骨折
2503,重症肌无力危象
2504,双眼上斜肌麻痹
2505,结肠瘘
2506,喉气管食管裂
2507,多发性大动脉炎
2508,眼眶肌炎
2509,静脉曲张综合征
2510,化脓性食管炎
2511,失认症
2512,胸腺瘤
2513,溶血性贫血
2514,原发性淋巴瘤
2515,血吸虫病
2516,原发性输卵管癌
2517,血友病
2518,直肠阴道瘘
2519,进行性脊髓性肌萎缩症
2520,角膜软化症
2521,老年人尿毒症性肺炎
2522,上呼吸道感染
2523,星形病毒胃肠炎
2524,着色性干皮病
2525,婴幼儿舌下囊肿
2526,骨髓纤维化
2527,硬脑膜动静脉畸形
2528,抗体免疫缺陷病
2529,眼球后退综合征
2530,动脉栓塞
2531,老年人急性阑尾炎
2532,牙列稀疏
2533,开放性脑外伤
2534,输精管缺如
2535,急性硬脑膜外血肿
2536,骨炎
2537,小儿多动症
2538,肾上腺皮质功能减退症
2539,肌萎缩侧索硬化症
2540,妊娠合并重症肌无力
2541,玻璃体及视网膜脱离手术所致青光眼
2542,先天性纯红细胞再生障碍性贫血
2543,厥脱
2544,花粉过敏性哮喘
2545,小儿言语和语言障碍
2546,急性肾小管坏死
2547,免疫缺陷性肺炎
2548,神经梅毒
2549,溃疡病穿孔
2550,二期梅毒
2551,并发截瘫的脊柱结核
2552,睾丸女性化
2553,成人腹股沟斜疝
2554,睑内翻
2555,眼底血管样条纹
2556,外耳道真菌病
2557,梗阻性肾病
2558,脑痨
2559,多发性硬化
2560,胆囊类癌
2561,股骨头坏死
2562,老年人溶血性贫血
2563,书写痉挛
2564,酒渣鼻样结核疹
2565,肠癌
2566,运动诱发哮喘
2567,胸腔积液
2568,神经痛疾病
2569,听力障碍
2570,鼻血管瘤
2571,小儿抽动症
2572,脑干损伤
2573,淀粉样变
2574,色盲
2575,骨质增生
2576,肩-手综合征
2577,铜中毒引起的溶血性贫血
2578,尿道结核
2579,臂丛神经痛
2580,外阴皮肤脂溢性皮炎
2581,湿热痢
2582,进行性脊肌萎缩症
2583,月经不调
2584,精子增多症
2585,血厥
2586,神经性耳聋
2587,口形红细胞增多症
2588,视网膜后膜
2589,热带性出汗不良
2590,肺动静脉瘤
2591,外阴阴道性不孕
2592,中毒性眩晕
2593,恶性萎缩性丘疹病
2594,慢性化脓性中耳炎
2595,小儿高热惊厥
2596,分泌性中耳炎
2597,脑梗塞
2598,颅内肿瘤伴发的精神障碍
2599,肱骨外科颈骨折
2600,良性颅内高压症
2601,异源内分泌综合征
2602,疟疾
2603,高原红细胞增多症
2604,一氧化碳中毒后迟发性脑病
2605,趾间神经痛
2606,避孕后闭经综合征
2607,噫气
2608,心原性肝硬化
2609,小儿哮喘
2610,耳疮
2611,小儿晚发性维生素K缺乏病
2612,妊娠合并缺铁性贫血
2613,心血管疾病伴发的精神障碍
2614,回旋状脉络膜视网膜萎缩
2615,肝结核
2616,颌骨癌
2617,脾虚泄泻
2618,步态异常
2619,海绵窦血栓
2620,颞动脉炎
2621,脉络膜炎
2622,吞噬功能缺陷病
2623,肠胃炎
2624,先天性囊状腺样畸形
2625,自发性气胸
2626,老年人胆囊癌
2627,颌骨骨髓炎
2628,急性支气管炎
2629,妊娠高血压疾病
2630,慢性自律性房性心动过速
2631,皮肤发育不良
2632,小儿唐氏综合征
2633,乳房棘球蚴病
2634,鼠咬伤
2635,小儿急性支气管炎
2636,胰腺囊腺癌
2637,乳头状小汗腺腺瘤
2638,类固醇肌病
2639,纤维毛囊瘤
2640,银屑病
2641,小儿牙本质生长不全综合征
2642,肝肾综合征
2643,婴幼儿型内斜视
2644,妊娠性急性阑尾炎
2645,牙齿感觉过敏症
2646,营养性贫血
2647,灼性神经痛
2648,肺气虚
2649,小儿慢性肉芽肿病
2650,吩噻嗪类抗精神病药物中毒
2651,急性纵隔炎
2652,骨髓炎
2653,感染性肋软骨炎
2654,低钾血症
2655,耳真菌病
2656,晕厥
2657,恶性高血压
2658,神经源性角膜炎
2659,先天性食管闭锁
2660,外伤性乳房血肿
2661,Thygeson浅层点状角膜病变
2662,结核性胸膜炎
2663,肥胖症
2664,过敏性眼睑皮肤炎
2665,鼠螨叮咬
2666,臂丛神经损伤
2667,纵隔气肿
2668,眼眶假瘤
2669,低血压
2670,外阴肿瘤
2671,结节性血管炎
2672,半月板损伤
2673,黏膜白斑
2674,急性失血所致贫血
2675,眼眶脂肪肉瘤
2676,结肠息肉
2677,胫后神经损伤
2678,急性糜烂性胃炎
2679,胆囊炎
2680,强直性脊柱炎
2681,肠易激综合征
2682,特发性震颤
2683,肾功能不全
2684,心脏转移性恶性黑色素瘤
2685,直立性低血压
2686,生长激素释放抑制素瘤
2687,梅毒肾病
2688,颈椎半椎体畸形
2689,腹膜转移癌
2690,先天性毛细血管扩张性大理石样皮肤
2691,毒蛇咬伤
2692,喉上神经损伤
2693,微血管病性溶血性贫血
2694,股神经损伤
2695,肛门失禁
2696,小肠腺癌
2697,偏瘫
2698,双胎输血综合征
2699,全身性特发性毛细血管扩张症
2700,周期性内斜视
2701,短肠综合征
2702,遗传性球形红细胞增多症
2703,帕金森病性痴呆
2704,桡骨头骨折
2705,高血压肾病
2706,老年休克
2707,黄色瘤
2708,甲状腺功能正常的甲状腺肿大
2709,Brenneman综合征
2710,肺曲菌病
2711,心理障碍
2712,癫痫发作与癫痫综合征
2713,恐惧症
2714,弱视
2715,外阴表皮样囊肿
2716,屈光不正
2717,胫后神经痛
2718,脑血管病
2719,阵发性室上性心动过速
2720,瘀血头痛
2721,雷诺氏病
2722,小儿遗传性慢性进行性肾炎
2723,慢性阑尾炎
2724,肥大性脊椎炎
2725,软骨发育异常
2726,牙体缺损
2727,腹膜炎
2728,胰腺多肽瘤
2729,基底核钙化症
2730,暴露性角膜炎
2731,失眠
2732,痱
2733,足穿通性损害
2734,肺炎链球菌败血症
2735,百日咳
2736,张力性气胸
2737,痒性紫癜
2738,肠子宫内膜异位
2739,心包积液
2740,脓毒症
2741,急性肠系膜上动脉栓塞或血栓形成
2742,慢性脓胸
2743,脑膜转移瘤
2744,食管癌
2745,包茎
2746,急性脊髓炎
2747,高泌乳素血症
2748,阿米巴痢疾
2749,地霉菌病
2750,新生儿呼吸窘迫综合征
2751,抑郁症
2752,慢性喉炎
2753,脊髓肿瘤
2754,髋臼骨折
2755,弹响肩胛
2756,巨细胞病毒感染
2757,往来寒热
2758,周围神经损伤
2759,咽旁脓肿
2760,眼眶肿瘤
2761,眼眶黏液囊肿
2762,自律性房性心动过速
2763,老年人梅毒性心脏病
2764,脑蛛网膜下腔出血
2765,中暑痉挛
2766,网膜肿瘤
2767,小儿颅咽管瘤
2768,细菌性痢疾
2769,肾结核
2770,眶骨膜下脓肿
2771,胆管炎
2772,维生素B2缺乏病
2773,肛乳头炎
2774,甲减
2775,荨麻疹和血管性水肿
2776,面神经损伤
2777,急性细支气管炎
2778,脉络膜脱离
2779,乙脑
2780,阿-斯综合征
2781,胃癌
2782,胃溃疡
2783,老年人流行性感冒
2784,粒细胞缺乏症
2785,勒夫勒心内膜炎
2786,脑外伤伴发的精神障碍
2787,崩漏
2788,踝关节软骨损伤
2789,胃溃疡出血
2790,肺部钩虫病
2791,小儿肝炎再生障碍性贫血综合征
2792,小儿肾母细胞瘤
2793,血管周细胞瘤
2794,淋巴瘤
2795,散光
2796,耻骨炎
2797,原发性慢性闭角型青光眼
2798,甲状腺相关眼病
2799,头外伤
2800,糖原贮积病
2801,肿胀
2802,输卵管炎
2803,血管肉瘤
2804,进行性肥厚性间质性神经炎
2805,急性右侧心力衰竭
2806,真菌性角膜溃疡
2807,肘关节骨化肌炎
2808,鹅口疮
2809,急性乳腺炎
2810,肛管、直肠、结肠狭窄
2811,白大衣高血压
2812,水肿
2813,心肌桥
2814,慢性湿疹
2815,乳房纤维腺瘤
2816,无痛性甲状腺炎
2817,脑性瘫痪
2818,伤寒
2819,尿床
2820,牙折
2821,老年人肺栓塞
2822,斜颈
2823,角膜葡萄肿
2824,新生儿缺氧缺血性脑病
2825,滑膜炎
2826,剥脱综合征
2827,尿毒症性心包炎
2828,肺水肿
2829,颈椎病
2830,心血瘀阻
2831,白化病
2832,弥散性血管内凝血
2833,皮角
2834,小儿狂犬病
2835,淤积性皮炎
2836,低钠血症
2837,急性鼻炎
2838,水过多
2839,疤痕疙瘩
2840,偏执狂
2841,周围性软骨肉瘤
2842,脓肿
2843,外阴湿疹
2844,妊娠合并偏头痛
2845,伴有虹膜睫状体炎的继发性青光眼
2846,亚临床型克汀病
2847,膀胱与尿道结石
2848,急性颌下腺炎
2849,寰枢关节脱位
2850,睑缘炎
2851,急性输卵管炎
2852,巩膜炎
2853,小儿硬脑膜外血肿
2854,绝经后子宫内膜癌
2855,接触性荨麻疹
2856,颈淋巴结炎
2857,羊水与胎粪吸入综合征
2858,氨气中毒
2859,糖尿病心肌病
2860,喉返神经损伤
2861,肺炎性假瘤
2862,流行性斑疹伤寒
2863,幼年型慢性关节炎及其伴发的葡萄膜炎
2864,夜盲症
2865,消化不良
2866,膀胱炎
2867,小儿腹胀
2868,主动脉肠道瘘
2869,心脏横纹肌瘤
2870,小儿感冒
2871,先兆流产
2872,坐骨神经痛
2873,春季性结膜炎
2874,小儿细菌感染性口炎
2875,2型糖尿病
2876,老年眩晕
2877,桡骨远端骨折
2878,心肌缺血
2879,阴茎硬结症
2880,骨髓增生异常综合征
2881,小儿常染色体显性小脑性共济失调
2882,心肌梗塞并发左心室室壁瘤
2883,妊娠恶阻
2884,小儿脉络丛乳头状瘤
2885,代谢性碱中毒
2886,疟疾肾病
2887,动脉硬化性闭塞症
2888,急性咽炎
2889,胫骨髁骨折
2890,小儿慢性胰腺炎
2891,急性化脓性乳腺炎
2892,枕大神经痛
2893,侏儒症
2894,脑血栓形成
2895,继发性纵隔感染
2896,尿道炎
2897,精神病
2898,神经纤维瘤
2899,梅毒
2900,单纯红细胞再障性贫血
2901,习惯性流产
2902,药疹
2903,小儿亚急性甲状腺炎
2904,左束支传导阻滞
2905,肺动脉高压
2906,ARDS
2907,肾萎缩
2908,硬皮病
2909,黄体破裂
2910,积聚
2911,阴茎结核
2912,失用症
2913,睡眠呼吸暂停综合征
2914,肌腱炎和腱鞘炎
2915,慢性干燥性鼻炎
2916,肉芽肿性前列腺炎
2917,金黄色葡萄球菌性边缘性角膜炎
2918,尺骨干骨折
2919,男性更年期综合症
2920,盆腔炎症性不孕症
2921,虚寒泄泻
2922,眼眶寄生虫囊肿
2923,接合菌病
2924,精神分裂症
2925,先天性青光眼
2926,支气管扩张
2927,梅毒性关节炎
2928,小儿弓形腿综合征
2929,周期性动眼神经麻痹
2930,妊娠性心肌梗死
2931,休克
2932,性早熟
2933,梅毒性巩膜炎
2934,白果中毒
2935,结膜结核病
2936,性冷淡
2937,胃肠道外瘘
2938,类风湿性关节炎肾损害
2939,血清病
2940,皮肤病
2941,智力低下
2942,腺病毒感染
2943,霉菌性外阴炎
2944,微小度数斜视
2945,单心室
2946,爆裂性眼眶骨折
2947,皮肤炭疽
2948,先天性膀胱颈挛缩
2949,内分泌失调
2950,慢性筛窦炎
2951,肝炎
2952,虹膜新生血管
2953,前房积血
2954,糖尿病性神经病
2955,巴来特(Barrett)食管
2956,肛周湿疹
2957,中毒性肾病
2958,重症联合免疫缺陷
2959,颅内高压综合征
2960,匍行性血管瘤
2961,大肠湿热
2962,情感性心境障碍
2963,不孕症
2964,大脑大静脉瘤
2965,硬脑膜外脓肿
2966,心内膜炎
2967,智能障碍
2968,主动脉夹层
2969,妊娠合并消化性溃疡
2970,低镁血症
2971,食管息肉
2972,幼年型慢性粒细胞白血病
2973,糖尿病
2974,遗传性运动失调性多发性神经炎
2975,便血
2976,颌面部淋巴管瘤
2977,慢性宫颈炎
2978,骨化性肌炎
2979,心房颤动
2980,医源性多毛症
2981,糖尿病性视网膜病变
2982,眼部猪囊尾蚴病
2983,精原细胞瘤
2984,小儿肠病性肢端皮炎
2985,多发性肌炎
2986,鬼胎
2987,贫血
2988,花斑癣
2989,药物过敏
2990,脊柱侧凸
2991,头癣
2992,结膜充血
2993,噤口痢
2994,痴呆综合征
2995,小儿潮红综合征
2996,心律失常
2997,家庭高尚病
2998,梅毒性骨软骨炎
2999,老年人泌尿系统感染
3000,胃穿孔
3001,妊娠中毒症
3002,口腔炎
3003,混合型肾小管性酸中毒
3004,高血压病视网膜病变
3005,慢性颌下腺炎
3006,神经衰弱
3007,心肌梗塞并发二尖瓣关闭不全
3008,干眼症
3009,冠状动脉瘤
3010,老年人室性期前收缩
3011,新生儿呕吐
3012,晶状体膨胀所致青光眼
3013,棘间韧带损伤
3014,老人腹股沟斜疝
3015,小儿大动脉炎
3016,纯植物神经功能衰竭
3017,月经量多
3018,蜘蛛痣
3019,脓包疮
3020,呆小症
3021,妊娠瘙痒性荨麻疹性丘疹及斑块病
3022,脑室炎
3023,小儿硬脑膜外脓肿
3024,肺炎
3025,尿毒症昏迷
3026,胃肠疾病
3027,Leber遗传性视神经病变
3028,肠系膜动脉瘤
3029,痈
3030,前列腺癌
3031,急性心力衰竭
3032,露阴癖
3033,肺动脉口狭窄
3034,原发性青少年型青光眼
3035,结节性脂膜炎
3036,鳃裂瘘管
3037,新生儿迁延性胆汁淤积性黄疸
3038,老年便秘
3039,寒饮咳嗽
3040,胆管扩张症
3041,先天性主动脉缩窄
3042,面神经炎
3043,下颌后缩
3044,膀胱憩室
3045,新生儿胆红素脑病
3046,眼眶骨纤维异常增殖症
3047,慢性心功能不全
3048,多动症
3049,低血糖
3050,脐膨出-巨舌-巨体综合征
3051,伴有脂肪瘤样痣的褶皱皮肤
3052,突发性耳聋
3053,感冒
3054,足舟状骨骨软骨病
3055,不完全性肠梗阻
3056,复发性髌骨脱位
3057,周围动脉栓塞
3058,血栓闭塞性脉管炎
3059,股动脉损伤
3060,慢性输卵管炎
3061,常年性鼻炎
3062,肌张力障碍
3063,新生儿惊厥
3064,间歇性眼球突出症
3065,小儿硬化性胆管炎
3066,风热头痛
3067,风寒头痛
3068,胸主动脉瘤
3069,小儿金葡菌性烫伤样皮肤综合征
3070,小儿高热
3071,早产
3072,病毒性食管炎
3073,泪腺炎
3074,癫痫性精神障碍
3075,毛发上皮瘤
3076,眼眶非霍奇金恶性淋巴瘤
3077,脊髓缺血
3078,疼痛性眼肌麻痹
3079,恶性小汗腺螺旋腺瘤
3080,急性肾功能衰竭
3081,药物相关性免疫性溶血性贫血
3082,肺气肿
3083,低钾血症肾病
3084,胃平滑肌瘤
3085,克罗恩病
3086,脾大
3087,动脉硬化
3088,肩峰骨折
3089,慢性颈部软组织损伤
3090,髌骨骨软骨病
3091,心脏骤停与心肺脑复苏
3092,肩关节不稳定
3093,缺血性视盘病变
3094,慢性化脓性腮腺炎
3095,正中神经损伤
3096,无排卵型功血
3097,高分化鳞癌
3098,急性心功能不全
3099,膝关节半月板损伤
3100,胎粪吸入综合征
3101,褥疮
3102,乳腺增生
3103,肥疮
3104,闭经溢乳综合征
3105,血色病
3106,痔疮
3107,病毒性咽炎
3108,神昏
3109,后天性动静脉瘘
3110,慢性劳损性腰背痛
3111,高弓足
3112,菌血症
3113,根尖周病
3114,脓毒性休克
3115,黄斑囊样水肿
3116,性变态
3117,慢性肺炎
3118,低血糖症
3119,视神经乳头水肿及视盘水肿
3120,早期婴儿型癫痫性脑病
3121,小肠气痛
3122,急性腰扭伤
3123,小儿细菌性痢疾
3124,小儿原发性腹膜炎
3125,脑血栓
3126,风湿性关节炎
3127,颌骨囊肿
3128,新生儿水肿
3129,急性宫颈炎
3130,食管念珠菌感染
3131,慢性上颌窦炎
3132,中枢神经系统白血病
3133,淋巴细胞性脉络丛脑膜炎
3134,毛囊角化病
3135,原发性食管恶性黑色素瘤
3136,消化道出血
3137,原发性共同性内斜视
3138,慢性支气管炎
3139,耳膜穿孔
3140,脊髓型颈椎病
3141,小儿再发性呕吐
3142,急性肠胃炎
3143,心肌病
3144,小儿脓胸
3145,小儿慢性支气管炎
3146,肱二头肌长头腱鞘炎
3147,三尖瓣闭锁不全
3148,小儿腓骨肌萎缩症
3149,椎动脉型颈椎病
3150,喉癌
3151,眼部毛细血管瘤
3152,慢性肺源性心脏病
3153,周围神经炎
3154,锑中毒
3155,胸膜炎
3156,胃内异物
3157,眼外肌病及弱视
3158,胃炎
3159,肌病
3160,颌下间隙感染
3161,踝关节脱位
3162,胎儿窘迫
3163,慢性乳突炎
3164,老年人假膜性小肠结肠炎
3165,夏季低热
3166,假斑秃
3167,棘阿米巴性角膜炎
3168,水痘性角膜炎
3169,胎粪性便秘
3170,致心律失常性右室心肌病
3171,小儿骨软骨瘤
3172,二氧化氮中毒
3173,生殖器疱疹
3174,全葡萄膜炎
3175,泌尿道肿瘤皮肤转移
3176,心脏乳头样弹性纤维瘤
3177,牙周病
3178,颅内低压综合征
3179,老年人急性左心衰竭
3180,喉痹
3181,脑动脉硬化症
3182,放射性肺炎
3183,药物性呼吸衰竭
3184,先天性心脏病
3185,急性出血性坏死性肠炎
3186,颈动脉海绵窦瘘
3187,骨的原发性淋巴瘤
3188,肠系膜肿瘤
3189,青春期发育迟缓
3190,子宫破裂
3191,感染性疾病所致贫血
3192,老年人肝性脑病
3193,肠套叠
3194,脐带脱垂
3195,胸壁软组织肿瘤
3196,柞蚕蛹脑病
3197,急性风湿热肾损害
3198,植物神经功能紊乱
3199,尿崩症
3200,子宫内膜炎
